===================================================
Executing: chgrp/basic
Sandbox Path: /tests/chgrp/basic
===================================================
tests/test-lib.sh: line 53: 9: Bad file descriptor
/tests/chgrp/basic: skipping test: requires membership in two groups
this test requires that you be a member of more than one group,
but running `id -G' either failed or found just one.  If you really
are a member of at least two groups, then rerun this test with
COREUTILS_GROUPS set in your environment to the space-separated list
of group names or numbers.  E.g.,

  env COREUTILS_GROUPS=users cdrom make check


===================================================
Result: /tests/chgrp/basic [[33mSKIP[0m] (Exit 77)
===================================================
Executing: chgrp/default-no-deref
Sandbox Path: /tests/chgrp/default-no-deref
===================================================
tests/test-lib.sh: line 53: 9: Bad file descriptor
/tests/chgrp/default-no-deref: skipping test: requires membership in two groups
this test requires that you be a member of more than one group,
but running `id -G' either failed or found just one.  If you really
are a member of at least two groups, then rerun this test with
COREUTILS_GROUPS set in your environment to the space-separated list
of group names or numbers.  E.g.,

  env COREUTILS_GROUPS=users cdrom make check


===================================================
Result: /tests/chgrp/default-no-deref [[33mSKIP[0m] (Exit 77)
===================================================
Executing: chgrp/deref
Sandbox Path: /tests/chgrp/deref
===================================================
tests/test-lib.sh: line 53: 9: Bad file descriptor
/tests/chgrp/deref: skipping test: requires membership in two groups
this test requires that you be a member of more than one group,
but running `id -G' either failed or found just one.  If you really
are a member of at least two groups, then rerun this test with
COREUTILS_GROUPS set in your environment to the space-separated list
of group names or numbers.  E.g.,

  env COREUTILS_GROUPS=users cdrom make check


===================================================
Result: /tests/chgrp/deref [[33mSKIP[0m] (Exit 77)
===================================================
Executing: chgrp/no-x
Sandbox Path: /tests/chgrp/no-x
===================================================
tests/test-lib.sh: line 53: 9: Bad file descriptor
/tests/chgrp/no-x: skipping test: requires membership in two groups
this test requires that you be a member of more than one group,
but running `id -G' either failed or found just one.  If you really
are a member of at least two groups, then rerun this test with
COREUTILS_GROUPS set in your environment to the space-separated list
of group names or numbers.  E.g.,

  env COREUTILS_GROUPS=users cdrom make check


===================================================
Result: /tests/chgrp/no-x [[33mSKIP[0m] (Exit 77)
===================================================
Executing: chgrp/posix-H
Sandbox Path: /tests/chgrp/posix-H
===================================================
tests/test-lib.sh: line 53: 9: Bad file descriptor
/tests/chgrp/posix-H: skipping test: requires membership in two groups
this test requires that you be a member of more than one group,
but running `id -G' either failed or found just one.  If you really
are a member of at least two groups, then rerun this test with
COREUTILS_GROUPS set in your environment to the space-separated list
of group names or numbers.  E.g.,

  env COREUTILS_GROUPS=users cdrom make check


===================================================
Result: /tests/chgrp/posix-H [[33mSKIP[0m] (Exit 77)
===================================================
Executing: chgrp/recurse
Sandbox Path: /tests/chgrp/recurse
===================================================
tests/test-lib.sh: line 53: 9: Bad file descriptor
/tests/chgrp/recurse: skipping test: requires membership in two groups
this test requires that you be a member of more than one group,
but running `id -G' either failed or found just one.  If you really
are a member of at least two groups, then rerun this test with
COREUTILS_GROUPS set in your environment to the space-separated list
of group names or numbers.  E.g.,

  env COREUTILS_GROUPS=users cdrom make check


===================================================
Result: /tests/chgrp/recurse [[33mSKIP[0m] (Exit 77)
===================================================
Executing: chmod/c-option
Sandbox Path: /tests/chmod/c-option
===================================================
tests/test-lib.sh: line 53: 9: Bad file descriptor
/tests/chmod/c-option: skipping test: this directory has the setgid bit set
===================================================
Result: /tests/chmod/c-option [[33mSKIP[0m] (Exit 77)
===================================================
Executing: chmod/equal-x
Sandbox Path: /tests/chmod/equal-x
===================================================
after `chmod =x f':
---------- 1 root root 0 Jan  1  1970 f
after `chmod =xX f':
---------- 1 root root 0 Jan  1  1970 f
after `chmod =Xx f':
---------- 1 root root 0 Jan  1  1970 f
after `chmod =x,=X f':
---------- 1 root root 0 Jan  1  1970 f
after `chmod =X,=x f':
---------- 1 root root 0 Jan  1  1970 f
===================================================
Result: [[31mFAIL[0m] (Exit 1)
===================================================
Executing: chmod/equals
Sandbox Path: /tests/chmod/equals
===================================================
===================================================
Result: [[31mFAIL[0m] (Exit 1)
===================================================
Executing: chmod/inaccessible
Sandbox Path: /tests/chmod/inaccessible
===================================================
===================================================
Result: /tests/chmod/inaccessible [[32mPASS[0m] (Exit 0)
===================================================
Executing: chmod/no-x
Sandbox Path: /tests/chmod/no-x
===================================================
tests/test-lib.sh: line 53: 9: Bad file descriptor
/tests/chmod/no-x: skipping test: must be run as non-root
===================================================
Result: /tests/chmod/no-x [[33mSKIP[0m] (Exit 77)
===================================================
Executing: chmod/octal
Sandbox Path: /tests/chmod/octal
===================================================
===================================================
Result: /tests/chmod/octal [[32mPASS[0m] (Exit 0)
===================================================
Executing: chmod/setgid
Sandbox Path: /tests/chmod/setgid
===================================================
/bin/env: test: Operation not permitted
/bin/env: test: Operation not permitted
tests/test-lib.sh: line 53: 9: Bad file descriptor
/tests/chmod/setgid: skipping test: cannot create setgid directories
===================================================
Result: /tests/chmod/setgid [[33mSKIP[0m] (Exit 77)
===================================================
Executing: chmod/silent
Sandbox Path: /tests/chmod/silent
===================================================
===================================================
Result: /tests/chmod/silent [[32mPASS[0m] (Exit 0)
===================================================
Executing: chmod/thru-dangling
Sandbox Path: /tests/chmod/thru-dangling
===================================================
--- /tmp/_lind_cmp_a.3	1970-01-01 00:00:00.000000000 +0000
+++ /tmp/_lind_cmp_b.3	1970-01-01 00:00:00.000000000 +0000
@@ -1 +1 @@
-chmod: cannot access `dangle': No such file or directory
+chmod: cannot operate on dangling symlink `dangle'
/bin/chmod: cannot access `/tmp/cu-thru-dangling.hSvtEG5kGp/dangle': No such file or directory
===================================================
Result: [[31mFAIL[0m] (Exit 1)
===================================================
Executing: chmod/umask-x
Sandbox Path: /tests/chmod/umask-x
===================================================
===================================================
Result: /tests/chmod/umask-x [[32mPASS[0m] (Exit 0)
===================================================
Executing: chmod/usage
Sandbox Path: /tests/chmod/usage
===================================================
/bin/chmod: --: new permissions are rw-rw-rw-, not r--r--r--
/bin/chmod: f: new permissions are rw-rw-rw-, not r--r--r--
/bin/chmod: -w: new permissions are rw-rw-rw-, not r--r--r--
/bin/chmod: f: new permissions are rw-rw-rw-, not r--r--r--
/bin/chmod: f: new permissions are rw-rw-rw-, not r--r--r--
/bin/chmod: f: new permissions are rw-rw-rw-, not r--r--r--
/bin/chmod: f: new permissions are rw-rw-rw-, not r--r--r--
/bin/chmod: f: new permissions are rw-rw-rw-, not r--r--r--
/bin/chmod: f: new permissions are rw-rw-rw-, not r--r--r--
/bin/chmod: f: new permissions are rw-rw-rw-, not r--r--r--
===================================================
Result: [[31mFAIL[0m] (Exit 1)
===================================================
Executing: chown/basic
Sandbox Path: /tests/chown/basic
===================================================
===================================================
Result: [[31mFAIL[0m] (Exit 1)
===================================================
Executing: chown/deref
Sandbox Path: /tests/chown/deref
===================================================
/bin/ls: cannot access dangle: No such file or directory
--- /tmp/_lind_cmp_a.3	1970-01-01 00:00:00.000000000 +0000
+++ /tmp/_lind_cmp_b.3	1970-01-01 00:00:00.000000000 +0000
@@ -1,2 +1 @@
-/bin/chown
-Try `chown --help' for more information.
+chown: cannot dereference `dangle'
/bin/chmod: cannot access `/tmp/cu-deref.1YVynwZqIn/dangle': No such file or directory
===================================================
Result: [[31mFAIL[0m] (Exit 1)
===================================================
Executing: chown/preserve-root
Sandbox Path: /tests/chown/preserve-root
===================================================
tests/test-lib.sh: line 53: 9: Bad file descriptor
/tests/chown/preserve-root: skipping test: must be run as non-root
===================================================
Result: /tests/chown/preserve-root [[33mSKIP[0m] (Exit 77)
===================================================
Executing: chown/separator
Sandbox Path: /tests/chown/separator
===================================================
===================================================
Result: /tests/chown/separator [[32mPASS[0m] (Exit 0)
===================================================
Executing: cp/abuse
Sandbox Path: /tests/cp/abuse
===================================================
--- /tmp/_lind_cmp_a.3	1970-01-01 00:00:00.000000000 +0000
+++ /tmp/_lind_cmp_b.3	1970-01-01 00:00:00.000000000 +0000
@@ -1 +1 @@
-cp: cannot stat `a/1': No such file or directory
+cp: will not copy `b/1' through just-created symlink `c/1'
--- /tmp/_lind_cmp_a.3	1970-01-01 00:00:00.000000000 +0000
+++ /tmp/_lind_cmp_b.3	1970-01-01 00:00:00.000000000 +0000
@@ -1 +1 @@
-cp: will not overwrite just-created `c/1' with `b/1'
+cp: will not copy `b/1' through just-created symlink `c/1'
===================================================
Result: [[31mFAIL[0m] (Exit 1)
===================================================
Executing: cp/acl
Sandbox Path: /tests/cp/acl
===================================================
tests/test-lib.sh: line 53: 9: Bad file descriptor
/tests/cp/acl: skipping test: This test requires getfacl and setfacl.
===================================================
Result: /tests/cp/acl [[33mSKIP[0m] (Exit 77)
===================================================
Executing: cp/backup-1
Sandbox Path: /tests/cp/backup-1
===================================================
tests/test-lib.sh: line 431: 11: Bad file descriptor
/usr/local/bin/diff: standard output: Bad file descriptor
===================================================
Result: [[31mFAIL[0m] (Exit 1)
===================================================
Executing: cp/backup-dir
Sandbox Path: /tests/cp/backup-dir
===================================================
===================================================
Result: /tests/cp/backup-dir [[32mPASS[0m] (Exit 0)
===================================================
Executing: cp/backup-is-src
Sandbox Path: /tests/cp/backup-is-src
===================================================
===================================================
Result: /tests/cp/backup-is-src [[32mPASS[0m] (Exit 0)
===================================================
Executing: cp/cp-HL
Sandbox Path: /tests/cp/cp-HL
===================================================
/bin/cp: cannot stat `src-dir/slink': No such file or directory
/bin/chmod: cannot access `/tmp/cu-cp-HL.oZ35H061HV/src-dir/slink': No such file or directory
===================================================
Result: [[31mFAIL[0m] (Exit 1)
===================================================
Executing: cp/cp-a-selinux
Sandbox Path: /tests/cp/cp-a-selinux
===================================================
tests/test-lib.sh: line 53: 9: Bad file descriptor
/tests/cp/cp-a-selinux: skipping test: this system (or maybe just the current file system) lacks SELinux support
===================================================
Result: /tests/cp/cp-a-selinux [[33mSKIP[0m] (Exit 77)
===================================================
Executing: cp/cp-deref
Sandbox Path: /tests/cp/cp-deref
===================================================
===================================================
Result: /tests/cp/cp-deref [[32mPASS[0m] (Exit 0)
===================================================
Executing: cp/cp-i
Sandbox Path: /tests/cp/cp-i
===================================================
===================================================
Result: [[31mFAIL[0m] (Exit 1)
===================================================
Executing: cp/cp-mv-backup
Sandbox Path: /tests/cp/cp-mv-backup
===================================================
===================================================
Result: /tests/cp/cp-mv-backup [[32mPASS[0m] (Exit 0)
===================================================
Executing: cp/cp-mv-enotsup-xattr
Sandbox Path: /tests/cp/cp-mv-enotsup-xattr
===================================================
/tests/cp/cp-mv-enotsup-xattr: line 38: mkfs: command not found
tests/test-lib.sh: line 53: 9: Bad file descriptor
/tests/cp/cp-mv-enotsup-xattr: skipping test: failed to create ext2 file system
/tests/cp/cp-mv-enotsup-xattr: line 31: umount: command not found
===================================================
Result: /tests/cp/cp-mv-enotsup-xattr [[33mSKIP[0m] (Exit 77)
===================================================
Executing: cp/cp-parents
Sandbox Path: /tests/cp/cp-parents
===================================================
tests/test-lib.sh: line 53: 9: Bad file descriptor
/tests/cp/cp-parents: skipping test: this directory has the setgid bit set
===================================================
Result: /tests/cp/cp-parents [[33mSKIP[0m] (Exit 77)
===================================================
Executing: cp/deref-slink
Sandbox Path: /tests/cp/deref-slink
===================================================
===================================================
Result: /tests/cp/deref-slink [[32mPASS[0m] (Exit 0)
===================================================
Executing: cp/dir-rm-dest
Sandbox Path: /tests/cp/dir-rm-dest
===================================================
===================================================
Result: /tests/cp/dir-rm-dest [[32mPASS[0m] (Exit 0)
===================================================
Executing: cp/dir-slash
Sandbox Path: /tests/cp/dir-slash
===================================================
===================================================
Result: /tests/cp/dir-slash [[32mPASS[0m] (Exit 0)
===================================================
Executing: cp/dir-vs-file
Sandbox Path: /tests/cp/dir-vs-file
===================================================
===================================================
Result: /tests/cp/dir-vs-file [[32mPASS[0m] (Exit 0)
===================================================
Executing: cp/existing-perm-race
Sandbox Path: /tests/cp/existing-perm-race
===================================================
tests/test-lib.sh: line 53: 9: Bad file descriptor
/tests/cp/existing-perm-race: skipping test: requires membership in two groups
this test requires that you be a member of more than one group,
but running `id -G' either failed or found just one.  If you really
are a member of at least two groups, then rerun this test with
COREUTILS_GROUPS set in your environment to the space-separated list
of group names or numbers.  E.g.,

  env COREUTILS_GROUPS=users cdrom make check


===================================================
Result: /tests/cp/existing-perm-race [[33mSKIP[0m] (Exit 77)
===================================================
Executing: cp/fail-perm
Sandbox Path: /tests/cp/fail-perm
===================================================
tests/test-lib.sh: line 53: 9: Bad file descriptor
/tests/cp/fail-perm: skipping test: must be run as non-root
===================================================
Result: /tests/cp/fail-perm [[33mSKIP[0m] (Exit 77)
===================================================
Executing: cp/file-perm-race
Sandbox Path: /tests/cp/file-perm-race
===================================================
/bin/cp: reading `fifo': Bad file descriptor
/tests/cp/file-perm-race: line 48: echo: write error: Bad file descriptor
===================================================
Result: [[31mFAIL[0m] (Exit 1)
===================================================
Executing: cp/into-self
Sandbox Path: /tests/cp/into-self
===================================================
===================================================
Result: /tests/cp/into-self [[32mPASS[0m] (Exit 0)
===================================================
Executing: cp/link
Sandbox Path: /tests/cp/link
===================================================
===================================================
Result: /tests/cp/link [[32mPASS[0m] (Exit 0)
===================================================
Executing: cp/link-heap
Sandbox Path: /tests/cp/link-heap
===================================================
tests/test-lib.sh: line 53: 9: Bad file descriptor
/tests/cp/link-heap: skipping test: expensive: disabled by default
This test is relatively expensive, so it is disabled by default.
To run it anyway, rerun make check with the RUN_EXPENSIVE_TESTS
environment variable set to yes.  E.g.,

  env RUN_EXPENSIVE_TESTS=yes make check

===================================================
Result: /tests/cp/link-heap [[33mSKIP[0m] (Exit 77)
===================================================
Executing: cp/link-no-deref
Sandbox Path: /tests/cp/link-no-deref
===================================================
/bin/cp: cannot stat `dangling-slink': No such file or directory
/bin/chmod: cannot access `/tmp/cu-link-no-deref.bHsTNJ6iR3/dangling-slink': No such file or directory
===================================================
Result: [[31mFAIL[0m] (Exit 1)
===================================================
Executing: cp/link-preserve
Sandbox Path: /tests/cp/link-preserve
===================================================
===================================================
Result: /tests/cp/link-preserve [[32mPASS[0m] (Exit 0)
===================================================
Executing: cp/no-deref-link1
Sandbox Path: /tests/cp/no-deref-link1
===================================================
===================================================
Result: /tests/cp/no-deref-link1 [[32mPASS[0m] (Exit 0)
===================================================
Executing: cp/no-deref-link2
Sandbox Path: /tests/cp/no-deref-link2
===================================================
===================================================
Result: /tests/cp/no-deref-link2 [[32mPASS[0m] (Exit 0)
===================================================
Executing: cp/no-deref-link3
Sandbox Path: /tests/cp/no-deref-link3
===================================================
===================================================
Result: /tests/cp/no-deref-link3 [[32mPASS[0m] (Exit 0)
===================================================
Executing: cp/parent-perm
Sandbox Path: /tests/cp/parent-perm
===================================================
/bin/cp: setting permissions for `e/a': Invalid argument
/tests/cp/parent-perm: failure in testing framework
===================================================
Result: [[31mFAIL[0m] (Exit 1)
===================================================
Executing: cp/parent-perm-race
Sandbox Path: /tests/cp/parent-perm-race
===================================================
/bin/cp: reading `mode/fifo': Bad file descriptor
/tests/cp/parent-perm-race: line 50: echo: write error: Bad file descriptor
/bin/cp: reading `ownership/fifo': Bad file descriptor
/tests/cp/parent-perm-race: line 50: echo: write error: Bad file descriptor
===================================================
Result: [[31mFAIL[0m] (Exit 1)
===================================================
Executing: cp/perm
Sandbox Path: /tests/cp/perm
===================================================
tests/test-lib.sh: line 53: 9: Bad file descriptor
/tests/cp/perm: skipping test: very expensive: disabled by default
This test is very expensive, so it is disabled by default.
To run it anyway, rerun make check with the RUN_VERY_EXPENSIVE_TESTS
environment variable set to yes.  E.g.,

  env RUN_VERY_EXPENSIVE_TESTS=yes make check

===================================================
Result: /tests/cp/perm [[33mSKIP[0m] (Exit 77)
===================================================
Executing: cp/preserve-2
Sandbox Path: /tests/cp/preserve-2
===================================================
===================================================
Result: /tests/cp/preserve-2 [[32mPASS[0m] (Exit 0)
===================================================
Executing: cp/preserve-gid
Sandbox Path: /tests/cp/preserve-gid
===================================================
/tests/cp/preserve-gid: line 66: -le: command not found
/tests/cp/preserve-gid: line 67: -le: command not found
/tests/cp/preserve-gid: line 68: -le: command not found
tests/test-lib.sh: line 53: 9: Bad file descriptor
/tests/cp/preserve-gid: skipping test: couldn't find a nameless UID or GID
===================================================
Result: /tests/cp/preserve-gid [[33mSKIP[0m] (Exit 77)
===================================================
Executing: cp/preserve-slink-time
Sandbox Path: /tests/cp/preserve-slink-time
===================================================
: /lib/config.h: No such file or directory
: /lib/config.h: No such file or directory
tests/test-lib.sh: line 53: 9: Bad file descriptor
/tests/cp/preserve-slink-time: skipping test: this system lacks the utimensat function
===================================================
Result: /tests/cp/preserve-slink-time [[33mSKIP[0m] (Exit 77)
===================================================
Executing: cp/proc-short-read
Sandbox Path: /tests/cp/proc-short-read
===================================================
tests/test-lib.sh: line 53: 9: Bad file descriptor
/tests/cp/proc-short-read: skipping test: your system lacks /proc/kallsyms
===================================================
Result: /tests/cp/proc-short-read [[33mSKIP[0m] (Exit 77)
===================================================
Executing: cp/proc-zero-len
Sandbox Path: /tests/cp/proc-zero-len
===================================================
===================================================
Result: /tests/cp/proc-zero-len [[32mPASS[0m] (Exit 0)
===================================================
Executing: cp/r-vs-symlink
Sandbox Path: /tests/cp/r-vs-symlink
===================================================
/bin/chmod: cannot access `/tmp/cu-r-vs-symlink.hlxbrcW8lp/no-file': No such file or directory
===================================================
Result: [[31mFAIL[0m] (Exit 1)
===================================================
Executing: cp/reflink-auto
Sandbox Path: /tests/cp/reflink-auto
===================================================
tests/test-lib.sh: line 53: 9: Bad file descriptor
/tests/cp/reflink-auto: skipping test: requires a writable directory on a different disk partition,
and I couldn't find one.  I tried these:
   /tmp /dev/shm /var/tmp /usr/tmp 
Set your environment variable CANDIDATE_TMP_DIRS to make
this test use a different list.
/bin/rm: it is dangerous to operate recursively on `' (same as `/')
/bin/rm: use --no-preserve-root to override this failsafe
===================================================
Result: /tests/cp/reflink-auto [[33mSKIP[0m] (Exit 77)
===================================================
Executing: cp/reflink-perm
Sandbox Path: /tests/cp/reflink-perm
===================================================
tests/test-lib.sh: line 53: 9: Bad file descriptor
/tests/cp/reflink-perm: skipping test: The system clock is wrong
===================================================
Result: /tests/cp/reflink-perm [[33mSKIP[0m] (Exit 77)
===================================================
Executing: cp/same-file
Sandbox Path: /tests/cp/same-file
===================================================
--- /tmp/_lind_cmp_a.3	1970-01-01 00:00:00.000000000 +0000
+++ /tmp/_lind_cmp_b.3	1970-01-01 00:00:00.000000000 +0000
@@ -1,35 +1,35 @@
-1 [cp: `foo' and `symlink' are the same file] (foo symlink -> foo)
-1 -d [cp: `foo' and `symlink' are the same file] (foo symlink -> foo)
-1 -f [cp: `foo' and `symlink' are the same file] (foo symlink -> foo)
-1 -df [cp: `foo' and `symlink' are the same file] (foo symlink -> foo)
-0 --rem (foo symlink)
-0 -b (foo symlink symlink.~1~ -> foo)
-0 -bd (foo symlink symlink.~1~ -> foo)
-0 -bf (foo symlink symlink.~1~ -> foo)
-0 -bdf (foo symlink symlink.~1~ -> foo)
-1 -l [cp: cannot create link `symlink'] (foo symlink -> foo)
-0 -dl (foo symlink -> foo)
+1 [cp: `foo' and `symlink' are the same file] (foo symlink)
+1 -d [cp: `foo' and `symlink' are the same file] (foo symlink)
+1 -f [cp: `foo' and `symlink' are the same file] (foo symlink)
+1 -df [cp: `foo' and `symlink' are the same file] (foo symlink)
+1 --rem [cp: `foo' and `symlink' are the same file] (foo symlink)
+0 -b (foo symlink symlink.~1~)
+0 -bd (foo symlink symlink.~1~)
+0 -bf (foo symlink symlink.~1~)
+0 -bdf (foo symlink symlink.~1~)
+0 -l (foo symlink)
+0 -dl (foo symlink)
 0 -fl (foo symlink)
 0 -dfl (foo symlink)
-0 -bl (foo symlink symlink.~1~ -> foo)
-0 -bdl (foo symlink symlink.~1~ -> foo)
-0 -bfl (foo symlink symlink.~1~ -> foo)
-0 -bdfl (foo symlink symlink.~1~ -> foo)
+0 -bl (foo symlink)
+0 -bdl (foo symlink)
+0 -bfl (foo symlink)
+0 -bdfl (foo symlink)
 
-1 [cp: `symlink' and `foo' are the same file] (foo symlink -> foo)
-1 -d [cp: `symlink' and `foo' are the same file] (foo symlink -> foo)
-1 -f [cp: `symlink' and `foo' are the same file] (foo symlink -> foo)
-1 -df [cp: `symlink' and `foo' are the same file] (foo symlink -> foo)
-1 --rem [cp: `symlink' and `foo' are the same file] (foo symlink -> foo)
-1 -b [cp: `symlink' and `foo' are the same file] (foo symlink -> foo)
-0 -bd (foo -> foo foo.~1~ symlink -> foo) symlink-loop symlink-loop
-1 -bf [cp: `symlink' and `foo' are the same file] (foo symlink -> foo)
-0 -bdf (foo -> foo foo.~1~ symlink -> foo) symlink-loop symlink-loop
-0 -l (foo symlink -> foo)
-0 -dl (foo symlink -> foo)
-0 -fl (foo symlink -> foo)
-0 -bl (foo symlink -> foo)
-0 -bfl (foo symlink -> foo)
+1 [cp: `symlink' and `foo' are the same file] (foo symlink)
+1 -d [cp: `symlink' and `foo' are the same file] (foo symlink)
+1 -f [cp: `symlink' and `foo' are the same file] (foo symlink)
+1 -df [cp: `symlink' and `foo' are the same file] (foo symlink)
+1 --rem [cp: `symlink' and `foo' are the same file] (foo symlink)
+1 -b [cp: cannot open `symlink' for reading] (foo symlink)
+1 -bd [cp: cannot open `symlink' for reading] (foo symlink)
+1 -bf [cp: cannot open `symlink' for reading] (foo symlink)
+1 -bdf [cp: cannot open `symlink' for reading] (foo symlink)
+0 -l (foo symlink)
+0 -dl (foo symlink)
+0 -fl (foo symlink)
+0 -bl (foo symlink)
+0 -bfl (foo symlink)
 
 1 [cp: `foo' and `foo' are the same file] (foo)
 1 -d [cp: `foo' and `foo' are the same file] (foo)
@@ -49,16 +49,16 @@
 0 -bfl (foo foo.~1~)
 0 -bdfl (foo foo.~1~)
 
-1 [cp: `sl1' and `sl2' are the same file] (foo sl1 -> foo sl2 -> foo)
-0 -d (foo sl1 -> foo sl2 -> foo)
-1 -f [cp: `sl1' and `sl2' are the same file] (foo sl1 -> foo sl2 -> foo)
-0 -df (foo sl1 -> foo sl2 -> foo)
-0 --rem (foo sl1 -> foo sl2)
-0 -b (foo sl1 -> foo sl2 sl2.~1~ -> foo)
-0 -bd (foo sl1 -> foo sl2 -> foo sl2.~1~ -> foo)
-0 -bf (foo sl1 -> foo sl2 sl2.~1~ -> foo)
-0 -bdf (foo sl1 -> foo sl2 -> foo sl2.~1~ -> foo)
-1 -l [cp: cannot create link `sl2'] (foo sl1 -> foo sl2 -> foo)
+1 [cp: `sl1' and `sl2' are the same file] (foo sl1 sl2)
+1 -d [cp: `sl1' and `sl2' are the same file] (foo sl1 sl2)
+1 -f [cp: `sl1' and `sl2' are the same file] (foo sl1 sl2)
+1 -df [cp: `sl1' and `sl2' are the same file] (foo sl1 sl2)
+1 --rem [cp: `sl1' and `sl2' are the same file] (foo sl1 sl2)
+0 -b (foo sl1 sl2 sl2.~1~)
+0 -bd (foo sl1 sl2 sl2.~1~)
+0 -bf (foo sl1 sl2 sl2.~1~)
+0 -bdf (foo sl1 sl2 sl2.~1~)
+0 -l (foo sl1 sl2)
 
 1 [cp: `foo' and `hardlink' are the same file] (foo hardlink)
 1 -d [cp: `foo' and `hardlink' are the same file] (foo hardlink)
===================================================
Result: [[31mFAIL[0m] (Exit 1)
===================================================
Executing: cp/slink-2-slink
Sandbox Path: /tests/cp/slink-2-slink
===================================================
/bin/cp: `a' and `b' are the same file
/bin/cp: cannot stat `c': No such file or directory
/bin/chmod: cannot access `/tmp/cu-slink-2-slink.VefwIa7wQi/c': No such file or directory
/bin/chmod: cannot access `/tmp/cu-slink-2-slink.VefwIa7wQi/d': No such file or directory
===================================================
Result: [[31mFAIL[0m] (Exit 1)
===================================================
Executing: cp/sparse
Sandbox Path: /tests/cp/sparse
===================================================
tests/test-lib.sh: line 53: 9: Bad file descriptor
/tests/cp/sparse: skipping test: this file system does not support sparse files
===================================================
Result: /tests/cp/sparse [[33mSKIP[0m] (Exit 77)
===================================================
Executing: cp/special-bits
Sandbox Path: /tests/cp/special-bits
===================================================
/bin/setuidgid: failed to set supplemental group(s)
/bin/ls: cannot access c2: No such file or directory
/tests/cp/special-bits: line 52: test: -r-xr-xr--: unary operator expected
===================================================
Result: [[31mFAIL[0m] (Exit 1)
===================================================
Executing: cp/special-f
Sandbox Path: /tests/cp/special-f
===================================================
===================================================
Result: /tests/cp/special-f [[32mPASS[0m] (Exit 0)
===================================================
Executing: cp/src-base-dot
Sandbox Path: /tests/cp/src-base-dot
===================================================
===================================================
Result: /tests/cp/src-base-dot [[32mPASS[0m] (Exit 0)
===================================================
Executing: cp/symlink-slash
Sandbox Path: /tests/cp/symlink-slash
===================================================
===================================================
Result: /tests/cp/symlink-slash [[32mPASS[0m] (Exit 0)
===================================================
Executing: cp/thru-dangling
Sandbox Path: /tests/cp/thru-dangling
===================================================
--- /tmp/_lind_cmp_a.3	1970-01-01 00:00:00.000000000 +0000
+++ /tmp/_lind_cmp_b.3	1970-01-01 00:00:00.000000000 +0000
@@ -0,0 +1 @@
+cp: not writing through dangling symlink `dangle'
/bin/cat: no-such: No such file or directory
--- /tmp/_lind_cmp_a.3	1970-01-01 00:00:00.000000000 +0000
+++ /tmp/_lind_cmp_b.3	1970-01-01 00:00:00.000000000 +0000
@@ -1 +1 @@
-env: cp: Operation not permitted
+hi
/bin/chmod: cannot access `/tmp/cu-thru-dangling.uo6nVbRSGX/dangle': No such file or directory
/bin/chmod: cannot access `/tmp/cu-thru-dangling.uo6nVbRSGX/dangle': No such file or directory
===================================================
Result: [[31mFAIL[0m] (Exit 1)
Test dd/direct is in the skip list. Skipping...
===================================================
Executing: dd/misc
Sandbox Path: /tests/dd/misc
===================================================
--- /tmp/_lind_cmp_a.3	1970-01-01 00:00:00.000000000 +0000
+++ /tmp/_lind_cmp_b.3	1970-01-01 00:00:00.000000000 +0000
@@ -1,2 +0,0 @@
-a
-b
--- /tmp/_lind_cmp_a.3	1970-01-01 00:00:00.000000000 +0000
+++ /tmp/_lind_cmp_b.3	1970-01-01 00:00:00.000000000 +0000
@@ -1,2 +1 @@
-1+0 records in
-1+0 records out
+env: dd: Operation not permitted
===================================================
Result: [[31mFAIL[0m] (Exit 1)
===================================================
Executing: dd/not-rewound
Sandbox Path: /tests/dd/not-rewound
===================================================
===================================================
Result: /tests/dd/not-rewound [[32mPASS[0m] (Exit 0)
===================================================
Executing: dd/reblock
Sandbox Path: /tests/dd/reblock
===================================================
/tests/dd/reblock: line 50: printf: write error: Bad file descriptor
/tests/dd/reblock: line 50: printf: write error: Bad file descriptor
--- /tmp/_lind_cmp_a.3	1970-01-01 00:00:00.000000000 +0000
+++ /tmp/_lind_cmp_b.3	1970-01-01 00:00:00.000000000 +0000
@@ -1,4 +1,3 @@
-dd: reading `dd.fifo': Bad file descriptor
-0+0 records in
-0+0 records out
-0 bytes (0 B) copied
+0+2 records in
+1+1 records out
+4 bytes (4 B) copied
/tests/dd/reblock: line 57: printf: write error: Bad file descriptor
/tests/dd/reblock: line 57: printf: write error: Bad file descriptor
--- /tmp/_lind_cmp_a.3	1970-01-01 00:00:00.000000000 +0000
+++ /tmp/_lind_cmp_b.3	1970-01-01 00:00:00.000000000 +0000
@@ -1,4 +1,3 @@
-dd: reading `dd.fifo': Bad file descriptor
-0+0 records in
-0+0 records out
-0 bytes (0 B) copied
+0+2 records in
+0+2 records out
+4 bytes (4 B) copied
===================================================
Result: [[31mFAIL[0m] (Exit 1)
===================================================
Executing: dd/skip-seek
Sandbox Path: /tests/dd/skip-seek
===================================================
Use of uninitialized value $fname in pattern match (m//) at //lib/perl5/5.40.4/File/Temp.pm line 964.
No root path(s) specified
 at //lib/perl5/5.40.4/File/Temp.pm line 932.
===================================================
Result: /tests/dd/skip-seek [[32mPASS[0m] (Exit 0)
===================================================
Executing: dd/skip-seek-past-dev
Sandbox Path: /tests/dd/skip-seek-past-dev
===================================================
/bin/df: Warning: cannot read table of mounted file systems: No such file or directory
/tests/dd/skip-seek-past-dev: line 33: /sbin/blockdev: Operation not permitted
tests/test-lib.sh: line 53: 9: Bad file descriptor
/tests/dd/skip-seek-past-dev: skipping test: failed to determine size of -
===================================================
Result: /tests/dd/skip-seek-past-dev [[33mSKIP[0m] (Exit 77)
===================================================
Executing: dd/skip-seek-past-file
Sandbox Path: /tests/dd/skip-seek-past-file
===================================================
tests/test-lib.sh: line 53: 9: Bad file descriptor
/tests/dd/skip-seek-past-file: skipping test: this file system does not support sparse files
===================================================
Result: /tests/dd/skip-seek-past-file [[33mSKIP[0m] (Exit 77)
===================================================
Executing: dd/skip-seek2
Sandbox Path: /tests/dd/skip-seek2
===================================================
===================================================
Result: /tests/dd/skip-seek2 [[32mPASS[0m] (Exit 0)
===================================================
Executing: dd/stderr
Sandbox Path: /tests/dd/stderr
===================================================
===================================================
Result: /tests/dd/stderr [[32mPASS[0m] (Exit 0)
===================================================
Executing: dd/unblock
Sandbox Path: /tests/dd/unblock
===================================================
Use of uninitialized value $fname in pattern match (m//) at //lib/perl5/5.40.4/File/Temp.pm line 964.
No root path(s) specified
 at //lib/perl5/5.40.4/File/Temp.pm line 932.
===================================================
Result: /tests/dd/unblock [[32mPASS[0m] (Exit 0)
===================================================
Executing: dd/unblock-sync
Sandbox Path: /tests/dd/unblock-sync
===================================================
===================================================
Result: /tests/dd/unblock-sync [[32mPASS[0m] (Exit 0)
===================================================
Executing: df/total-verify
Sandbox Path: /tests/df/total-verify
===================================================
/bin/df: cannot read table of mounted file systems: No such file or directory
tests/test-lib.sh: line 53: 9: Bad file descriptor
/tests/df/total-verify: skipping test: df fails
===================================================
Result: /tests/df/total-verify [[33mSKIP[0m] (Exit 77)
===================================================
Executing: df/unreadable
Sandbox Path: /tests/df/unreadable
===================================================
tests/test-lib.sh: line 53: 9: Bad file descriptor
/tests/df/unreadable: skipping test: must be run as non-root
===================================================
Result: /tests/df/unreadable [[33mSKIP[0m] (Exit 77)
===================================================
Executing: du/2g
Sandbox Path: /tests/du/2g
===================================================
tests/test-lib.sh: line 53: 9: Bad file descriptor
/tests/du/2g: skipping test: very expensive: disabled by default
This test is very expensive, so it is disabled by default.
To run it anyway, rerun make check with the RUN_VERY_EXPENSIVE_TESTS
environment variable set to yes.  E.g.,

  env RUN_VERY_EXPENSIVE_TESTS=yes make check

===================================================
Result: /tests/du/2g [[33mSKIP[0m] (Exit 77)
===================================================
Executing: du/8gb
Sandbox Path: /tests/du/8gb
===================================================
tests/test-lib.sh: line 53: 9: Bad file descriptor
/tests/du/8gb: skipping test: this file system does not support sparse files
===================================================
Result: /tests/du/8gb [[33mSKIP[0m] (Exit 77)
===================================================
Executing: du/basic
Sandbox Path: /tests/du/basic
===================================================
/bin/du: cannot read directory `a': Permission denied
/bin/du: cannot read directory `a': Permission denied
/bin/du: cannot read directory `a': Permission denied
--- /tmp/_lind_cmp_a.3	1970-01-01 00:00:00.000000000 +0000
+++ /tmp/_lind_cmp_b.3	1970-01-01 00:00:00.000000000 +0000
@@ -1,5 +1,9 @@
+0	a/b/F
+0	a/b
 0	a
 ===
+0	a/b/F
+0	a/b
 0	a
 ===
 0	a
/bin/du: cannot read directory `d': Permission denied
/bin/du: cannot read directory `d': Permission denied
--- /tmp/_lind_cmp_a.3	1970-01-01 00:00:00.000000000 +0000
+++ /tmp/_lind_cmp_b.3	1970-01-01 00:00:00.000000000 +0000
@@ -1,3 +1,7 @@
-0	d
+8	d/sub/2
+8	d/sub
+8	d/1
+16	d
 ===
-0	d
+8	d/sub
+8	d
===================================================
Result: [[31mFAIL[0m] (Exit 1)
===================================================
Executing: du/deref
Sandbox Path: /tests/du/deref
===================================================
===================================================
Result: [[31mFAIL[0m] (Exit 1)
===================================================
Executing: du/deref-args
Sandbox Path: /tests/du/deref-args
===================================================
/bin/du: cannot read directory `slink': Permission denied
/bin/du: cannot read directory `slink/': Permission denied
--- /tmp/_lind_cmp_a.3	1970-01-01 00:00:00.000000000 +0000
+++ /tmp/_lind_cmp_b.3	1970-01-01 00:00:00.000000000 +0000
@@ -1,3 +1,5 @@
+slink/a
 slink
+slink/a
 slink/
 64	slink-to-64k
===================================================
Result: [[31mFAIL[0m] (Exit 1)
===================================================
Executing: du/exclude
Sandbox Path: /tests/du/exclude
===================================================
/bin/du: cannot read directory `a': Permission denied
/bin/du: cannot read directory `a': Permission denied
/bin/du: cannot read directory `a': Permission denied
--- /tmp/_lind_cmp_a.3	1970-01-01 00:00:00.000000000 +0000
+++ /tmp/_lind_cmp_b.3	1970-01-01 00:00:00.000000000 +0000
@@ -1,6 +1,16 @@
 a
+a/b
+a/b/c
+a/u
+a/u/v
 ===
 a
+a/u
+a/u/v
+a/x
+a/x/y
 ===
 ===
 a
+a/x
+a/x/y
===================================================
Result: [[31mFAIL[0m] (Exit 1)
===================================================
Executing: du/fd-leak
Sandbox Path: /tests/du/fd-leak
===================================================
tests/test-lib.sh: line 53: 9: Bad file descriptor
/tests/du/fd-leak: skipping test: expensive: disabled by default
This test is relatively expensive, so it is disabled by default.
To run it anyway, rerun make check with the RUN_EXPENSIVE_TESTS
environment variable set to yes.  E.g.,

  env RUN_EXPENSIVE_TESTS=yes make check

===================================================
Result: /tests/du/fd-leak [[33mSKIP[0m] (Exit 77)
===================================================
Executing: du/files0-from
Sandbox Path: /tests/du/files0-from
===================================================
Use of uninitialized value $fname in pattern match (m//) at //lib/perl5/5.40.4/File/Temp.pm line 964.
files0-from: test empty-nonreg failed: exit status mismatch:  expected 0, got 1
No root path(s) specified
 at //lib/perl5/5.40.4/File/Temp.pm line 932.
===================================================
Result: [[31mFAIL[0m] (Exit 1)
===================================================
Executing: du/hard-link
Sandbox Path: /tests/du/hard-link
===================================================
/bin/du: cannot read directory `dir': Permission denied
/bin/du: cannot read directory `dir': Permission denied
--- /tmp/_lind_cmp_a.3	1970-01-01 00:00:00.000000000 +0000
+++ /tmp/_lind_cmp_b.3	1970-01-01 00:00:00.000000000 +0000
@@ -1,3 +1,6 @@
+dir/f_
 dir
 ===
+dir/f2
+dir/f1
 dir
===================================================
Result: [[31mFAIL[0m] (Exit 1)
===================================================
Executing: du/inacc-dest
Sandbox Path: /tests/du/inacc-dest
===================================================
tests/test-lib.sh: line 53: 9: Bad file descriptor
/tests/du/inacc-dest: skipping test: must be run as non-root
===================================================
Result: /tests/du/inacc-dest [[33mSKIP[0m] (Exit 77)
===================================================
Executing: du/inacc-dir
Sandbox Path: /tests/du/inacc-dir
===================================================
tests/test-lib.sh: line 53: 9: Bad file descriptor
/tests/du/inacc-dir: skipping test: must be run as non-root
===================================================
Result: /tests/du/inacc-dir [[33mSKIP[0m] (Exit 77)
===================================================
Executing: du/inaccessible-cwd
Sandbox Path: /tests/du/inaccessible-cwd
===================================================
tests/test-lib.sh: line 53: 9: Bad file descriptor
/tests/du/inaccessible-cwd: skipping test: must be run as non-root
===================================================
Result: /tests/du/inaccessible-cwd [[33mSKIP[0m] (Exit 77)
===================================================
Executing: du/long-from-unreadable
Sandbox Path: /tests/du/long-from-unreadable
===================================================
tests/test-lib.sh: line 53: 9: Bad file descriptor
/tests/du/long-from-unreadable: skipping test: This test would fail, since your system lacks /proc support.
===================================================
Result: /tests/du/long-from-unreadable [[33mSKIP[0m] (Exit 77)
===================================================
Executing: du/long-sloop
Sandbox Path: /tests/du/long-sloop
===================================================
/bin/mkdir: missing operand
Try `/bin/mkdir --help' for more information.
/tests/du/long-sloop: failure in testing framework
===================================================
Result: [[31mFAIL[0m] (Exit 1)
===================================================
Executing: du/no-deref
Sandbox Path: /tests/du/no-deref
===================================================
/bin/du: cannot read directory `slink': Permission denied
===================================================
Result: /tests/du/no-deref [[32mPASS[0m] (Exit 0)
===================================================
Executing: du/no-x
Sandbox Path: /tests/du/no-x
===================================================
tests/test-lib.sh: line 53: 9: Bad file descriptor
/tests/du/no-x: skipping test: must be run as non-root
===================================================
Result: /tests/du/no-x [[33mSKIP[0m] (Exit 77)
===================================================
Executing: du/one-file-system
Sandbox Path: /tests/du/one-file-system
===================================================
/bin/du: cannot read directory `b': Permission denied
/bin/du: cannot read directory `y': Permission denied
--- /tmp/_lind_cmp_a.3	1970-01-01 00:00:00.000000000 +0000
+++ /tmp/_lind_cmp_b.3	1970-01-01 00:00:00.000000000 +0000
@@ -1,2 +1,4 @@
+b/c
 b
+y/z
 y
===================================================
Result: [[31mFAIL[0m] (Exit 1)
===================================================
Executing: du/restore-wd
Sandbox Path: /tests/du/restore-wd
===================================================
===================================================
Result: /tests/du/restore-wd [[32mPASS[0m] (Exit 0)
===================================================
Executing: du/slash
Sandbox Path: /tests/du/slash
===================================================
/bin/du: cannot access `/etc': No such file or directory
/bin/du: cannot access `/sbin': No such file or directory
/bin/du: cannot access `/var': No such file or directory
/bin/du: cannot access `/lib': No such file or directory
/bin/du: cannot access `/grates': No such file or directory
/bin/du: cannot access `/bin': No such file or directory
/bin/du: cannot access `/share': No such file or directory
/bin/du: cannot access `/out': No such file or directory
/bin/du: cannot access `/tests': No such file or directory
/bin/du: cannot access `/exp': No such file or directory
/bin/du: cannot access `/tmp': No such file or directory
/bin/du: cannot access `/usr': No such file or directory
/bin/du: cannot access `/dev': No such file or directory
/bin/du: cannot access `/home': No such file or directory
===================================================
Result: [[31mFAIL[0m] (Exit 1)
===================================================
Executing: du/slink
Sandbox Path: /tests/du/slink
===================================================
tests/test-lib.sh: line 53: 9: Bad file descriptor
/tests/du/slink: skipping test: `.' is on an XFS file system
===================================================
Result: /tests/du/slink [[33mSKIP[0m] (Exit 77)
===================================================
Executing: du/trailing-slash
Sandbox Path: /tests/du/trailing-slash
===================================================
/bin/du: cannot read directory `slink/': Permission denied
/bin/du: cannot read directory `slink': Permission denied
--- /tmp/_lind_cmp_a.3	1970-01-01 00:00:00.000000000 +0000
+++ /tmp/_lind_cmp_b.3	1970-01-01 00:00:00.000000000 +0000
@@ -1,3 +1,7 @@
+slink/1/2
+slink/1
 slink/
 ===
+slink/1/2
+slink/1
 slink
===================================================
Result: [[31mFAIL[0m] (Exit 1)
Test du/two-args is in the skip list. Skipping...
===================================================
Executing: id/no-context
Sandbox Path: /tests/id/no-context
===================================================
tests/test-lib.sh: line 53: 9: Bad file descriptor
/tests/id/no-context: skipping test: this system (or maybe just the current file system) lacks SELinux support
===================================================
Result: /tests/id/no-context [[33mSKIP[0m] (Exit 77)
===================================================
Executing: install/basic-1
Sandbox Path: /tests/install/basic-1
===================================================
tests/test-lib.sh: line 53: 9: Bad file descriptor
/tests/install/basic-1: skipping test: must be run as non-root
===================================================
Result: /tests/install/basic-1 [[33mSKIP[0m] (Exit 77)
===================================================
Executing: install/create-leading
Sandbox Path: /tests/install/create-leading
===================================================
===================================================
Result: /tests/install/create-leading [[32mPASS[0m] (Exit 0)
===================================================
Executing: install/d-slashdot
Sandbox Path: /tests/install/d-slashdot
===================================================
===================================================
Result: /tests/install/d-slashdot [[32mPASS[0m] (Exit 0)
===================================================
Executing: install/install-C
Sandbox Path: /tests/install/install-C
===================================================
tests/test-lib.sh: line 53: 9: Bad file descriptor
/tests/install/install-C: skipping test: this directory has the setgid bit set
===================================================
Result: /tests/install/install-C [[33mSKIP[0m] (Exit 77)
===================================================
Executing: install/install-C-root
Sandbox Path: /tests/install/install-C-root
===================================================
tests/test-lib.sh: line 53: 9: Bad file descriptor
/tests/install/install-C-root: skipping test: this directory has the setgid bit set
===================================================
Result: /tests/install/install-C-root [[33mSKIP[0m] (Exit 77)
===================================================
Executing: install/install-C-selinux
Sandbox Path: /tests/install/install-C-selinux
===================================================
tests/test-lib.sh: line 53: 9: Bad file descriptor
/tests/install/install-C-selinux: skipping test: this system (or maybe just the current file system) lacks SELinux support
===================================================
Result: /tests/install/install-C-selinux [[33mSKIP[0m] (Exit 77)
===================================================
Executing: install/strip-program
Sandbox Path: /tests/install/strip-program
===================================================
/bin/ginstall: cannot run ./b: Operation not permitted
/bin/ginstall: strip process terminated abnormally
--- /tmp/_lind_cmp_a.3	1970-01-01 00:00:00.000000000 +0000
+++ /tmp/_lind_cmp_b.3	1970-01-01 00:00:00.000000000 +0000
@@ -1 +1 @@
-abc
+aBc
===================================================
Result: [[31mFAIL[0m] (Exit 1)
===================================================
Executing: install/trap
Sandbox Path: /tests/install/trap
===================================================
/bin/ginstall: cannot run strip: Operation not permitted
/bin/ginstall: strip process terminated abnormally
===================================================
Result: /tests/install/trap [[32mPASS[0m] (Exit 0)
===================================================
Executing: ln/backup-1
Sandbox Path: /tests/ln/backup-1
===================================================
===================================================
Result: /tests/ln/backup-1 [[32mPASS[0m] (Exit 0)
===================================================
Executing: ln/hard-backup
Sandbox Path: /tests/ln/hard-backup
===================================================
===================================================
Result: /tests/ln/hard-backup [[32mPASS[0m] (Exit 0)
===================================================
Executing: ln/hard-to-sym
Sandbox Path: /tests/ln/hard-to-sym
===================================================
/bin/ln: accessing `no-such-dir': No such file or directory
/bin/ln: `link-to-dir': hard link not allowed for directory
/bin/chmod: cannot access `/tmp/cu-hard-to-sym.IpzfyzDaIk/no-such-dir': No such file or directory
===================================================
Result: [[31mFAIL[0m] (Exit 1)
===================================================
Executing: ln/misc
Sandbox Path: /tests/ln/misc
===================================================
===================================================
Result: [[31mFAIL[0m] (Exit 1)
===================================================
Executing: ln/sf-1
Sandbox Path: /tests/ln/sf-1
===================================================
/bin/chmod: WARNING: Circular directory structure.
This almost certainly means that you have a corrupted file system.
NOTIFY YOUR SYSTEM MANAGER.
The following directory is part of the cycle:
  `/tmp/cu-sf-1.g6wGjCx5JG/b'

===================================================
Result: /tests/ln/sf-1 [[32mPASS[0m] (Exit 0)
===================================================
Executing: ln/slash-decorated-nonexistent-dest
Sandbox Path: /tests/ln/slash-decorated-nonexistent-dest
===================================================
/bin/ln: creating hard link `no-such-file/' => `f': Not a directory
===================================================
Result: /tests/ln/slash-decorated-nonexistent-dest [[32mPASS[0m] (Exit 0)
===================================================
Executing: ln/target-1
Sandbox Path: /tests/ln/target-1
===================================================
/bin/chmod: cannot access `/tmp/cu-target-1.QwmdU24NJA/d/f': No such file or directory
===================================================
Result: /tests/ln/target-1 [[32mPASS[0m] (Exit 0)
===================================================
Executing: ls/abmon-align
Sandbox Path: /tests/ls/abmon-align
===================================================
/bin/ls: cannot access *.ts: No such file or directory
/bin/ls: cannot access *.ts: No such file or directory
/bin/ls: cannot access *.ts: No such file or directory
/bin/ls: cannot access *.ts: No such file or directory
/bin/ls: cannot access *.ts: No such file or directory
/bin/ls: cannot access *.ts: No such file or directory
/bin/ls: cannot access *.ts: No such file or directory
/bin/ls: cannot access *.ts: No such file or directory
/bin/ls: cannot access *.ts: No such file or directory
/bin/ls: cannot access *.ts: No such file or directory
/bin/ls: cannot access *.ts: No such file or directory
/bin/ls: cannot access *.ts: No such file or directory
/bin/ls: cannot access *.ts: No such file or directory
/bin/ls: cannot access *.ts: No such file or directory
/bin/ls: cannot access *.ts: No such file or directory
/bin/ls: cannot access *.ts: No such file or directory
/bin/ls: cannot access *.ts: No such file or directory
/bin/ls: cannot access *.ts: No such file or directory
/bin/ls: cannot access *.ts: No such file or directory
/bin/ls: cannot access *.ts: No such file or directory
/bin/ls: cannot access *.ts: No such file or directory
/bin/ls: cannot access *.ts: No such file or directory
/bin/ls: cannot access *.ts: No such file or directory
/bin/ls: cannot access *.ts: No such file or directory
===================================================
Result: /tests/ls/abmon-align [[32mPASS[0m] (Exit 0)
Test ls/capability is in the skip list. Skipping...
Test ls/color-clear-to-eol is in the skip list. Skipping...
Test ls/color-dtype-dir is in the skip list. Skipping...
===================================================
Executing: ls/dangle
Sandbox Path: /tests/ls/dangle
===================================================
/bin/ls: cannot access dangle: No such file or directory
--- /tmp/_lind_cmp_a.3	1970-01-01 00:00:00.000000000 +0000
+++ /tmp/_lind_cmp_b.3	1970-01-01 00:00:00.000000000 +0000
@@ -1,3 +1,4 @@
-ls: cannot open directory slink-to-dir: Permission denied
-ls: cannot open directory slink-to-dir: Permission denied
-ls: cannot open directory slink-to-dir: Permission denied
+dangle
+sub
+sub
+sub
/bin/chmod: cannot access `/tmp/cu-dangle.WkHkNPzAQX/dangle': No such file or directory
/bin/chmod: cannot access `/tmp/cu-dangle.WkHkNPzAQX/d/dangle': No such file or directory
===================================================
Result: [[31mFAIL[0m] (Exit 1)
===================================================
Executing: ls/dired
Sandbox Path: /tests/ls/dired
===================================================
===================================================
Result: /tests/ls/dired [[32mPASS[0m] (Exit 0)
===================================================
Executing: ls/file-type
Sandbox Path: /tests/ls/file-type
===================================================
/bin/chmod: cannot access `/tmp/cu-file-type.D7R9LyiTAu/sub/slink-dangle': No such file or directory
===================================================
Result: /tests/ls/file-type [[32mPASS[0m] (Exit 0)
===================================================
Executing: ls/follow-slink
Sandbox Path: /tests/ls/follow-slink
===================================================
/bin/ls: cannot access link: Too many levels of symbolic links
/tests/ls/follow-slink: failure in testing framework
/bin/chmod: cannot access `/tmp/cu-follow-slink.WsFt7FnGqs/dir/link': Too many levels of symbolic links
===================================================
Result: [[31mFAIL[0m] (Exit 1)
===================================================
Executing: ls/infloop
Sandbox Path: /tests/ls/infloop
===================================================
--- /tmp/_lind_cmp_a.3	1970-01-01 00:00:00.000000000 +0000
+++ /tmp/_lind_cmp_b.3	1970-01-01 00:00:00.000000000 +0000
@@ -1 +1 @@
-Try `timeout --help' for more information.
+ls: loop/sub: not listing already-listed directory
--- /tmp/_lind_cmp_a.3	1970-01-01 00:00:00.000000000 +0000
+++ /tmp/_lind_cmp_b.3	1970-01-01 00:00:00.000000000 +0000
@@ -0,0 +1,2 @@
+loop:
+sub
/bin/chmod: WARNING: Circular directory structure.
This almost certainly means that you have a corrupted file system.
NOTIFY YOUR SYSTEM MANAGER.
The following directory is part of the cycle:
  `/tmp/cu-infloop.7q9zoK1Skm/loop/sub'

===================================================
Result: [[31mFAIL[0m] (Exit 1)
===================================================
Executing: ls/inode
Sandbox Path: /tests/ls/inode
===================================================
===================================================
Result: [[31mFAIL[0m] (Exit 1)
===================================================
Executing: ls/m-option
Sandbox Path: /tests/ls/m-option
===================================================
===================================================
Result: /tests/ls/m-option [[32mPASS[0m] (Exit 0)
Test ls/multihardlink is in the skip list. Skipping...
Test ls/nameless-uid is in the skip list. Skipping...
===================================================
Executing: ls/no-arg
Sandbox Path: /tests/ls/no-arg
===================================================
/bin/ls: cannot open directory ./dir: Permission denied
--- /tmp/_lind_cmp_a.3	1970-01-01 00:00:00.000000000 +0000
+++ /tmp/_lind_cmp_b.3	1970-01-01 00:00:00.000000000 +0000
@@ -3,3 +3,9 @@
 exp
 out
 symlink
+
+./dir:
+subdir
+
+./dir/subdir:
+file2
/bin/chmod: cannot access `/tmp/cu-no-arg.VLY9jGwwyC/symlink': No such file or directory
===================================================
Result: [[31mFAIL[0m] (Exit 1)
===================================================
Executing: ls/no-cap
Sandbox Path: /tests/ls/no-cap
===================================================
tests/test-lib.sh: line 53: 9: Bad file descriptor
/tests/ls/no-cap: skipping test: no strace program
===================================================
Result: /tests/ls/no-cap [[33mSKIP[0m] (Exit 77)
===================================================
Executing: ls/proc-selinux-segfault
Sandbox Path: /tests/ls/proc-selinux-segfault
===================================================
===================================================
Result: /tests/ls/proc-selinux-segfault [[32mPASS[0m] (Exit 0)
===================================================
Executing: ls/readdir-mountpoint-inode
Sandbox Path: /tests/ls/readdir-mountpoint-inode
===================================================
tests/test-lib.sh: line 53: 9: Bad file descriptor
/tests/ls/readdir-mountpoint-inode: skipping test: this test requires a non-root mount point
===================================================
Result: /tests/ls/readdir-mountpoint-inode [[33mSKIP[0m] (Exit 77)
===================================================
Executing: ls/recursive
Sandbox Path: /tests/ls/recursive
===================================================
===================================================
Result: /tests/ls/recursive [[32mPASS[0m] (Exit 0)
===================================================
Executing: ls/rt-1
Sandbox Path: /tests/ls/rt-1
===================================================
===================================================
Result: /tests/ls/rt-1 [[32mPASS[0m] (Exit 0)
===================================================
Executing: ls/stat-dtype
Sandbox Path: /tests/ls/stat-dtype
===================================================
tests/test-lib.sh: line 53: 9: Bad file descriptor
/tests/ls/stat-dtype: skipping test: '.' is not on a suitable file system for this test
===================================================
Result: /tests/ls/stat-dtype [[33mSKIP[0m] (Exit 77)
===================================================
Executing: ls/stat-failed
Sandbox Path: /tests/ls/stat-failed
===================================================
tests/test-lib.sh: line 53: 9: Bad file descriptor
/tests/ls/stat-failed: skipping test: must be run as non-root
===================================================
Result: /tests/ls/stat-failed [[33mSKIP[0m] (Exit 77)
===================================================
Executing: ls/stat-free-symlinks
Sandbox Path: /tests/ls/stat-free-symlinks
===================================================
tests/test-lib.sh: line 53: 9: Bad file descriptor
/tests/ls/stat-free-symlinks: skipping test: no strace program
===================================================
Result: /tests/ls/stat-free-symlinks [[33mSKIP[0m] (Exit 77)
===================================================
Executing: ls/stat-vs-dirent
Sandbox Path: /tests/ls/stat-vs-dirent
===================================================
/bin/ls: cannot open directory /tmp: Permission denied
===================================================
Result: /tests/ls/stat-vs-dirent [[32mPASS[0m] (Exit 0)
===================================================
Executing: ls/symlink-slash
Sandbox Path: /tests/ls/symlink-slash
===================================================
===================================================
Result: /tests/ls/symlink-slash [[32mPASS[0m] (Exit 0)
===================================================
Executing: ls/x-option
Sandbox Path: /tests/ls/x-option
===================================================
===================================================
Result: /tests/ls/x-option [[32mPASS[0m] (Exit 0)
===================================================
Executing: misc/arch
Sandbox Path: /tests/misc/arch
===================================================
arch: not built
tests/test-lib.sh: line 53: 9: Bad file descriptor
/tests/misc/arch: skipping test: required program(s) not built
===================================================
Result: /tests/misc/arch [[33mSKIP[0m] (Exit 77)
===================================================
Executing: misc/base64
Sandbox Path: /tests/misc/base64
===================================================
Use of uninitialized value $fname in pattern match (m//) at //lib/perl5/5.40.4/File/Temp.pm line 964.
No root path(s) specified
 at //lib/perl5/5.40.4/File/Temp.pm line 932.
===================================================
Result: /tests/misc/base64 [[32mPASS[0m] (Exit 0)
===================================================
Executing: misc/basename
Sandbox Path: /tests/misc/basename
===================================================
Use of uninitialized value $fname in pattern match (m//) at //lib/perl5/5.40.4/File/Temp.pm line 964.
No root path(s) specified
 at //lib/perl5/5.40.4/File/Temp.pm line 932.
===================================================
Result: /tests/misc/basename [[32mPASS[0m] (Exit 0)
===================================================
Executing: misc/cat-buf
Sandbox Path: /tests/misc/cat-buf
===================================================
/bin/dd: reading `fifo': Bad file descriptor
0+0 records in
0+0 records out
0 bytes (0 B) copied, 0.00061535 s, 0.0 kB/s
/bin/cat: write error: Bad file descriptor
--- /tmp/_lind_cmp_a.3	1970-01-01 00:00:00.000000000 +0000
+++ /tmp/_lind_cmp_b.3	1970-01-01 00:00:00.000000000 +0000
@@ -0,0 +1 @@
+1
tests/test-lib.sh: line 53: 9: Bad file descriptor
/tests/misc/cat-buf: skipping test: possible test failure. Please verify.
===================================================
Result: /tests/misc/cat-buf [[33mSKIP[0m] (Exit 77)
===================================================
Executing: misc/cat-proc
Sandbox Path: /tests/misc/cat-proc
===================================================
tests/test-lib.sh: line 53: 9: Bad file descriptor
/tests/misc/cat-proc: skipping test: no /proc/cpuinfo
===================================================
Result: /tests/misc/cat-proc [[33mSKIP[0m] (Exit 77)
===================================================
Executing: misc/chcon
Sandbox Path: /tests/misc/chcon
===================================================
tests/test-lib.sh: line 53: 9: Bad file descriptor
/tests/misc/chcon: skipping test: this system (or maybe just the current file system) lacks SELinux support
===================================================
Result: /tests/misc/chcon [[33mSKIP[0m] (Exit 77)
===================================================
Executing: misc/chcon-fail
Sandbox Path: /tests/misc/chcon-fail
===================================================
===================================================
Result: /tests/misc/chcon-fail [[32mPASS[0m] (Exit 0)
===================================================
Executing: misc/chroot-credentials
Sandbox Path: /tests/misc/chroot-credentials
===================================================
/bin/chroot: cannot change root directory to /: Function not implemented
/tests/misc/chroot-credentials: line 31: test: =: unary operator expected
/bin/chroot: cannot change root directory to /: Function not implemented
/bin/chroot: cannot change root directory to /: Function not implemented
/bin/chroot: cannot change root directory to /: Function not implemented
/bin/chroot: cannot change root directory to /: Function not implemented
/bin/chroot: cannot change root directory to /: Function not implemented
===================================================
Result: [[31mFAIL[0m] (Exit 1)
===================================================
Executing: misc/chroot-fail
Sandbox Path: /tests/misc/chroot-fail
===================================================
/bin/chroot: missing operand
Try `/bin/chroot --help' for more information.
Try `/bin/chroot --help' for more information.
/bin/chroot: unrecognized option '---'
Try `/bin/chroot --help' for more information.
/bin/chroot: cannot change root directory to /: Function not implemented
===================================================
Result: /tests/misc/chroot-fail [[32mPASS[0m] (Exit 0)
===================================================
Executing: misc/close-stdout
Sandbox Path: /tests/misc/close-stdout
===================================================
/tests/misc/close-stdout: line 43: //src/true: Operation not permitted
/tests/misc/close-stdout: line 44: //src/printf: Operation not permitted
/tests/misc/close-stdout: line 49: //src/test: Operation not permitted
===================================================
Result: [[31mFAIL[0m] (Exit 1)
===================================================
Executing: misc/comm
Sandbox Path: /tests/misc/comm
===================================================
Use of uninitialized value $fname in pattern match (m//) at //lib/perl5/5.40.4/File/Temp.pm line 964.
No root path(s) specified
 at //lib/perl5/5.40.4/File/Temp.pm line 932.
===================================================
Result: /tests/misc/comm [[32mPASS[0m] (Exit 0)
===================================================
Executing: misc/csplit
Sandbox Path: /tests/misc/csplit
===================================================
===================================================
Result: /tests/misc/csplit [[32mPASS[0m] (Exit 0)
===================================================
Executing: misc/cut
Sandbox Path: /tests/misc/cut
===================================================
Use of uninitialized value $fname in pattern match (m//) at //lib/perl5/5.40.4/File/Temp.pm line 964.
cut: test 8bit-delim failed: exit status mismatch:  expected 0, got 1
cut: test 8bit-delim.r failed: exit status mismatch:  expected 0, got 1
cut: test 8bit-delim.p failed: exit status mismatch:  expected 0, got 1
No root path(s) specified
 at //lib/perl5/5.40.4/File/Temp.pm line 932.
===================================================
Result: [[31mFAIL[0m] (Exit 1)
Test misc/date is in the skip list. Skipping...
===================================================
Executing: misc/date-next-dow
Sandbox Path: /tests/misc/date-next-dow
===================================================
Use of uninitialized value $fname in pattern match (m//) at //lib/perl5/5.40.4/File/Temp.pm line 964.
No root path(s) specified
 at //lib/perl5/5.40.4/File/Temp.pm line 932.
===================================================
Result: /tests/misc/date-next-dow [[32mPASS[0m] (Exit 0)
===================================================
Executing: misc/date-sec
Sandbox Path: /tests/misc/date-sec
===================================================
===================================================
Result: /tests/misc/date-sec [[32mPASS[0m] (Exit 0)
===================================================
Executing: misc/df
Sandbox Path: /tests/misc/df
===================================================
/bin/df: Warning: cannot read table of mounted file systems: No such file or directory
===================================================
Result: /tests/misc/df [[32mPASS[0m] (Exit 0)
===================================================
Executing: misc/df-P
Sandbox Path: /tests/misc/df-P
===================================================
/bin/df: Warning: cannot read table of mounted file systems: No such file or directory
/bin/df: Warning: cannot read table of mounted file systems: No such file or directory
===================================================
Result: /tests/misc/df-P [[32mPASS[0m] (Exit 0)
===================================================
Executing: misc/dircolors
Sandbox Path: /tests/misc/dircolors
===================================================
Use of uninitialized value $fname in pattern match (m//) at //lib/perl5/5.40.4/File/Temp.pm line 964.
No root path(s) specified
 at //lib/perl5/5.40.4/File/Temp.pm line 932.
===================================================
Result: /tests/misc/dircolors [[32mPASS[0m] (Exit 0)
===================================================
Executing: misc/dirname
Sandbox Path: /tests/misc/dirname
===================================================
Use of uninitialized value $fname in pattern match (m//) at //lib/perl5/5.40.4/File/Temp.pm line 964.
No root path(s) specified
 at //lib/perl5/5.40.4/File/Temp.pm line 932.
===================================================
Result: /tests/misc/dirname [[32mPASS[0m] (Exit 0)
===================================================
Executing: misc/env
Sandbox Path: /tests/misc/env
===================================================
/bin/env: unrecognized option '---'
Try `/bin/env --help' for more information.
/bin/env: option requires an argument -- 'u'
Try `/bin/env --help' for more information.
/bin/env: sh: Operation not permitted
/bin/env: .: Operation not permitted
/bin/env: no_such: Operation not permitted
/bin/env: env: Operation not permitted
/bin/env: env: Operation not permitted
/bin/env: env: Operation not permitted
--- /tmp/_lind_cmp_a.3	1970-01-01 00:00:00.000000000 +0000
+++ /tmp/_lind_cmp_b.3	1970-01-01 00:00:00.000000000 +0000
@@ -2,7 +2,3 @@
 ENV_TEST2=
 ENV_TEST3=c
 ENV_TEST1=b
-ENV_TEST1=a
-ENV_TEST2=
-ENV_TEST3=c
-ENV_TEST1=b
/bin/env: also_unlikely: Operation not permitted
/bin/env: also_unlikely: Operation not permitted
/bin/env: also_unlikely: Operation not permitted
/bin/env: echo: Operation not permitted
/bin/env: echo: Operation not permitted
/bin/env: -u: Operation not permitted
/bin/env: --: Operation not permitted
/bin/env: --: Operation not permitted
/bin/env: echo: Operation not permitted
/bin/env: echo: Operation not permitted
/bin/env: echo: Operation not permitted
/bin/env: sh: Operation not permitted
/bin/env: sh: Operation not permitted
/bin/env: cannot unset `a=b': Invalid argument
/bin/env: cannot unset `': Invalid argument
/bin/chmod: cannot access `/tmp/cu-env.C0RwnIesbB/-u': No such file or directory
/bin/chmod: cannot access `/tmp/cu-env.C0RwnIesbB/--': No such file or directory
===================================================
Result: [[31mFAIL[0m] (Exit 1)
===================================================
Executing: misc/env-null
Sandbox Path: /tests/misc/env-null
===================================================
/bin/env: env: Operation not permitted
/bin/env: printenv: Operation not permitted
/bin/env: env: Operation not permitted
/bin/env: printenv: Operation not permitted
/bin/env: cannot specify --null (-0) with command
Try `/bin/env --help' for more information.
/bin/env: printenv: Operation not permitted
Binary files /tmp/_lind_cmp_a.3 and /tmp/_lind_cmp_b.3 differ
/bin/env: printenv: Operation not permitted
/bin/env: printenv: Operation not permitted
Binary files /tmp/_lind_cmp_a.3 and /tmp/_lind_cmp_b.3 differ
===================================================
Result: [[31mFAIL[0m] (Exit 1)
===================================================
Executing: misc/expand
Sandbox Path: /tests/misc/expand
===================================================
Use of uninitialized value $fname in pattern match (m//) at //lib/perl5/5.40.4/File/Temp.pm line 964.
No root path(s) specified
 at //lib/perl5/5.40.4/File/Temp.pm line 932.
===================================================
Result: /tests/misc/expand [[32mPASS[0m] (Exit 0)
===================================================
Executing: misc/expr
Sandbox Path: /tests/misc/expr
===================================================
Use of uninitialized value $fname in pattern match (m//) at //lib/perl5/5.40.4/File/Temp.pm line 964.
/bin/expr: 9758060798730154302876482828124348356960410232492450771490: Numerical result out of range
No root path(s) specified
 at //lib/perl5/5.40.4/File/Temp.pm line 932.
===================================================
Result: /tests/misc/expr [[32mPASS[0m] (Exit 0)
===================================================
Executing: misc/factor
Sandbox Path: /tests/misc/factor
===================================================
Use of uninitialized value $fname in pattern match (m//) at //lib/perl5/5.40.4/File/Temp.pm line 964.
factor: test z: stderr mismatch, comparing z.E (actual) and z.1 (expected)
*** z.E	Thu Jan  1 00:00:00 1970
--- z.1	Thu Jan  1 00:00:00 1970
***************
*** 1,2 ****
! /bin/factor: invalid option -- 1
! Try `/bin/factor --help' for more information.
--- 1,2 ----
! factor: invalid option -- 1
! Try `factor --help' for more information.
No root path(s) specified
 at //lib/perl5/5.40.4/File/Temp.pm line 932.
===================================================
Result: [[31mFAIL[0m] (Exit 1)
===================================================
Executing: misc/false-status
Sandbox Path: /tests/misc/false-status
===================================================
===================================================
Result: /tests/misc/false-status [[32mPASS[0m] (Exit 0)
===================================================
Executing: misc/fmt
Sandbox Path: /tests/misc/fmt
===================================================
Use of uninitialized value $fname in pattern match (m//) at //lib/perl5/5.40.4/File/Temp.pm line 964.
No root path(s) specified
 at //lib/perl5/5.40.4/File/Temp.pm line 932.
===================================================
Result: /tests/misc/fmt [[32mPASS[0m] (Exit 0)
===================================================
Executing: misc/fmt-long-line
Sandbox Path: /tests/misc/fmt-long-line
===================================================
===================================================
Result: /tests/misc/fmt-long-line [[32mPASS[0m] (Exit 0)
===================================================
Executing: misc/fold
Sandbox Path: /tests/misc/fold
===================================================
Use of uninitialized value $fname in pattern match (m//) at //lib/perl5/5.40.4/File/Temp.pm line 964.
No root path(s) specified
 at //lib/perl5/5.40.4/File/Temp.pm line 932.
===================================================
Result: /tests/misc/fold [[32mPASS[0m] (Exit 0)
===================================================
Executing: misc/groups-dash
Sandbox Path: /tests/misc/groups-dash
===================================================
===================================================
Result: /tests/misc/groups-dash [[32mPASS[0m] (Exit 0)
===================================================
Executing: misc/groups-version
Sandbox Path: /tests/misc/groups-version
===================================================
===================================================
Result: /tests/misc/groups-version [[32mPASS[0m] (Exit 0)
===================================================
Executing: misc/head
Sandbox Path: /tests/misc/head
===================================================
Use of uninitialized value $fname in pattern match (m//) at //lib/perl5/5.40.4/File/Temp.pm line 964.
No root path(s) specified
 at //lib/perl5/5.40.4/File/Temp.pm line 932.
===================================================
Result: /tests/misc/head [[32mPASS[0m] (Exit 0)
===================================================
Executing: misc/head-c
Sandbox Path: /tests/misc/head-c
===================================================
===================================================
Result: /tests/misc/head-c [[32mPASS[0m] (Exit 0)
===================================================
Executing: misc/head-elide-tail
Sandbox Path: /tests/misc/head-elide-tail
===================================================
Use of uninitialized value $fname in pattern match (m//) at //lib/perl5/5.40.4/File/Temp.pm line 964.
No root path(s) specified
 at //lib/perl5/5.40.4/File/Temp.pm line 932.
===================================================
Result: /tests/misc/head-elide-tail [[32mPASS[0m] (Exit 0)
===================================================
Executing: misc/head-pos
Sandbox Path: /tests/misc/head-pos
===================================================
===================================================
Result: /tests/misc/head-pos [[32mPASS[0m] (Exit 0)
Test misc/help-version is in the skip list. Skipping...
===================================================
Executing: misc/id-context
Sandbox Path: /tests/misc/id-context
===================================================
tests/test-lib.sh: line 53: 9: Bad file descriptor
/tests/misc/id-context: skipping test: this system (or maybe just the current file system) lacks SELinux support
===================================================
Result: /tests/misc/id-context [[33mSKIP[0m] (Exit 77)
===================================================
Executing: misc/id-groups
Sandbox Path: /tests/misc/id-groups
===================================================
0
===================================================
Result: /tests/misc/id-groups [[32mPASS[0m] (Exit 0)
Test misc/invalid-opt is in the skip list. Skipping...
===================================================
Executing: misc/join
Sandbox Path: /tests/misc/join
===================================================
Use of uninitialized value $fname in pattern match (m//) at //lib/perl5/5.40.4/File/Temp.pm line 964.
Can't exec "getlimits": Operation not permitted at /tests/Coreutils.pm line 210.
Error running getlimits
No root path(s) specified
 at //lib/perl5/5.40.4/File/Temp.pm line 932.
===================================================
Result: [[31mFAIL[0m] (Exit 1)
===================================================
Executing: misc/ls-misc
Sandbox Path: /tests/misc/ls-misc
===================================================
Use of uninitialized value $fname in pattern match (m//) at //lib/perl5/5.40.4/File/Temp.pm line 964.
/bin/sh: //src/test: Operation not permitted
ls-misc: cannot create setuid/setgid/sticky files,so can't run this test
No root path(s) specified
 at //lib/perl5/5.40.4/File/Temp.pm line 932.
===================================================
Result: /tests/misc/ls-misc [[33mSKIP[0m] (Exit 77)
===================================================
Executing: misc/ls-time
Sandbox Path: /tests/misc/ls-time
===================================================
A basic test of touch -m has just failed, so the subsequent
tests in this file will not be run.

In the output below, the date of last modification for `a' should
have been 1998-01-15 23:00.
-rw-rw-rw- 1 root root 0 1970-01-01 00:00:00.000000000 +0000 a
/tests/misc/ls-time: failure in testing framework
===================================================
Result: [[31mFAIL[0m] (Exit 1)
===================================================
Executing: misc/md5sum
Sandbox Path: /tests/misc/md5sum
===================================================
Use of uninitialized value $fname in pattern match (m//) at //lib/perl5/5.40.4/File/Temp.pm line 964.
No root path(s) specified
 at //lib/perl5/5.40.4/File/Temp.pm line 932.
===================================================
Result: /tests/misc/md5sum [[32mPASS[0m] (Exit 0)
===================================================
Executing: misc/md5sum-newline
Sandbox Path: /tests/misc/md5sum-newline
===================================================
Use of uninitialized value $fname in pattern match (m//) at //lib/perl5/5.40.4/File/Temp.pm line 964.
Can't exec "touch": Operation not permitted at /tests/misc/md5sum-newline line 28.
/tests/misc/md5sum-newline: failed to create newline-containing file name
No root path(s) specified
 at //lib/perl5/5.40.4/File/Temp.pm line 932.
===================================================
Result: /tests/misc/md5sum-newline [[33mSKIP[0m] (Exit 77)
===================================================
Executing: misc/md5sum-parallel
Sandbox Path: /tests/misc/md5sum-parallel
===================================================
/tests/misc/md5sum-parallel: line 28: xargs: command not found
/tests/misc/md5sum-parallel: line 33: find: command not found
/tests/misc/md5sum-parallel: line 33: xargs: command not found
===================================================
Result: [[31mFAIL[0m] (Exit 1)
===================================================
Executing: misc/mknod
Sandbox Path: /tests/misc/mknod
===================================================
===================================================
Result: /tests/misc/mknod [[32mPASS[0m] (Exit 0)
===================================================
Executing: misc/mktemp
Sandbox Path: /tests/misc/mktemp
===================================================
Use of uninitialized value $fname in pattern match (m//) at //lib/perl5/5.40.4/File/Temp.pm line 964.
mktemp: test pipe-bad-tmpdir: stderr mismatch, comparing pipe-bad-tmpdir.E (actual) and pipe-bad-tmpdir.1 (expected)
*** pipe-bad-tmpdir.E	Thu Jan  1 00:00:00 1970
--- pipe-bad-tmpdir.1	Thu Jan  1 00:00:00 1970
***************
*** 1 ****
! /bin/mktemp: failed to create file via template `no/such/dir/...
--- 1 ----
! mktemp: failed to create file via template `no/such/dir/...
No root path(s) specified
 at //lib/perl5/5.40.4/File/Temp.pm line 932.
===================================================
Result: [[31mFAIL[0m] (Exit 1)
===================================================
Executing: misc/nice
Sandbox Path: /tests/misc/nice
===================================================
tests/test-lib.sh: line 53: 9: Bad file descriptor
/tests/misc/nice: skipping test: this test must be run at nice level 0
===================================================
Result: /tests/misc/nice [[33mSKIP[0m] (Exit 77)
===================================================
Executing: misc/nice-fail
Sandbox Path: /tests/misc/nice-fail
===================================================
/bin/nice: a command must be given with an adjustment
Try `/bin/nice --help' for more information.
/bin/nice: unrecognized option '--help'
Try `/bin/nice --help' for more information.
/bin/nice: unrecognized option '---'
Try `/bin/nice --help' for more information.
/bin/nice: invalid adjustment `1a'
/bin/nice: cannot set niceness
/bin/nice: cannot set niceness
/bin/nice: cannot set niceness
===================================================
Result: [[31mFAIL[0m] (Exit 1)
===================================================
Executing: misc/nl
Sandbox Path: /tests/misc/nl
===================================================
/bin/cat: cannot do ioctl on `t': Bad file descriptor
--- /tmp/_lind_cmp_a.3	1970-01-01 00:00:00.000000000 +0000
+++ /tmp/_lind_cmp_b.3	1970-01-01 00:00:00.000000000 +0000
@@ -4,3 +4,5 @@
      1	d
 000001	e
 ===
+     1^Ia$
+       $
===================================================
Result: [[31mFAIL[0m] (Exit 1)
===================================================
Executing: misc/nohup
Sandbox Path: /tests/misc/nohup
===================================================
--- /tmp/_lind_cmp_a.3	1970-01-01 00:00:00.000000000 +0000
+++ /tmp/_lind_cmp_b.3	1970-01-01 00:00:00.000000000 +0000
@@ -1 +1 @@
-stderr
+nohup: failed to run command `sh': Operation not permitted
/bin/nohup: failed to run command `sh': Operation not permitted
===================================================
Result: [[31mFAIL[0m] (Exit 1)
===================================================
Executing: misc/nproc-avail
Sandbox Path: /tests/misc/nproc-avail
===================================================
===================================================
Result: /tests/misc/nproc-avail [[32mPASS[0m] (Exit 0)
===================================================
Executing: misc/nproc-positive
Sandbox Path: /tests/misc/nproc-positive
===================================================
/bin/nproc: -1: invalid number to ignore
Try `/bin/nproc --help' for more information.
/bin/nproc: N: invalid number to ignore
Try `/bin/nproc --help' for more information.
===================================================
Result: /tests/misc/nproc-positive [[32mPASS[0m] (Exit 0)
===================================================
Executing: misc/od
Sandbox Path: /tests/misc/od
===================================================
Use of uninitialized value $fname in pattern match (m//) at //lib/perl5/5.40.4/File/Temp.pm line 964.
No root path(s) specified
 at //lib/perl5/5.40.4/File/Temp.pm line 932.
===================================================
Result: /tests/misc/od [[32mPASS[0m] (Exit 0)
===================================================
Executing: misc/od-N
Sandbox Path: /tests/misc/od-N
===================================================
===================================================
Result: /tests/misc/od-N [[32mPASS[0m] (Exit 0)
===================================================
Executing: misc/od-multiple-t
Sandbox Path: /tests/misc/od-multiple-t
===================================================
/tests/misc/od-multiple-t: failure in testing framework
===================================================
Result: [[31mFAIL[0m] (Exit 1)
===================================================
Executing: misc/od-x8
Sandbox Path: /tests/misc/od-x8
===================================================
===================================================
Result: /tests/misc/od-x8 [[32mPASS[0m] (Exit 0)
===================================================
Executing: misc/paste
Sandbox Path: /tests/misc/paste
===================================================
Use of uninitialized value $fname in pattern match (m//) at //lib/perl5/5.40.4/File/Temp.pm line 964.
No root path(s) specified
 at //lib/perl5/5.40.4/File/Temp.pm line 932.
===================================================
Result: /tests/misc/paste [[32mPASS[0m] (Exit 0)
===================================================
Executing: misc/pathchk1
Sandbox Path: /tests/misc/pathchk1
===================================================
tests/test-lib.sh: line 53: 9: Bad file descriptor
/tests/misc/pathchk1: skipping test: must be run as non-root
===================================================
Result: /tests/misc/pathchk1 [[33mSKIP[0m] (Exit 77)
===================================================
Executing: misc/pr
Sandbox Path: /tests/misc/pr
===================================================
Use of uninitialized value $fname in pattern match (m//) at //lib/perl5/5.40.4/File/Temp.pm line 964.
No root path(s) specified
 at //lib/perl5/5.40.4/File/Temp.pm line 932.
===================================================
Result: /tests/misc/pr [[32mPASS[0m] (Exit 0)
===================================================
Executing: misc/printenv
Sandbox Path: /tests/misc/printenv
===================================================
/bin/env: printenv: Operation not permitted
--- /tmp/_lind_cmp_a.3	1970-01-01 00:00:00.000000000 +0000
+++ /tmp/_lind_cmp_b.3	1970-01-01 00:00:00.000000000 +0000
@@ -1,9 +0,0 @@
-OLDPWD=/
-abs_top_srcdir=/
-PWD=/tmp/cu-printenv.VlZCAL8ikz
-built_programs=[ base64 basename bash cat chcon chgrp chmod chown chroot cksum comm corelist cp cpan csplit cut date dd df dir dircolors dirname du echo enc2xs encguess env expand expr factor false fmt fold getlimits ginstall groups h2ph h2xs head hostid id instmodsh join json_pp kill libnetcfg link ln logname ls md5sum mkdir mkfifo mknod mktemp mv nice nl nohup nproc od paste pathchk perl perlbug perldoc perlivp perlthanks piconv pinky pl2pm pod2html pod2man pod2text pod2usage podchecker pr printenv printf prove ptar ptardiff ptargrep ptx pwd readlink rm rmdir runcon seq setuidgid sh sha1sum sha224sum sha256sum sha384sum sha512sum shasum shred shuf sleep sort splain split stat streamzip stty su sum sync tac tail tee test timeout touch tr true truncate tsort tty uname unexpand uniq unlink uptime users vdir wc who whoami xsubpp yes zipdetails 
-abs_srcdir=/tests
-SHLVL=1
-CONFIG_HEADER=/lib/config.h
-abs_top_builddir=/
-PATH=/usr/local/bin:/usr/bin:/sbin:/bin
/bin/env: printenv: Operation not permitted
/bin/env: printenv: Operation not permitted
/bin/env: printenv: Operation not permitted
--- /tmp/_lind_cmp_a.3	1970-01-01 00:00:00.000000000 +0000
+++ /tmp/_lind_cmp_b.3	1970-01-01 00:00:00.000000000 +0000
@@ -1 +0,0 @@
-a
/bin/env: printenv: Operation not permitted
/bin/env: printenv: Operation not permitted
--- /tmp/_lind_cmp_a.3	1970-01-01 00:00:00.000000000 +0000
+++ /tmp/_lind_cmp_b.3	1970-01-01 00:00:00.000000000 +0000
@@ -1,5 +0,0 @@
-b
-a
-b
-a
-b
/bin/env: printenv: Operation not permitted
/bin/env: printenv: Operation not permitted
--- /tmp/_lind_cmp_a.3	1970-01-01 00:00:00.000000000 +0000
+++ /tmp/_lind_cmp_b.3	1970-01-01 00:00:00.000000000 +0000
@@ -1,2 +0,0 @@
-a
-a
/bin/env: printenv: Operation not permitted
--- /tmp/_lind_cmp_a.3	1970-01-01 00:00:00.000000000 +0000
+++ /tmp/_lind_cmp_b.3	1970-01-01 00:00:00.000000000 +0000
@@ -1 +0,0 @@
-b
/bin/env: printenv: Operation not permitted
===================================================
Result: [[31mFAIL[0m] (Exit 1)
===================================================
Executing: misc/printf
Sandbox Path: /tests/misc/printf
===================================================
/tests/misc/printf: Error running getlimits
===================================================
Result: [[31mFAIL[0m] (Exit 1)
===================================================
Executing: misc/printf-cov
Sandbox Path: /tests/misc/printf-cov
===================================================
Use of uninitialized value $fname in pattern match (m//) at //lib/perl5/5.40.4/File/Temp.pm line 964.
printf: test no-args failed: exit status mismatch:  expected 1, got 126
printf: test no-arg2 failed: exit status mismatch:  expected 1, got 126
printf: test escape-1 failed: exit status mismatch:  expected 0, got 126
printf: test hex-ucX failed: exit status mismatch:  expected 0, got 126
printf: test hex-ucXw failed: exit status mismatch:  expected 0, got 126
printf: test hex-ucXp failed: exit status mismatch:  expected 0, got 126
printf: test hex-ucXwp failed: exit status mismatch:  expected 0, got 126
printf: test hex-vw failed: exit status mismatch:  expected 0, got 126
printf: test hex-vp failed: exit status mismatch:  expected 0, got 126
printf: test hex-vwvp failed: exit status mismatch:  expected 0, got 126
printf: test b failed: exit status mismatch:  expected 0, got 126
printf: test c1 failed: exit status mismatch:  expected 0, got 126
printf: test cw failed: exit status mismatch:  expected 0, got 126
printf: test d-ucXwp failed: exit status mismatch:  expected 0, got 126
printf: test d-vw failed: exit status mismatch:  expected 0, got 126
printf: test d-vp failed: exit status mismatch:  expected 0, got 126
printf: test d-vwvp failed: exit status mismatch:  expected 0, got 126
printf: test d-neg-prec failed: exit status mismatch:  expected 0, got 126
printf: test d-big-prec failed: exit status mismatch:  expected 1, got 126
printf: test d-big-fwidth failed: exit status mismatch:  expected 1, got 126
printf: test F failed: exit status mismatch:  expected 0, got 126
printf: test LF failed: exit status mismatch:  expected 0, got 126
printf: test E failed: exit status mismatch:  expected 0, got 126
printf: test LE failed: exit status mismatch:  expected 0, got 126
printf: test s failed: exit status mismatch:  expected 0, got 126
printf: test sw failed: exit status mismatch:  expected 0, got 126
printf: test sp failed: exit status mismatch:  expected 0, got 126
printf: test swp failed: exit status mismatch:  expected 0, got 126
printf: test sw-no-args failed: exit status mismatch:  expected 0, got 126
printf: test sw-no-args2 failed: exit status mismatch:  expected 0, got 126
printf: test G-ucXwp failed: exit status mismatch:  expected 0, got 126
printf: test G-vw failed: exit status mismatch:  expected 0, got 126
printf: test G-vp failed: exit status mismatch:  expected 0, got 126
printf: test G-vwvp failed: exit status mismatch:  expected 0, got 126
printf: test esc failed: exit status mismatch:  expected 0, got 126
printf: test esc-bad-hex failed: exit status mismatch:  expected 1, got 126
printf: test u-invalid failed: exit status mismatch:  expected 1, got 126
printf: test u-missing failed: exit status mismatch:  expected 1, got 126
printf: test d-invalid failed: exit status mismatch:  expected 1, got 126
printf: test d-bad-suffix failed: exit status mismatch:  expected 1, got 126
printf: test d-out-of-range failed: exit status mismatch:  expected 1, got 126
printf: test excess failed: exit status mismatch:  expected 0, got 126
printf: test percent failed: exit status mismatch:  expected 0, got 126
printf: test d-sp failed: exit status mismatch:  expected 0, got 126
printf: test d-plus failed: exit status mismatch:  expected 0, got 126
printf: test d-minus failed: exit status mismatch:  expected 0, got 126
printf: test d-zero failed: exit status mismatch:  expected 0, got 126
printf: test d-quote failed: exit status mismatch:  expected 0, got 126
printf: test d-hash failed: exit status mismatch:  expected 1, got 126
No root path(s) specified
 at //lib/perl5/5.40.4/File/Temp.pm line 932.
===================================================
Result: [[31mFAIL[0m] (Exit 1)
===================================================
Executing: misc/printf-hex
Sandbox Path: /tests/misc/printf-hex
===================================================
===================================================
Result: /tests/misc/printf-hex [[32mPASS[0m] (Exit 0)
===================================================
Executing: misc/printf-surprise
Sandbox Path: /tests/misc/printf-surprise
===================================================
tests/test-lib.sh: line 53: 9: Bad file descriptor
/tests/misc/printf-surprise: skipping test: this shell lacks ulimit support
===================================================
Result: /tests/misc/printf-surprise [[33mSKIP[0m] (Exit 77)
===================================================
Executing: misc/ptx
Sandbox Path: /tests/misc/ptx
===================================================
Use of uninitialized value $fname in pattern match (m//) at //lib/perl5/5.40.4/File/Temp.pm line 964.
No root path(s) specified
 at //lib/perl5/5.40.4/File/Temp.pm line 932.
===================================================
Result: /tests/misc/ptx [[32mPASS[0m] (Exit 0)
===================================================
Executing: misc/ptx-overrun
Sandbox Path: /tests/misc/ptx-overrun
===================================================
===================================================
Result: /tests/misc/ptx-overrun [[32mPASS[0m] (Exit 0)
Test misc/pwd-long is in the skip list. Skipping...
===================================================
Executing: misc/pwd-option
Sandbox Path: /tests/misc/pwd-option
===================================================
/bin/env: pwd: Operation not permitted
/tests/misc/pwd-option: failure in testing framework
===================================================
Result: [[31mFAIL[0m] (Exit 1)
===================================================
Executing: misc/pwd-unreadable-parent
Sandbox Path: /tests/misc/pwd-unreadable-parent
===================================================
/tests/misc/pwd-unreadable-parent: line 29: test: !=: unary operator expected
/tests/misc/pwd-unreadable-parent: line 34: test: =: unary operator expected
/bin/env: pwd: Operation not permitted
/bin/readlink: .: Permission denied
===================================================
Result: [[31mFAIL[0m] (Exit 1)
===================================================
Executing: misc/readlink-fp-loop
Sandbox Path: /tests/misc/readlink-fp-loop
===================================================
/bin/pwd: cannot open directory `..': Permission denied
/bin/readlink: p/1: Permission denied
--- /tmp/_lind_cmp_a.3	1970-01-01 00:00:00.000000000 +0000
+++ /tmp/_lind_cmp_b.3	1970-01-01 00:00:00.000000000 +0000
@@ -0,0 +1 @@
+/d/2
/bin/ln: accessing `d/2': Too many levels of symbolic links
/tests/misc/readlink-fp-loop: failure in testing framework
/bin/chmod: cannot access `/tmp/cu-readlink-fp-loop.ueJh7AXTWg/p/1': Too many levels of symbolic links
/bin/chmod: cannot access `/tmp/cu-readlink-fp-loop.ueJh7AXTWg/p/2': Too many levels of symbolic links
/bin/chmod: cannot access `/tmp/cu-readlink-fp-loop.ueJh7AXTWg/s/1': Too many levels of symbolic links
/bin/chmod: cannot access `/tmp/cu-readlink-fp-loop.ueJh7AXTWg/s/2': Too many levels of symbolic links
/bin/chmod: cannot access `/tmp/cu-readlink-fp-loop.ueJh7AXTWg/d/1': Too many levels of symbolic links
/bin/chmod: cannot access `/tmp/cu-readlink-fp-loop.ueJh7AXTWg/d/2': Too many levels of symbolic links
===================================================
Result: [[31mFAIL[0m] (Exit 1)
===================================================
Executing: misc/runcon-no-reorder
Sandbox Path: /tests/misc/runcon-no-reorder
===================================================
/bin/id: --context (-Z) works only on an SELinux-enabled kernel
--- /tmp/_lind_cmp_a.3	1970-01-01 00:00:00.000000000 +0000
+++ /tmp/_lind_cmp_b.3	1970-01-01 00:00:00.000000000 +0000
@@ -1 +1 @@
-runcon: /bin/runcon may be used only on a SELinux kernel
+runcon: runcon may be used only on a SELinux kernel
===================================================
Result: [[31mFAIL[0m] (Exit 1)
===================================================
Executing: misc/selinux
Sandbox Path: /tests/misc/selinux
===================================================
tests/test-lib.sh: line 53: 9: Bad file descriptor
/tests/misc/selinux: skipping test: this system (or maybe just the current file system) lacks SELinux support
===================================================
Result: /tests/misc/selinux [[33mSKIP[0m] (Exit 77)
===================================================
Executing: misc/seq
Sandbox Path: /tests/misc/seq
===================================================
Use of uninitialized value $fname in pattern match (m//) at //lib/perl5/5.40.4/File/Temp.pm line 964.
seq: test onearg-1: stdout mismatch, comparing onearg-1.O (actual) and onearg-1.1 (expected)
*** onearg-1.O	Thu Jan  1 00:00:00 1970
--- onearg-1.1	Thu Jan  1 00:00:00 1970
***************
*** 0 ****
--- 1,10 ----
+ 1
+ 2
+ 3
+ 4
+ 5
+ 6
+ 7
+ 8
+ 9
+ 10
seq: test empty-rev: stdout mismatch, comparing empty-rev.O (actual) and empty-rev.1 (expected)
*** empty-rev.O	Thu Jan  1 00:00:00 1970
--- empty-rev.1	Thu Jan  1 00:00:00 1970
***************
*** 1 ****
- nan
--- 0 ----
seq: test neg-1: stdout mismatch, comparing neg-1.O (actual) and neg-1.1 (expected)
*** neg-1.O	Thu Jan  1 00:00:00 1970
--- neg-1.1	Thu Jan  1 00:00:00 1970
***************
*** 0 ****
--- 1,3 ----
+ -10
+ 0
+ 10
seq: test neg-3: stdout mismatch, comparing neg-3.O (actual) and neg-3.1 (expected)
*** neg-3.O	Thu Jan  1 00:00:00 1970
--- neg-3.1	Thu Jan  1 00:00:00 1970
***************
*** 0 ****
--- 1,2 ----
+ 1
+ 0
seq: test neg-4: stdout mismatch, comparing neg-4.O (actual) and neg-4.1 (expected)
*** neg-4.O	Thu Jan  1 00:00:00 1970
--- neg-4.1	Thu Jan  1 00:00:00 1970
***************
*** 1 ****
! nan
--- 1,3 ----
! 1
! 0
! -1
seq: test float-1: stdout mismatch, comparing float-1.O (actual) and float-1.1 (expected)
*** float-1.O	Thu Jan  1 00:00:00 1970
--- float-1.1	Thu Jan  1 00:00:00 1970
***************
*** 1 ****
! 0.0
--- 1,2 ----
! 0.8
! 0.9
seq: test float-2: stdout mismatch, comparing float-2.O (actual) and float-2.1 (expected)
*** float-2.O	Thu Jan  1 00:00:00 1970
--- float-2.1	Thu Jan  1 00:00:00 1970
***************
*** 1 ****
! 0.00
--- 1,2 ----
! 0.10
! 1.09
seq: test float-3: stdout mismatch, comparing float-3.O (actual) and float-3.1 (expected)
*** float-3.O	Thu Jan  1 00:00:00 1970
--- float-3.1	Thu Jan  1 00:00:00 1970
***************
*** 0 ****
--- 1,2 ----
+ 10.8
+ 10.9
seq: test float-4: stdout mismatch, comparing float-4.O (actual) and float-4.1 (expected)
*** float-4.O	Thu Jan  1 00:00:00 1970
--- float-4.1	Thu Jan  1 00:00:00 1970
***************
*** 1 ****
--- 1,4 ----
+ 0.1
  0.0
+ -0.1
+ -0.2
seq: test float-5: stdout mismatch, comparing float-5.O (actual) and float-5.1 (expected)
*** float-5.O	Thu Jan  1 00:00:00 1970
--- float-5.1	Thu Jan  1 00:00:00 1970
***************
*** 1 ****
! 0.0
--- 1,2 ----
! 0.8
! 0.9
seq: test float-6: stdout mismatch, comparing float-6.O (actual) and float-6.1 (expected)
*** float-6.O	Thu Jan  1 00:00:00 1970
--- float-6.1	Thu Jan  1 00:00:00 1970
***************
*** 1 ****
! 0.0
--- 1,2 ----
! 0.8
! 0.9
seq: test wid-1: stdout mismatch, comparing wid-1.O (actual) and wid-1.1 (expected)
*** wid-1.O	Thu Jan  1 00:00:00 1970
--- wid-1.1	Thu Jan  1 00:00:00 1970
***************
*** 1 ****
! 0.00
--- 1,2 ----
! 0.80
! 0.81
seq: test wid-2: stdout mismatch, comparing wid-2.O (actual) and wid-2.1 (expected)
*** wid-2.O	Thu Jan  1 00:00:00 1970
--- wid-2.1	Thu Jan  1 00:00:00 1970
***************
*** 1 ****
! 0.0000000
--- 1,2 ----
! 0.8999900
! 0.8999901
seq: test eq-wid-1: stdout mismatch, comparing eq-wid-1.O (actual) and eq-wid-1.1 (expected)
*** eq-wid-1.O	Thu Jan  1 00:00:00 1970
--- eq-wid-1.1	Thu Jan  1 00:00:00 1970
***************
*** 1 ****
! nan
--- 1,3 ----
! 01
! 00
! -1
seq: test eq-wid-2: stdout mismatch, comparing eq-wid-2.O (actual) and eq-wid-2.1 (expected)
*** eq-wid-2.O	Thu Jan  1 00:00:00 1970
--- eq-wid-2.1	Thu Jan  1 00:00:00 1970
***************
*** 0 ****
--- 1,3 ----
+ -0.1
+ 00.0
+ 00.1
seq: test eq-wid-3: stdout mismatch, comparing eq-wid-3.O (actual) and eq-wid-3.1 (expected)
*** eq-wid-3.O	Thu Jan  1 00:00:00 1970
--- eq-wid-3.1	Thu Jan  1 00:00:00 1970
***************
*** 1 ****
! nan
--- 1,3 ----
! 1
! 2
! 3
seq: test eq-wid-4: stdout mismatch, comparing eq-wid-4.O (actual) and eq-wid-4.1 (expected)
*** eq-wid-4.O	Thu Jan  1 00:00:00 1970
--- eq-wid-4.1	Thu Jan  1 00:00:00 1970
***************
*** 1 ****
! 0.00
--- 1,2 ----
! 0.80
! 0.81
seq: test eq-wid-5: stdout mismatch, comparing eq-wid-5.O (actual) and eq-wid-5.1 (expected)
*** eq-wid-5.O	Thu Jan  1 00:00:00 1970
--- eq-wid-5.1	Thu Jan  1 00:00:00 1970
***************
*** 1 ****
! nan
--- 1,3 ----
! 1.0
! 1.5
! 2.0
seq: test eq-wid-6: stdout mismatch, comparing eq-wid-6.O (actual) and eq-wid-6.1 (expected)
*** eq-wid-6.O	Thu Jan  1 00:00:00 1970
--- eq-wid-6.1	Thu Jan  1 00:00:00 1970
***************
*** 1 ****
! nan
--- 1,2 ----
! 1
! 2
seq: test eq-wid-7: stdout mismatch, comparing eq-wid-7.O (actual) and eq-wid-7.1 (expected)
*** eq-wid-7.O	Thu Jan  1 00:00:00 1970
--- eq-wid-7.1	Thu Jan  1 00:00:00 1970
***************
*** 1 ****
! 0.0
--- 1 ----
! 0.1
seq: test eq-wid-8: stdout mismatch, comparing eq-wid-8.O (actual) and eq-wid-8.1 (expected)
*** eq-wid-8.O	Thu Jan  1 00:00:00 1970
--- eq-wid-8.1	Thu Jan  1 00:00:00 1970
***************
*** 1 ****
!  nan
--- 1,3 ----
! 09.0
! 09.5
! 10.0
seq: test fmt-1: stdout mismatch, comparing fmt-1.O (actual) and fmt-1.1 (expected)
*** fmt-1.O	Thu Jan  1 00:00:00 1970
--- fmt-1.1	Thu Jan  1 00:00:00 1970
***************
*** 1 ****
! nan
--- 1,2 ----
! 1.5
! 2.0
seq: test fmt-2: stdout mismatch, comparing fmt-2.O (actual) and fmt-2.1 (expected)
*** fmt-2.O	Thu Jan  1 00:00:00 1970
--- fmt-2.1	Thu Jan  1 00:00:00 1970
***************
*** 1 ****
! nan
--- 1,2 ----
! 1.5
! 2.0
seq: test fmt-3: stdout mismatch, comparing fmt-3.O (actual) and fmt-3.1 (expected)
*** fmt-3.O	Thu Jan  1 00:00:00 1970
--- fmt-3.1	Thu Jan  1 00:00:00 1970
***************
*** 1 ****
! nan
--- 1,2 ----
! 1.5
! 2.0
seq: test fmt-4: stdout mismatch, comparing fmt-4.O (actual) and fmt-4.1 (expected)
*** fmt-4.O	Thu Jan  1 00:00:00 1970
--- fmt-4.1	Thu Jan  1 00:00:00 1970
***************
*** 1 ****
! nan
--- 1,2 ----
!   1
!   2
seq: test fmt-5: stdout mismatch, comparing fmt-5.O (actual) and fmt-5.1 (expected)
*** fmt-5.O	Thu Jan  1 00:00:00 1970
--- fmt-5.1	Thu Jan  1 00:00:00 1970
***************
*** 1 ****
! nan
--- 1,2 ----
! 1  
! 2  
seq: test fmt-6: stdout mismatch, comparing fmt-6.O (actual) and fmt-6.1 (expected)
*** fmt-6.O	Thu Jan  1 00:00:00 1970
--- fmt-6.1	Thu Jan  1 00:00:00 1970
***************
*** 1 ****
! +nan
--- 1,2 ----
!  +1
!  +2
seq: test fmt-7: stdout mismatch, comparing fmt-7.O (actual) and fmt-7.1 (expected)
*** fmt-7.O	Thu Jan  1 00:00:00 1970
--- fmt-7.1	Thu Jan  1 00:00:00 1970
***************
*** 1 ****
! +nan
--- 1,2 ----
! +01
! +02
seq: test fmt-8: stdout mismatch, comparing fmt-8.O (actual) and fmt-8.1 (expected)
*** fmt-8.O	Thu Jan  1 00:00:00 1970
--- fmt-8.1	Thu Jan  1 00:00:00 1970
***************
*** 1 ****
! +nan
--- 1,2 ----
! +1
! +2
seq: test fmt-9: stdout mismatch, comparing fmt-9.O (actual) and fmt-9.1 (expected)
*** fmt-9.O	Thu Jan  1 00:00:00 1970
--- fmt-9.1	Thu Jan  1 00:00:00 1970
***************
*** 0 ****
--- 1,2 ----
+ -1 
+  0 
seq: test fmt-a: stdout mismatch, comparing fmt-a.O (actual) and fmt-a.1 (expected)
*** fmt-a.O	Thu Jan  1 00:00:00 1970
--- fmt-a.1	Thu Jan  1 00:00:00 1970
***************
*** 0 ****
--- 1,2 ----
+ -1
+  0
seq: test fmt-b: stdout mismatch, comparing fmt-b.O (actual) and fmt-b.1 (expected)
*** fmt-b.O	Thu Jan  1 00:00:00 1970
--- fmt-b.1	Thu Jan  1 00:00:00 1970
***************
*** 0 ****
--- 1 ----
+ %1%
seq: test locale-dec-pt: stdout mismatch, comparing locale-dec-pt.O (actual) and locale-dec-pt.1 (expected)
*** locale-dec-pt.O	Thu Jan  1 00:00:00 1970
--- locale-dec-pt.1	Thu Jan  1 00:00:00 1970
***************
*** 0 ****
--- 1,22 ----
+ -0.1
+ 0.0
+ 0.1
+ 0.2
+ 0.3
+ 0.4
+ 0.5
+ 0.6
+ 0.7
+ 0.8
+ 0.9
+ 1.0
+ 1.1
+ 1.2
+ 1.3
+ 1.4
+ 1.5
+ 1.6
+ 1.7
+ 1.8
+ 1.9
+ 2.0
No root path(s) specified
 at //lib/perl5/5.40.4/File/Temp.pm line 932.
===================================================
Result: [[31mFAIL[0m] (Exit 1)
===================================================
Executing: misc/seq-long-double
Sandbox Path: /tests/misc/seq-long-double
===================================================
/tests/misc/seq-long-double: Error running getlimits
===================================================
Result: [[31mFAIL[0m] (Exit 1)
===================================================
Executing: misc/sha1sum
Sandbox Path: /tests/misc/sha1sum
===================================================
Use of uninitialized value $fname in pattern match (m//) at //lib/perl5/5.40.4/File/Temp.pm line 964.
No root path(s) specified
 at //lib/perl5/5.40.4/File/Temp.pm line 932.
===================================================
Result: /tests/misc/sha1sum [[32mPASS[0m] (Exit 0)
===================================================
Executing: misc/sha1sum-vec
Sandbox Path: /tests/misc/sha1sum-vec
===================================================
Use of uninitialized value $fname in pattern match (m//) at //lib/perl5/5.40.4/File/Temp.pm line 964.
No root path(s) specified
 at //lib/perl5/5.40.4/File/Temp.pm line 932.
===================================================
Result: /tests/misc/sha1sum-vec [[32mPASS[0m] (Exit 0)
===================================================
Executing: misc/sha224sum
Sandbox Path: /tests/misc/sha224sum
===================================================
Use of uninitialized value $fname in pattern match (m//) at //lib/perl5/5.40.4/File/Temp.pm line 964.
No root path(s) specified
 at //lib/perl5/5.40.4/File/Temp.pm line 932.
===================================================
Result: /tests/misc/sha224sum [[32mPASS[0m] (Exit 0)
===================================================
Executing: misc/sha256sum
Sandbox Path: /tests/misc/sha256sum
===================================================
Use of uninitialized value $fname in pattern match (m//) at //lib/perl5/5.40.4/File/Temp.pm line 964.
No root path(s) specified
 at //lib/perl5/5.40.4/File/Temp.pm line 932.
===================================================
Result: /tests/misc/sha256sum [[32mPASS[0m] (Exit 0)
===================================================
Executing: misc/sha384sum
Sandbox Path: /tests/misc/sha384sum
===================================================
Use of uninitialized value $fname in pattern match (m//) at //lib/perl5/5.40.4/File/Temp.pm line 964.
No root path(s) specified
 at //lib/perl5/5.40.4/File/Temp.pm line 932.
===================================================
Result: /tests/misc/sha384sum [[32mPASS[0m] (Exit 0)
===================================================
Executing: misc/sha512sum
Sandbox Path: /tests/misc/sha512sum
===================================================
Use of uninitialized value $fname in pattern match (m//) at //lib/perl5/5.40.4/File/Temp.pm line 964.
No root path(s) specified
 at //lib/perl5/5.40.4/File/Temp.pm line 932.
===================================================
Result: /tests/misc/sha512sum [[32mPASS[0m] (Exit 0)
===================================================
Executing: misc/shred-exact
Sandbox Path: /tests/misc/shred-exact
===================================================
===================================================
Result: /tests/misc/shred-exact [[32mPASS[0m] (Exit 0)
===================================================
Executing: misc/shred-passes
Sandbox Path: /tests/misc/shred-passes
===================================================
===================================================
Result: /tests/misc/shred-passes [[32mPASS[0m] (Exit 0)
===================================================
Executing: misc/shred-remove
Sandbox Path: /tests/misc/shred-remove
===================================================
tests/test-lib.sh: line 53: 9: Bad file descriptor
/tests/misc/shred-remove: skipping test: must be run as non-root
===================================================
Result: /tests/misc/shred-remove [[33mSKIP[0m] (Exit 77)
===================================================
Executing: misc/shuf
Sandbox Path: /tests/misc/shuf
===================================================
not random?
--- /tmp/_lind_cmp_a.3	1970-01-01 00:00:00.000000000 +0000
+++ /tmp/_lind_cmp_b.3	1970-01-01 00:00:00.000000000 +0000
@@ -0,0 +1,100 @@
+1
+2
+3
+4
+5
+6
+7
+8
+9
+10
+11
+12
+13
+14
+15
+16
+17
+18
+19
+20
+21
+22
+23
+24
+25
+26
+27
+28
+29
+30
+31
+32
+33
+34
+35
+36
+37
+38
+39
+40
+41
+42
+43
+44
+45
+46
+47
+48
+49
+50
+51
+52
+53
+54
+55
+56
+57
+58
+59
+60
+61
+62
+63
+64
+65
+66
+67
+68
+69
+70
+71
+72
+73
+74
+75
+76
+77
+78
+79
+80
+81
+82
+83
+84
+85
+86
+87
+88
+89
+90
+91
+92
+93
+94
+95
+96
+97
+98
+99
+100
not a permutation
===================================================
Result: [[31mFAIL[0m] (Exit 1)
===================================================
Executing: misc/sort
Sandbox Path: /tests/misc/sort
===================================================
Use of uninitialized value $fname in pattern match (m//) at //lib/perl5/5.40.4/File/Temp.pm line 964.
Can't exec "getlimits": Operation not permitted at /tests/Coreutils.pm line 210.
Error running getlimits
No root path(s) specified
 at //lib/perl5/5.40.4/File/Temp.pm line 932.
===================================================
Result: [[31mFAIL[0m] (Exit 1)
===================================================
Executing: misc/sort-compress
Sandbox Path: /tests/misc/sort-compress
===================================================
===================================================
Result: [[31mFAIL[0m] (Exit 1)
===================================================
Executing: misc/sort-continue
Sandbox Path: /tests/misc/sort-continue
===================================================
/bin/ls: cannot access /snap/bin/.: No such file or directory
/bin/sort: open failed: __test.*: No such file or directory
file descriptor exhaustion not handled
/bin/sort: open failed: __test.*: No such file or directory
stdin not handled properly
===================================================
Result: [[31mFAIL[0m] (Exit 1)
===================================================
Executing: misc/sort-files0-from
Sandbox Path: /tests/misc/sort-files0-from
===================================================
Use of uninitialized value $fname in pattern match (m//) at //lib/perl5/5.40.4/File/Temp.pm line 964.
sort-files0-from: test empty: stderr mismatch, comparing empty.E (actual) and empty.2 (expected)
*** empty.E	Thu Jan  1 00:00:00 1970
--- empty.2	Thu Jan  1 00:00:00 1970
***************
*** 1 ****
! /bin/sort: 
--- 1 ----
! sort: 
No root path(s) specified
 at //lib/perl5/5.40.4/File/Temp.pm line 932.
===================================================
Result: [[31mFAIL[0m] (Exit 1)
===================================================
Executing: misc/sort-merge
Sandbox Path: /tests/misc/sort-merge
===================================================
Use of uninitialized value $fname in pattern match (m//) at //lib/perl5/5.40.4/File/Temp.pm line 964.
Can't exec "getlimits": Operation not permitted at /tests/Coreutils.pm line 210.
Error running getlimits
No root path(s) specified
 at //lib/perl5/5.40.4/File/Temp.pm line 932.
===================================================
Result: [[31mFAIL[0m] (Exit 1)
===================================================
Executing: misc/sort-merge-fdlimit
Sandbox Path: /tests/misc/sort-merge-fdlimit
===================================================
tests/test-lib.sh: line 53: 9: Bad file descriptor
/tests/misc/sort-merge-fdlimit: skipping test: this shell lacks ulimit support
===================================================
Result: /tests/misc/sort-merge-fdlimit [[33mSKIP[0m] (Exit 77)
===================================================
Executing: misc/sort-rand
Sandbox Path: /tests/misc/sort-rand
===================================================
not random?
===================================================
Result: [[31mFAIL[0m] (Exit 1)
===================================================
Executing: misc/sort-version
Sandbox Path: /tests/misc/sort-version
===================================================
/tests/misc/sort-version: line 110: warning: here-document at line 26 delimited by end-of-file (wanted `_EOF_')
===================================================
Result: /tests/misc/sort-version [[32mPASS[0m] (Exit 0)
===================================================
Executing: misc/split-a
Sandbox Path: /tests/misc/split-a
===================================================
===================================================
Result: /tests/misc/split-a [[32mPASS[0m] (Exit 0)
===================================================
Executing: misc/split-fail
Sandbox Path: /tests/misc/split-fail
===================================================
/tests/misc/split-fail: Error running getlimits
===================================================
Result: [[31mFAIL[0m] (Exit 1)
===================================================
Executing: misc/split-l
Sandbox Path: /tests/misc/split-l
===================================================
===================================================
Result: /tests/misc/split-l [[32mPASS[0m] (Exit 0)
===================================================
Executing: misc/stat-fmt
Sandbox Path: /tests/misc/stat-fmt
===================================================
===================================================
Result: /tests/misc/stat-fmt [[32mPASS[0m] (Exit 0)
===================================================
Executing: misc/stat-hyphen
Sandbox Path: /tests/misc/stat-hyphen
===================================================
/bin/stat: using `-' to denote standard input does not work in file system mode
===================================================
Result: /tests/misc/stat-hyphen [[32mPASS[0m] (Exit 0)
===================================================
Executing: misc/stat-printf
Sandbox Path: /tests/misc/stat-printf
===================================================
Use of uninitialized value $fname in pattern match (m//) at //lib/perl5/5.40.4/File/Temp.pm line 964.
No root path(s) specified
 at //lib/perl5/5.40.4/File/Temp.pm line 932.
===================================================
Result: /tests/misc/stat-printf [[32mPASS[0m] (Exit 0)
===================================================
Executing: misc/stat-slash
Sandbox Path: /tests/misc/stat-slash
===================================================
/bin/stat: cannot stat `link1/': Not a directory
--- /tmp/_lind_cmp_a.3	1970-01-01 00:00:00.000000000 +0000
+++ /tmp/_lind_cmp_b.3	1970-01-01 00:00:00.000000000 +0000
@@ -1,4 +1,4 @@
 link1
-directory
+symbolic link
 directory
 directory
===================================================
Result: [[31mFAIL[0m] (Exit 1)
===================================================
Executing: misc/stdbuf
Sandbox Path: /tests/misc/stdbuf
===================================================
/tests/misc/stdbuf: Error running getlimits
===================================================
Result: [[31mFAIL[0m] (Exit 1)
===================================================
Executing: misc/stty
Sandbox Path: /tests/misc/stty
===================================================
tests/test-lib.sh: line 53: 9: Bad file descriptor
/tests/misc/stty: skipping test: requires controlling input terminal
This test must have a controlling input "terminal", so it may not be
run via "batch", "at", or "ssh".  On some systems, it may not even be
run in the background.
===================================================
Result: /tests/misc/stty [[33mSKIP[0m] (Exit 77)
===================================================
Executing: misc/stty-invalid
Sandbox Path: /tests/misc/stty-invalid
===================================================
tests/test-lib.sh: line 53: 9: Bad file descriptor
/tests/misc/stty-invalid: skipping test: requires controlling input terminal
This test must have a controlling input "terminal", so it may not be
run via "batch", "at", or "ssh".  On some systems, it may not even be
run in the background.
===================================================
Result: /tests/misc/stty-invalid [[33mSKIP[0m] (Exit 77)
===================================================
Executing: misc/stty-row-col
Sandbox Path: /tests/misc/stty-row-col
===================================================
tests/test-lib.sh: line 53: 9: Bad file descriptor
/tests/misc/stty-row-col: skipping test: requires controlling input terminal
This test must have a controlling input "terminal", so it may not be
run via "batch", "at", or "ssh".  On some systems, it may not even be
run in the background.
===================================================
Result: /tests/misc/stty-row-col [[33mSKIP[0m] (Exit 77)
===================================================
Executing: misc/su-fail
Sandbox Path: /tests/misc/su-fail
===================================================
/bin/su: unrecognized option '---'
Try `/bin/su --help' for more information.
/bin/su: user no_such_user does not exist
===================================================
Result: /tests/misc/su-fail [[32mPASS[0m] (Exit 0)
===================================================
Executing: misc/sum
Sandbox Path: /tests/misc/sum
===================================================
Use of uninitialized value $fname in pattern match (m//) at //lib/perl5/5.40.4/File/Temp.pm line 964.
No root path(s) specified
 at //lib/perl5/5.40.4/File/Temp.pm line 932.
===================================================
Result: /tests/misc/sum [[32mPASS[0m] (Exit 0)
Test misc/sum-sysv is in the skip list. Skipping...
===================================================
Executing: misc/tac
Sandbox Path: /tests/misc/tac
===================================================
Use of uninitialized value $fname in pattern match (m//) at //lib/perl5/5.40.4/File/Temp.pm line 964.
tac: test pipe-bad-tmpdir: stderr mismatch, comparing pipe-bad-tmpdir.E (actual) and pipe-bad-tmpdir.2 (expected)
*** pipe-bad-tmpdir.E	Thu Jan  1 00:00:00 1970
--- pipe-bad-tmpdir.2	Thu Jan  1 00:00:00 1970
***************
*** 1 ****
! /bin/tac: cannot create temporary file in ...
--- 1 ----
! tac: cannot create temporary file in ...
No root path(s) specified
 at //lib/perl5/5.40.4/File/Temp.pm line 932.
===================================================
Result: [[31mFAIL[0m] (Exit 1)
===================================================
Executing: misc/tac-continue
Sandbox Path: /tests/misc/tac-continue
===================================================
tests/test-lib.sh: line 53: 9: Bad file descriptor
/tests/misc/tac-continue: skipping test: FULL_PARTITION_TMPDIR not defined
===================================================
Result: /tests/misc/tac-continue [[33mSKIP[0m] (Exit 77)
===================================================
Executing: misc/tail
Sandbox Path: /tests/misc/tail
===================================================
Use of uninitialized value $fname in pattern match (m//) at //lib/perl5/5.40.4/File/Temp.pm line 964.
No root path(s) specified
 at //lib/perl5/5.40.4/File/Temp.pm line 932.
===================================================
Result: /tests/misc/tail [[32mPASS[0m] (Exit 0)
===================================================
Executing: misc/tee
Sandbox Path: /tests/misc/tee
===================================================
===================================================
Result: /tests/misc/tee [[32mPASS[0m] (Exit 0)
===================================================
Executing: misc/tee-dash
Sandbox Path: /tests/misc/tee-dash
===================================================
/bin/ls: cannot access /snap/bin/.: No such file or directory
/bin/ls: cannot access /snap/bin/.: No such file or directory
===================================================
Result: /tests/misc/tee-dash [[32mPASS[0m] (Exit 0)
===================================================
Executing: misc/test
Sandbox Path: /tests/misc/test
===================================================
Use of uninitialized value $fname in pattern match (m//) at //lib/perl5/5.40.4/File/Temp.pm line 964.
Can't exec "getlimits": Operation not permitted at /tests/Coreutils.pm line 210.
Error running getlimits
No root path(s) specified
 at //lib/perl5/5.40.4/File/Temp.pm line 932.
===================================================
Result: [[31mFAIL[0m] (Exit 1)
===================================================
Executing: misc/test-diag
Sandbox Path: /tests/misc/test-diag
===================================================
Use of uninitialized value $fname in pattern match (m//) at //lib/perl5/5.40.4/File/Temp.pm line 964.
test-diag: test o failed: exit status mismatch:  expected 2, got 126
No root path(s) specified
 at //lib/perl5/5.40.4/File/Temp.pm line 932.
===================================================
Result: [[31mFAIL[0m] (Exit 1)
===================================================
Executing: misc/timeout
Sandbox Path: /tests/misc/timeout
===================================================
Try `/bin/timeout --help' for more information.
Try `/bin/timeout --help' for more information.
Try `/bin/timeout --help' for more information.
Try `/bin/timeout --help' for more information.
Try `/bin/timeout --help' for more information.
Try `/bin/timeout --help' for more information.
Try `/bin/timeout --help' for more information.
===================================================
Result: [[31mFAIL[0m] (Exit 1)
===================================================
Executing: misc/timeout-parameters
Sandbox Path: /tests/misc/timeout-parameters
===================================================
/tests/misc/timeout-parameters: Error running getlimits
===================================================
Result: [[31mFAIL[0m] (Exit 1)
===================================================
Executing: misc/tr
Sandbox Path: /tests/misc/tr
===================================================
Use of uninitialized value $fname in pattern match (m//) at //lib/perl5/5.40.4/File/Temp.pm line 964.
No root path(s) specified
 at //lib/perl5/5.40.4/File/Temp.pm line 932.
===================================================
Result: /tests/misc/tr [[32mPASS[0m] (Exit 0)
===================================================
Executing: misc/truncate-dangling-symlink
Sandbox Path: /tests/misc/truncate-dangling-symlink
===================================================
/bin/chmod: cannot access `/tmp/cu-truncate-dangling-symlink.8whnhTbd9m/t-symlink': No such file or directory
/bin/chmod: cannot access `/tmp/cu-truncate-dangling-symlink.8whnhTbd9m/t-symlink': No such file or directory
===================================================
Result: [[31mFAIL[0m] (Exit 1)
===================================================
Executing: misc/truncate-dir-fail
Sandbox Path: /tests/misc/truncate-dir-fail
===================================================
/bin/truncate: cannot open `.' for writing: Is a directory
===================================================
Result: /tests/misc/truncate-dir-fail [[32mPASS[0m] (Exit 0)
===================================================
Executing: misc/truncate-fail-diag
Sandbox Path: /tests/misc/truncate-fail-diag
===================================================
tests/test-lib.sh: line 53: 9: Bad file descriptor
/tests/misc/truncate-fail-diag: skipping test: must be run as non-root
===================================================
Result: /tests/misc/truncate-fail-diag [[33mSKIP[0m] (Exit 77)
===================================================
Executing: misc/truncate-fifo
Sandbox Path: /tests/misc/truncate-fifo
===================================================
===================================================
Result: /tests/misc/truncate-fifo [[32mPASS[0m] (Exit 0)
===================================================
Executing: misc/truncate-no-create-missing
Sandbox Path: /tests/misc/truncate-no-create-missing
===================================================
===================================================
Result: /tests/misc/truncate-no-create-missing [[32mPASS[0m] (Exit 0)
===================================================
Executing: misc/truncate-overflow
Sandbox Path: /tests/misc/truncate-overflow
===================================================
/tests/misc/truncate-overflow: Error running getlimits
===================================================
Result: [[31mFAIL[0m] (Exit 1)
===================================================
Executing: misc/truncate-owned-by-other
Sandbox Path: /tests/misc/truncate-owned-by-other
===================================================
/bin/setuidgid: failed to set supplemental group(s)
===================================================
Result: [[31mFAIL[0m] (Exit 1)
===================================================
Executing: misc/truncate-parameters
Sandbox Path: /tests/misc/truncate-parameters
===================================================
/bin/truncate: missing file operand
Try `/bin/truncate --help' for more information.
/bin/truncate: you must specify one of `--size' or `--reference'
Try `/bin/truncate --help' for more information.
/bin/truncate: you must specify one of `--size' or `--reference'
Try `/bin/truncate --help' for more information.
/bin/truncate: `--io-blocks' was specified but `--size' was not
Try `/bin/truncate --help' for more information.
/bin/truncate: invalid number `invalid'
/bin/truncate: multiple relative modifiers specified
Try `/bin/truncate --help' for more information.
===================================================
Result: /tests/misc/truncate-parameters [[32mPASS[0m] (Exit 0)
===================================================
Executing: misc/truncate-relative
Sandbox Path: /tests/misc/truncate-relative
===================================================
/bin/truncate: invalid number `+>0'
/bin/truncate: multiple relative modifiers specified
Try `/bin/truncate --help' for more information.
/bin/truncate: division by zero
/bin/truncate: division by zero
===================================================
Result: /tests/misc/truncate-relative [[32mPASS[0m] (Exit 0)
===================================================
Executing: misc/tsort
Sandbox Path: /tests/misc/tsort
===================================================
Use of uninitialized value $fname in pattern match (m//) at //lib/perl5/5.40.4/File/Temp.pm line 964.
No root path(s) specified
 at //lib/perl5/5.40.4/File/Temp.pm line 932.
===================================================
Result: /tests/misc/tsort [[32mPASS[0m] (Exit 0)
===================================================
Executing: misc/tty-eof
Sandbox Path: /tests/misc/tty-eof
===================================================
Use of uninitialized value $fname in pattern match (m//) at //lib/perl5/5.40.4/File/Temp.pm line 964.
tty-eof: this script requires Perl's Expect package >=1.11
No root path(s) specified
 at //lib/perl5/5.40.4/File/Temp.pm line 932.
===================================================
Result: /tests/misc/tty-eof [[33mSKIP[0m] (Exit 77)
Test misc/unexpand is in the skip list. Skipping...
===================================================
Executing: misc/uniq
Sandbox Path: /tests/misc/uniq
===================================================
Use of uninitialized value $fname in pattern match (m//) at //lib/perl5/5.40.4/File/Temp.pm line 964.
Can't exec "getlimits": Operation not permitted at /tests/Coreutils.pm line 210.
Error running getlimits
No root path(s) specified
 at //lib/perl5/5.40.4/File/Temp.pm line 932.
===================================================
Result: [[31mFAIL[0m] (Exit 1)
===================================================
Executing: misc/wc
Sandbox Path: /tests/misc/wc
===================================================
Use of uninitialized value $fname in pattern match (m//) at //lib/perl5/5.40.4/File/Temp.pm line 964.
No root path(s) specified
 at //lib/perl5/5.40.4/File/Temp.pm line 932.
===================================================
Result: /tests/misc/wc [[32mPASS[0m] (Exit 0)
===================================================
Executing: misc/wc-files0
Sandbox Path: /tests/misc/wc-files0
===================================================
--- /tmp/_lind_cmp_a.3	1970-01-01 00:00:00.000000000 +0000
+++ /tmp/_lind_cmp_b.3	1970-01-01 00:00:00.000000000 +0000
@@ -1,3 +1,3 @@
-1 1 2 2b
-1 2 8 2w
-2 3 10 total
+ 1  1  2 2b
+ 1  2  8 2w
+ 2  3 10 total
===================================================
Result: [[31mFAIL[0m] (Exit 1)
Test misc/wc-files0-from is in the skip list. Skipping...
===================================================
Executing: misc/wc-parallel
Sandbox Path: /tests/misc/wc-parallel
===================================================
/tests/misc/wc-parallel: line 28: xargs: command not found
/tests/misc/wc-parallel: line 33: find: command not found
/tests/misc/wc-parallel: line 33: xargs: command not found
===================================================
Result: [[31mFAIL[0m] (Exit 1)
===================================================
Executing: misc/xattr
Sandbox Path: /tests/misc/xattr
===================================================
/bin/cp: cannot preserve extended attributes, cp is built without xattr support
tests/test-lib.sh: line 53: 9: Bad file descriptor
/tests/misc/xattr: skipping test: coreutils built without xattr support
===================================================
Result: /tests/misc/xattr [[33mSKIP[0m] (Exit 77)
===================================================
Executing: misc/xstrtol
Sandbox Path: /tests/misc/xstrtol
===================================================
Use of uninitialized value $fname in pattern match (m//) at //lib/perl5/5.40.4/File/Temp.pm line 964.
No root path(s) specified
 at //lib/perl5/5.40.4/File/Temp.pm line 932.
===================================================
Result: /tests/misc/xstrtol [[32mPASS[0m] (Exit 0)
===================================================
Executing: mkdir/p-1
Sandbox Path: /tests/mkdir/p-1
===================================================
===================================================
Result: /tests/mkdir/p-1 [[32mPASS[0m] (Exit 0)
===================================================
Executing: mkdir/p-2
Sandbox Path: /tests/mkdir/p-2
===================================================
===================================================
Result: /tests/mkdir/p-2 [[32mPASS[0m] (Exit 0)
===================================================
Executing: mkdir/p-3
Sandbox Path: /tests/mkdir/p-3
===================================================
tests/test-lib.sh: line 53: 9: Bad file descriptor
/tests/mkdir/p-3: skipping test: must be run as non-root
===================================================
Result: /tests/mkdir/p-3 [[33mSKIP[0m] (Exit 77)
===================================================
Executing: mkdir/p-slashdot
Sandbox Path: /tests/mkdir/p-slashdot
===================================================
===================================================
Result: /tests/mkdir/p-slashdot [[32mPASS[0m] (Exit 0)
===================================================
Executing: mkdir/p-thru-slink
Sandbox Path: /tests/mkdir/p-thru-slink
===================================================
/bin/chmod: WARNING: Circular directory structure.
This almost certainly means that you have a corrupted file system.
NOTIFY YOUR SYSTEM MANAGER.
The following directory is part of the cycle:
  `/tmp/cu-p-thru-slink.wUnTJlLO2F/slink'

===================================================
Result: /tests/mkdir/p-thru-slink [[32mPASS[0m] (Exit 0)
===================================================
Executing: mkdir/p-v
Sandbox Path: /tests/mkdir/p-v
===================================================
1,5c1,5
< mkdir: created directory `foo'
< mkdir: created directory `foo/a'
< mkdir: created directory `foo/a/b'
< mkdir: created directory `foo/a/b/c'
< mkdir: created directory `foo/a/b/c/d'
---
> /bin/mkdir: created directory `foo'
> /bin/mkdir: created directory `foo/a'
> /bin/mkdir: created directory `foo/a/b'
> /bin/mkdir: created directory `foo/a/b/c'
> /bin/mkdir: created directory `foo/a/b/c/d'
===================================================
Result: /tests/mkdir/p-v [[32mPASS[0m] (Exit 0)
===================================================
Executing: mkdir/parents
Sandbox Path: /tests/mkdir/parents
===================================================
tests/test-lib.sh: line 53: 9: Bad file descriptor
/tests/mkdir/parents: skipping test: this directory has the setgid bit set
===================================================
Result: /tests/mkdir/parents [[33mSKIP[0m] (Exit 77)
===================================================
Executing: mkdir/perm
Sandbox Path: /tests/mkdir/perm
===================================================
tests/test-lib.sh: line 53: 9: Bad file descriptor
/tests/mkdir/perm: skipping test: this directory has the setgid bit set
===================================================
Result: /tests/mkdir/perm [[33mSKIP[0m] (Exit 77)
===================================================
Executing: mkdir/selinux
Sandbox Path: /tests/mkdir/selinux
===================================================
tests/test-lib.sh: line 78: getenforce: command not found
tests/test-lib.sh: line 53: 9: Bad file descriptor
/tests/mkdir/selinux: skipping test: This test is useful only with SELinux in Enforcing mode.
===================================================
Result: /tests/mkdir/selinux [[33mSKIP[0m] (Exit 77)
===================================================
Executing: mkdir/special-1
Sandbox Path: /tests/mkdir/special-1
===================================================
===================================================
Result: [[31mFAIL[0m] (Exit 1)
===================================================
Executing: mkdir/t-slash
Sandbox Path: /tests/mkdir/t-slash
===================================================
===================================================
Result: /tests/mkdir/t-slash [[32mPASS[0m] (Exit 0)
===================================================
Executing: mkdir/writable-under-readonly
Sandbox Path: /tests/mkdir/writable-under-readonly
===================================================
tests/test-lib.sh: line 53: 9: Bad file descriptor
/tests/mkdir/writable-under-readonly: skipping test: temporarily disabled
===================================================
Result: /tests/mkdir/writable-under-readonly [[33mSKIP[0m] (Exit 77)
===================================================
Executing: mv/acl
Sandbox Path: /tests/mv/acl
===================================================
tests/test-lib.sh: line 53: 9: Bad file descriptor
/tests/mv/acl: skipping test: This test requires getfacl and setfacl.
===================================================
Result: /tests/mv/acl [[33mSKIP[0m] (Exit 77)
===================================================
Executing: mv/atomic
Sandbox Path: /tests/mv/atomic
===================================================
tests/test-lib.sh: line 53: 9: Bad file descriptor
/tests/mv/atomic: skipping test: no strace program
===================================================
Result: /tests/mv/atomic [[33mSKIP[0m] (Exit 77)
===================================================
Executing: mv/atomic2
Sandbox Path: /tests/mv/atomic2
===================================================
tests/test-lib.sh: line 53: 9: Bad file descriptor
/tests/mv/atomic2: skipping test: no strace program
===================================================
Result: /tests/mv/atomic2 [[33mSKIP[0m] (Exit 77)
===================================================
Executing: mv/backup-dir
Sandbox Path: /tests/mv/backup-dir
===================================================
===================================================
Result: /tests/mv/backup-dir [[32mPASS[0m] (Exit 0)
===================================================
Executing: mv/backup-is-src
Sandbox Path: /tests/mv/backup-is-src
===================================================
tests/test-lib.sh: line 53: 9: Bad file descriptor
/tests/mv/backup-is-src: skipping test: requires a writable directory on a different disk partition,
and I couldn't find one.  I tried these:
   /tmp /dev/shm /var/tmp /usr/tmp 
Set your environment variable CANDIDATE_TMP_DIRS to make
this test use a different list.
/bin/rm: it is dangerous to operate recursively on `' (same as `/')
/bin/rm: use --no-preserve-root to override this failsafe
===================================================
Result: /tests/mv/backup-is-src [[33mSKIP[0m] (Exit 77)
===================================================
Executing: mv/childproof
Sandbox Path: /tests/mv/childproof
===================================================
tests/test-lib.sh: line 53: 9: Bad file descriptor
/tests/mv/childproof: skipping test: must be run as non-root
===================================================
Result: /tests/mv/childproof [[33mSKIP[0m] (Exit 77)
===================================================
Executing: mv/diag
Sandbox Path: /tests/mv/diag
===================================================
===================================================
Result: /tests/mv/diag [[32mPASS[0m] (Exit 0)
===================================================
Executing: mv/dir-file
Sandbox Path: /tests/mv/dir-file
===================================================
===================================================
Result: /tests/mv/dir-file [[32mPASS[0m] (Exit 0)
===================================================
Executing: mv/dir2dir
Sandbox Path: /tests/mv/dir2dir
===================================================
--- /tmp/_lind_cmp_a.3	1970-01-01 00:00:00.000000000 +0000
+++ /tmp/_lind_cmp_b.3	1970-01-01 00:00:00.000000000 +0000
@@ -1 +1 @@
-mv: cannot move `b/t' to `a/t': Cannot allocate memory
+mv: cannot move `b/t' to `a/t': Directory not empty
===================================================
Result: [[31mFAIL[0m] (Exit 1)
===================================================
Executing: mv/dup-source
Sandbox Path: /tests/mv/dup-source
===================================================
tests/test-lib.sh: line 53: 9: Bad file descriptor
/tests/mv/dup-source: skipping test: must be run as non-root
===================================================
Result: /tests/mv/dup-source [[33mSKIP[0m] (Exit 77)
===================================================
Executing: mv/force
Sandbox Path: /tests/mv/force
===================================================
===================================================
Result: /tests/mv/force [[32mPASS[0m] (Exit 0)
===================================================
Executing: mv/hard-2
Sandbox Path: /tests/mv/hard-2
===================================================
tests/test-lib.sh: line 53: 9: Bad file descriptor
/tests/mv/hard-2: skipping test: must be run as non-root
===================================================
Result: /tests/mv/hard-2 [[33mSKIP[0m] (Exit 77)
===================================================
Executing: mv/hard-3
Sandbox Path: /tests/mv/hard-3
===================================================
tests/test-lib.sh: line 53: 9: Bad file descriptor
/tests/mv/hard-3: skipping test: must be run as non-root
===================================================
Result: /tests/mv/hard-3 [[33mSKIP[0m] (Exit 77)
===================================================
Executing: mv/hard-4
Sandbox Path: /tests/mv/hard-4
===================================================
===================================================
Result: /tests/mv/hard-4 [[32mPASS[0m] (Exit 0)
===================================================
Executing: mv/hard-link-1
Sandbox Path: /tests/mv/hard-link-1
===================================================
tests/test-lib.sh: line 53: 9: Bad file descriptor
/tests/mv/hard-link-1: skipping test: requires a writable directory on a different disk partition,
and I couldn't find one.  I tried these:
   /tmp /dev/shm /var/tmp /usr/tmp 
Set your environment variable CANDIDATE_TMP_DIRS to make
this test use a different list.
/bin/rm: it is dangerous to operate recursively on `' (same as `/')
/bin/rm: use --no-preserve-root to override this failsafe
===================================================
Result: /tests/mv/hard-link-1 [[33mSKIP[0m] (Exit 77)
===================================================
Executing: mv/hard-verbose
Sandbox Path: /tests/mv/hard-verbose
===================================================
===================================================
Result: /tests/mv/hard-verbose [[32mPASS[0m] (Exit 0)
===================================================
Executing: mv/i-1
Sandbox Path: /tests/mv/i-1
===================================================
Use of uninitialized value $fname in pattern match (m//) at //lib/perl5/5.40.4/File/Temp.pm line 964.
No root path(s) specified
 at //lib/perl5/5.40.4/File/Temp.pm line 932.
===================================================
Result: /tests/mv/i-1 [[32mPASS[0m] (Exit 0)
===================================================
Executing: mv/i-2
Sandbox Path: /tests/mv/i-2
===================================================
tests/test-lib.sh: line 53: 9: Bad file descriptor
/tests/mv/i-2: skipping test: must be run as non-root
===================================================
Result: /tests/mv/i-2 [[33mSKIP[0m] (Exit 77)
===================================================
Executing: mv/i-3
Sandbox Path: /tests/mv/i-3
===================================================
tests/test-lib.sh: line 53: 9: Bad file descriptor
/tests/mv/i-3: skipping test: requires controlling input terminal
This test must have a controlling input "terminal", so it may not be
run via "batch", "at", or "ssh".  On some systems, it may not even be
run in the background.
===================================================
Result: /tests/mv/i-3 [[33mSKIP[0m] (Exit 77)
===================================================
Executing: mv/i-4
Sandbox Path: /tests/mv/i-4
===================================================
===================================================
Result: /tests/mv/i-4 [[32mPASS[0m] (Exit 0)
===================================================
Executing: mv/i-5
Sandbox Path: /tests/mv/i-5
===================================================
===================================================
Result: /tests/mv/i-5 [[32mPASS[0m] (Exit 0)
===================================================
Executing: mv/i-link-no
Sandbox Path: /tests/mv/i-link-no
===================================================
===================================================
Result: /tests/mv/i-link-no [[32mPASS[0m] (Exit 0)
===================================================
Executing: mv/into-self
Sandbox Path: /tests/mv/into-self
===================================================
===================================================
Result: /tests/mv/into-self [[32mPASS[0m] (Exit 0)
===================================================
Executing: mv/into-self-2
Sandbox Path: /tests/mv/into-self-2
===================================================
tests/test-lib.sh: line 53: 9: Bad file descriptor
/tests/mv/into-self-2: skipping test: requires a writable directory on a different disk partition,
and I couldn't find one.  I tried these:
   /tmp /dev/shm /var/tmp /usr/tmp 
Set your environment variable CANDIDATE_TMP_DIRS to make
this test use a different list.
/bin/rm: it is dangerous to operate recursively on `' (same as `/')
/bin/rm: use --no-preserve-root to override this failsafe
===================================================
Result: /tests/mv/into-self-2 [[33mSKIP[0m] (Exit 77)
===================================================
Executing: mv/into-self-3
Sandbox Path: /tests/mv/into-self-3
===================================================
===================================================
Result: /tests/mv/into-self-3 [[32mPASS[0m] (Exit 0)
===================================================
Executing: mv/into-self-4
Sandbox Path: /tests/mv/into-self-4
===================================================
===================================================
Result: /tests/mv/into-self-4 [[32mPASS[0m] (Exit 0)
===================================================
Executing: mv/leak-fd
Sandbox Path: /tests/mv/leak-fd
===================================================
tests/test-lib.sh: line 53: 9: Bad file descriptor
/tests/mv/leak-fd: skipping test: must be run as non-root
===================================================
Result: /tests/mv/leak-fd [[33mSKIP[0m] (Exit 77)
===================================================
Executing: mv/mv-n
Sandbox Path: /tests/mv/mv-n
===================================================
===================================================
Result: /tests/mv/mv-n [[32mPASS[0m] (Exit 0)
===================================================
Executing: mv/mv-special-1
Sandbox Path: /tests/mv/mv-special-1
===================================================
tests/test-lib.sh: line 53: 9: Bad file descriptor
/tests/mv/mv-special-1: skipping test: requires a writable directory on a different disk partition,
and I couldn't find one.  I tried these:
   /tmp /dev/shm /var/tmp /usr/tmp 
Set your environment variable CANDIDATE_TMP_DIRS to make
this test use a different list.
/bin/rm: it is dangerous to operate recursively on `' (same as `/')
/bin/rm: use --no-preserve-root to override this failsafe
===================================================
Result: /tests/mv/mv-special-1 [[33mSKIP[0m] (Exit 77)
===================================================
Executing: mv/no-target-dir
Sandbox Path: /tests/mv/no-target-dir
===================================================
/bin/mv: cannot move `a' to `b/a': Cannot allocate memory
tests/test-lib.sh: line 53: 9: Bad file descriptor
/tests/mv/no-target-dir: skipping test: your kernel's rename syscall is buggy
===================================================
Result: /tests/mv/no-target-dir [[33mSKIP[0m] (Exit 77)
===================================================
Executing: mv/part-fail
Sandbox Path: /tests/mv/part-fail
===================================================
tests/test-lib.sh: line 53: 9: Bad file descriptor
/tests/mv/part-fail: skipping test: must be run as non-root
===================================================
Result: /tests/mv/part-fail [[33mSKIP[0m] (Exit 77)
===================================================
Executing: mv/part-hardlink
Sandbox Path: /tests/mv/part-hardlink
===================================================
tests/test-lib.sh: line 53: 9: Bad file descriptor
/tests/mv/part-hardlink: skipping test: requires a writable directory on a different disk partition,
and I couldn't find one.  I tried these:
   /tmp /dev/shm /var/tmp /usr/tmp 
Set your environment variable CANDIDATE_TMP_DIRS to make
this test use a different list.
/bin/rm: it is dangerous to operate recursively on `' (same as `/')
/bin/rm: use --no-preserve-root to override this failsafe
===================================================
Result: /tests/mv/part-hardlink [[33mSKIP[0m] (Exit 77)
===================================================
Executing: mv/part-rename
Sandbox Path: /tests/mv/part-rename
===================================================
tests/test-lib.sh: line 53: 9: Bad file descriptor
/tests/mv/part-rename: skipping test: requires a writable directory on a different disk partition,
and I couldn't find one.  I tried these:
   /tmp /dev/shm /var/tmp /usr/tmp 
Set your environment variable CANDIDATE_TMP_DIRS to make
this test use a different list.
/bin/rm: it is dangerous to operate recursively on `' (same as `/')
/bin/rm: use --no-preserve-root to override this failsafe
===================================================
Result: /tests/mv/part-rename [[33mSKIP[0m] (Exit 77)
===================================================
Executing: mv/part-symlink
Sandbox Path: /tests/mv/part-symlink
===================================================
tests/test-lib.sh: line 53: 9: Bad file descriptor
/tests/mv/part-symlink: skipping test: requires a writable directory on a different disk partition,
and I couldn't find one.  I tried these:
   /tmp /dev/shm /var/tmp /usr/tmp 
Set your environment variable CANDIDATE_TMP_DIRS to make
this test use a different list.
/bin/rm: it is dangerous to operate recursively on `' (same as `/')
/bin/rm: use --no-preserve-root to override this failsafe
===================================================
Result: /tests/mv/part-symlink [[33mSKIP[0m] (Exit 77)
===================================================
Executing: mv/partition-perm
Sandbox Path: /tests/mv/partition-perm
===================================================
tests/test-lib.sh: line 53: 9: Bad file descriptor
/tests/mv/partition-perm: skipping test: requires a writable directory on a different disk partition,
and I couldn't find one.  I tried these:
   /tmp /dev/shm /var/tmp /usr/tmp 
Set your environment variable CANDIDATE_TMP_DIRS to make
this test use a different list.
/bin/rm: it is dangerous to operate recursively on `' (same as `/')
/bin/rm: use --no-preserve-root to override this failsafe
===================================================
Result: /tests/mv/partition-perm [[33mSKIP[0m] (Exit 77)
===================================================
Executing: mv/perm-1
Sandbox Path: /tests/mv/perm-1
===================================================
tests/test-lib.sh: line 53: 9: Bad file descriptor
/tests/mv/perm-1: skipping test: must be run as non-root
===================================================
Result: /tests/mv/perm-1 [[33mSKIP[0m] (Exit 77)
===================================================
Executing: mv/sticky-to-xpart
Sandbox Path: /tests/mv/sticky-to-xpart
===================================================
tests/test-lib.sh: line 53: 9: Bad file descriptor
/tests/mv/sticky-to-xpart: skipping test: requires a writable directory on a different disk partition,
and I couldn't find one.  I tried these:
   /tmp /dev/shm /var/tmp /usr/tmp 
Set your environment variable CANDIDATE_TMP_DIRS to make
this test use a different list.
/bin/rm: it is dangerous to operate recursively on `' (same as `/')
/bin/rm: use --no-preserve-root to override this failsafe
===================================================
Result: /tests/mv/sticky-to-xpart [[33mSKIP[0m] (Exit 77)
===================================================
Executing: mv/to-symlink
Sandbox Path: /tests/mv/to-symlink
===================================================
tests/test-lib.sh: line 53: 9: Bad file descriptor
/tests/mv/to-symlink: skipping test: requires a writable directory on a different disk partition,
and I couldn't find one.  I tried these:
   /tmp /dev/shm /var/tmp /usr/tmp 
Set your environment variable CANDIDATE_TMP_DIRS to make
this test use a different list.
/bin/rm: it is dangerous to operate recursively on `' (same as `/')
/bin/rm: use --no-preserve-root to override this failsafe
===================================================
Result: /tests/mv/to-symlink [[33mSKIP[0m] (Exit 77)
===================================================
Executing: mv/trailing-slash
Sandbox Path: /tests/mv/trailing-slash
===================================================
===================================================
Result: /tests/mv/trailing-slash [[32mPASS[0m] (Exit 0)
===================================================
Executing: mv/update
Sandbox Path: /tests/mv/update
===================================================
===================================================
Result: [[31mFAIL[0m] (Exit 1)
===================================================
Executing: pr/pr-tests
Sandbox Path: /tests/pr/pr-tests
===================================================
Use of uninitialized value $fname in pattern match (m//) at //lib/perl5/5.40.4/File/Temp.pm line 964.
No root path(s) specified
 at //lib/perl5/5.40.4/File/Temp.pm line 932.
===================================================
Result: /tests/pr/pr-tests [[32mPASS[0m] (Exit 0)
===================================================
Executing: readlink/can-e
Sandbox Path: /tests/readlink/can-e
===================================================
/bin/pwd: cannot open directory `..': Permission denied
/bin/chmod: cannot access `/tmp/cu-can-e.xA9rO4EdBI/d/link3': No such file or directory
/bin/chmod: cannot access `/tmp/cu-can-e.xA9rO4EdBI/d/link4': No such file or directory
===================================================
Result: [[31mFAIL[0m] (Exit 1)
===================================================
Executing: readlink/can-f
Sandbox Path: /tests/readlink/can-f
===================================================
/bin/pwd: cannot open directory `..': Permission denied
/bin/chmod: cannot access `/tmp/cu-can-f.PaWXoXVP5e/d/link3': No such file or directory
/bin/chmod: cannot access `/tmp/cu-can-f.PaWXoXVP5e/d/link4': No such file or directory
/bin/chmod: cannot access `/tmp/cu-can-f.PaWXoXVP5e/d/link5': Too many levels of symbolic links
===================================================
Result: [[31mFAIL[0m] (Exit 1)
===================================================
Executing: readlink/can-m
Sandbox Path: /tests/readlink/can-m
===================================================
/bin/pwd: cannot open directory `..': Permission denied
/bin/chmod: cannot access `/tmp/cu-can-m.d3UzxlxO5s/d/link3': No such file or directory
/bin/chmod: cannot access `/tmp/cu-can-m.d3UzxlxO5s/d/link4': No such file or directory
===================================================
Result: [[31mFAIL[0m] (Exit 1)
===================================================
Executing: readlink/rl-1
Sandbox Path: /tests/readlink/rl-1
===================================================
/bin/chmod: cannot access `/tmp/cu-rl-1.lggKe51uJM/link2': No such file or directory
===================================================
Result: /tests/readlink/rl-1 [[32mPASS[0m] (Exit 0)
===================================================
Executing: rm/cycle
Sandbox Path: /tests/rm/cycle
===================================================
tests/test-lib.sh: line 53: 9: Bad file descriptor
/tests/rm/cycle: skipping test: must be run as non-root
===================================================
Result: /tests/rm/cycle [[33mSKIP[0m] (Exit 77)
===================================================
Executing: rm/dangling-symlink
Sandbox Path: /tests/rm/dangling-symlink
===================================================
/bin/rm: cannot remove `symlink': Is a directory
/bin/chmod: WARNING: Circular directory structure.
This almost certainly means that you have a corrupted file system.
NOTIFY YOUR SYSTEM MANAGER.
The following directory is part of the cycle:
  `/tmp/cu-dangling-symlink.xupfV0glts/symlink/tmp/cu-dangling-symlink.xupfV0glts/symlink/tmp/cu-dangling-symlink.xupfV0glts'

===================================================
Result: [[31mFAIL[0m] (Exit 1)
===================================================
Executing: rm/deep-1
Sandbox Path: /tests/rm/deep-1
===================================================
[3i|copy] null terminator not found within max length: cage=3, addr=71129c82a710, max_len=256
/bin/rm: cannot remove `t': Permission denied
[3i|copy] null terminator not found within max length: cage=22, addr=7104788045b0, max_len=256
[3i|copy] null terminator not found within max length: cage=22, addr=7104788045b0, max_len=256
[3i|copy] null terminator not found within max length: cage=22, addr=7104788045b0, max_len=256
[3i|copy] null terminator not found within max length: cage=22, addr=7104788045b0, max_len=256
[3i|copy] null terminator not found within max length: cage=22, addr=7104788045b0, max_len=256
[3i|copy] null terminator not found within max length: cage=22, addr=7104788045b0, max_len=256
[3i|copy] null terminator not found within max length: cage=22, addr=7104788045b0, max_len=256
[3i|copy] null terminator not found within max length: cage=22, addr=7104788045b0, max_len=256
[3i|copy] null terminator not found within max length: cage=22, addr=7104788045b0, max_len=256
[3i|copy] null terminator not found within max length: cage=22, addr=7104788045b0, max_len=256
[3i|copy] null terminator not found within max length: cage=22, addr=7104788045b0, max_len=256
[3i|copy] null terminator not found within max length: cage=22, addr=7104788045b0, max_len=256
[3i|copy] null terminator not found within max length: cage=22, addr=7104788045b0, max_len=256
[3i|copy] null terminator not found within max length: cage=22, addr=7104788045b0, max_len=256
[3i|copy] null terminator not found within max length: cage=22, addr=7104788045b0, max_len=256
[3i|copy] null terminator not found within max length: cage=22, addr=7104788045b0, max_len=256
[3i|copy] null terminator not found within max length: cage=22, addr=7104788045b0, max_len=256
[3i|copy] null terminator not found within max length: cage=22, addr=7104788045b0, max_len=256
[3i|copy] null terminator not found within max length: cage=22, addr=7104788045b0, max_len=256
[3i|copy] null terminator not found within max length: cage=22, addr=7104788045b0, max_len=256
[3i|copy] null terminator not found within max length: cage=22, addr=7104788045b0, max_len=256
[3i|copy] null terminator not found within max length: cage=22, addr=7104788045b0, max_len=256
[3i|copy] null terminator not found within max length: cage=22, addr=7104788045b0, max_len=256
[3i|copy] null terminator not found within max length: cage=22, addr=7104788045b0, max_len=256
[3i|copy] null terminator not found within max length: cage=22, addr=7104788045b0, max_len=256
[3i|copy] null terminator not found within max length: cage=22, addr=7104788045b0, max_len=256
[3i|copy] null terminator not found within max length: cage=22, addr=7104788045b0, max_len=256
[3i|copy] null terminator not found within max length: cage=22, addr=7104788045b0, max_len=256
[3i|copy] null terminator not found within max length: cage=22, addr=7104788045b0, max_len=256
[3i|copy] null terminator not found within max length: cage=22, addr=7104788045b0, max_len=256
[3i|copy] null terminator not found within max length: cage=22, addr=7104788045b0, max_len=256
[3i|copy] null terminator not found within max length: cage=22, addr=7104788045b0, max_len=256
[3i|copy] null terminator not found within max length: cage=22, addr=7104788045b0, max_len=256
[3i|copy] null terminator not found within max length: cage=22, addr=7104788045b0, max_len=256
[3i|copy] null terminator not found within max length: cage=22, addr=7104788045b0, max_len=256
[3i|copy] null terminator not found within max length: cage=22, addr=7104788045b0, max_len=256
[3i|copy] null terminator not found within max length: cage=22, addr=7104788045b0, max_len=256
/bin/chmod: WARNING: Circular directory structure.
This almost certainly means that you have a corrupted file system.
NOTIFY YOUR SYSTEM MANAGER.
The following directory is part of the cycle:
  `/tmp/cu-deep-1.z1lF5pAlBc/t/k/k/k/k/k/k/k/k/k/k/k/k/k/k/k/k/k/k/k/k/k/k/k/k/k/k/k/k/k/k/k/k/k/k/k/k/k/k/k/k/k/k/k/k/k/k/k/k/k/k/k/k/k/k/k/k/k/k/k/k/k/k/k/k/k/k/k/k/k/k/k/k/k/k/k/k/k/k/k/k/k/k/k/k/k/k/k/k/k/k/k/k/k/k/k/k/k/k/k/k/k/k/k/k/k/k/k/k/k/k/k/k/k/k/k/cu-deep-1.z1lF5pAlBc/cu-deep-1.z1lF5pAlBc/cu-deep-1.z1lF5pAlBc/cu-deep-1.z1lF5pAlBc/cu-deep-1.z1lF5pAlBc/cu-deep-1.z1lF5pAlBc/cu-deep-1.z1lF5pAlBc/cu-deep-1.z1lF5pAlBc/cu-deep-1.z1lF5pAlBc/cu-deep-1.z1lF5pAlBc/cu-deep-1.z1lF5pAlBc/cu-deep-1.z1lF5pAlBc'

===================================================
Result: [[31mFAIL[0m] (Exit 1)
===================================================
Executing: rm/deep-2
Sandbox Path: /tests/rm/deep-2
===================================================
tests/test-lib.sh: line 53: 9: Bad file descriptor
/tests/rm/deep-2: skipping test: must be run as non-root
===================================================
Result: /tests/rm/deep-2 [[33mSKIP[0m] (Exit 77)
===================================================
Executing: rm/dir-no-w
Sandbox Path: /tests/rm/dir-no-w
===================================================
===================================================
Result: /tests/rm/dir-no-w [[32mPASS[0m] (Exit 0)
===================================================
Executing: rm/dir-nonrecur
Sandbox Path: /tests/rm/dir-nonrecur
===================================================
===================================================
Result: /tests/rm/dir-nonrecur [[32mPASS[0m] (Exit 0)
===================================================
Executing: rm/dot-rel
Sandbox Path: /tests/rm/dot-rel
===================================================
===================================================
Result: /tests/rm/dot-rel [[32mPASS[0m] (Exit 0)
===================================================
Executing: rm/empty-inacc
Sandbox Path: /tests/rm/empty-inacc
===================================================
tests/test-lib.sh: line 53: 9: Bad file descriptor
/tests/rm/empty-inacc: skipping test: must be run as non-root
===================================================
Result: /tests/rm/empty-inacc [[33mSKIP[0m] (Exit 77)
===================================================
Executing: rm/empty-name
Sandbox Path: /tests/rm/empty-name
===================================================
Use of uninitialized value $fname in pattern match (m//) at //lib/perl5/5.40.4/File/Temp.pm line 964.
empty-name: test empty-name-1: stderr mismatch, comparing empty-name-1.E (actual) and empty-name-1.1 (expected)
*** empty-name-1.E	Thu Jan  1 00:00:00 1970
--- empty-name-1.1	Thu Jan  1 00:00:00 1970
***************
*** 1 ****
! rm: cannot remove `': Is a directory
--- 1 ----
! rm: cannot remove `': No such file or directory
empty-name: test empty-name-2: stderr mismatch, comparing empty-name-2.E (actual) and empty-name-2.1 (expected)
*** empty-name-2.E	Thu Jan  1 00:00:00 1970
--- empty-name-2.1	Thu Jan  1 00:00:00 1970
***************
*** 1 ****
! rm: cannot remove `': Is a directory
--- 1 ----
! rm: cannot remove `': No such file or directory
No root path(s) specified
 at //lib/perl5/5.40.4/File/Temp.pm line 932.
===================================================
Result: [[31mFAIL[0m] (Exit 1)
===================================================
Executing: rm/ext3-perf
Sandbox Path: /tests/rm/ext3-perf
===================================================
tests/test-lib.sh: line 53: 9: Bad file descriptor
/tests/rm/ext3-perf: skipping test: very expensive: disabled by default
This test is very expensive, so it is disabled by default.
To run it anyway, rerun make check with the RUN_VERY_EXPENSIVE_TESTS
environment variable set to yes.  E.g.,

  env RUN_VERY_EXPENSIVE_TESTS=yes make check

===================================================
Result: /tests/rm/ext3-perf [[33mSKIP[0m] (Exit 77)
===================================================
Executing: rm/f-1
Sandbox Path: /tests/rm/f-1
===================================================
===================================================
Result: /tests/rm/f-1 [[32mPASS[0m] (Exit 0)
===================================================
Executing: rm/fail-2eperm
Sandbox Path: /tests/rm/fail-2eperm
===================================================
/bin/setuidgid: failed to set supplemental group(s)
--- /tmp/_lind_cmp_a.3	1970-01-01 00:00:00.000000000 +0000
+++ /tmp/_lind_cmp_b.3	1970-01-01 00:00:00.000000000 +0000
@@ -1 +1 @@
-setuidgid: failed to set supplemental group(s)
+rm: cannot remove `a/b': Operation not permitted
===================================================
Result: [[31mFAIL[0m] (Exit 1)
===================================================
Executing: rm/fail-eacces
Sandbox Path: /tests/rm/fail-eacces
===================================================
tests/test-lib.sh: line 53: 9: Bad file descriptor
/tests/rm/fail-eacces: skipping test: must be run as non-root
===================================================
Result: /tests/rm/fail-eacces [[33mSKIP[0m] (Exit 77)
===================================================
Executing: rm/fail-eperm
Sandbox Path: /tests/rm/fail-eperm
===================================================
Use of uninitialized value $fname in pattern match (m//) at //lib/perl5/5.40.4/File/Temp.pm line 964.
"-T" is on the #! line, it must also be used on the command line at /tests/rm/fail-eperm line 1.
No root path(s) specified
 at //lib/perl5/5.40.4/File/Temp.pm line 932.
===================================================
Result: [[31mFAIL[0m] (Exit 13)
===================================================
Executing: rm/hash
Sandbox Path: /tests/rm/hash
===================================================
tests/test-lib.sh: line 53: 9: Bad file descriptor
/tests/rm/hash: skipping test: expensive: disabled by default
This test is relatively expensive, so it is disabled by default.
To run it anyway, rerun make check with the RUN_EXPENSIVE_TESTS
environment variable set to yes.  E.g.,

  env RUN_EXPENSIVE_TESTS=yes make check

===================================================
Result: /tests/rm/hash [[33mSKIP[0m] (Exit 77)
===================================================
Executing: rm/i-1
Sandbox Path: /tests/rm/i-1
===================================================
/bin/rm: cannot remove `t': Permission denied
===================================================
Result: /tests/rm/i-1 [[32mPASS[0m] (Exit 0)
===================================================
Executing: rm/i-never
Sandbox Path: /tests/rm/i-never
===================================================
tests/test-lib.sh: line 53: 9: Bad file descriptor
/tests/rm/i-never: skipping test: must be run as non-root
===================================================
Result: /tests/rm/i-never [[33mSKIP[0m] (Exit 77)
===================================================
Executing: rm/i-no-r
Sandbox Path: /tests/rm/i-no-r
===================================================
===================================================
Result: /tests/rm/i-no-r [[32mPASS[0m] (Exit 0)
===================================================
Executing: rm/ignorable
Sandbox Path: /tests/rm/ignorable
===================================================
tests/test-lib.sh: line 53: 9: Bad file descriptor
/tests/rm/ignorable: skipping test: must be run as non-root
===================================================
Result: /tests/rm/ignorable [[33mSKIP[0m] (Exit 77)
===================================================
Executing: rm/inaccessible
Sandbox Path: /tests/rm/inaccessible
===================================================
: /lib/config.h: No such file or directory
tests/test-lib.sh: line 53: 9: Bad file descriptor
/tests/rm/inaccessible: skipping test: this system lacks openat support
===================================================
Result: /tests/rm/inaccessible [[33mSKIP[0m] (Exit 77)
===================================================
Executing: rm/interactive-always
Sandbox Path: /tests/rm/interactive-always
===================================================
--- /tmp/_lind_cmp_a.3	1970-01-01 00:00:00.000000000 +0000
+++ /tmp/_lind_cmp_b.3	1970-01-01 00:00:00.000000000 +0000
@@ -1,11 +1,11 @@
 no WHEN
-rm: remove regular empty file `file1-1'? /bin/rm: remove regular empty file `file1-2'? .
+rm: remove regular empty file `file1-1'? rm: remove regular empty file `file1-2'? .
 WHEN=never
 .
 WHEN=once
 rm: remove all arguments recursively? .
 WHEN=always
-rm: remove regular empty file `file4-1'? /bin/rm: remove regular empty file `file4-2'? .
+rm: remove regular empty file `file4-1'? rm: remove regular empty file `file4-2'? .
 -f overrides --interactive
 .
 --interactive overrides -f
===================================================
Result: [[31mFAIL[0m] (Exit 1)
===================================================
Executing: rm/interactive-once
Sandbox Path: /tests/rm/interactive-once
===================================================
===================================================
Result: /tests/rm/interactive-once [[32mPASS[0m] (Exit 0)
===================================================
Executing: rm/ir-1
Sandbox Path: /tests/rm/ir-1
===================================================
===================================================
Result: [[31mFAIL[0m] (Exit 1)
===================================================
Executing: rm/isatty
Sandbox Path: /tests/rm/isatty
===================================================
tests/test-lib.sh: line 53: 9: Bad file descriptor
/tests/rm/isatty: skipping test: must be run as non-root
===================================================
Result: /tests/rm/isatty [[33mSKIP[0m] (Exit 77)
===================================================
Executing: rm/no-give-up
Sandbox Path: /tests/rm/no-give-up
===================================================
===================================================
Result: [[31mFAIL[0m] (Exit 1)
===================================================
Executing: rm/one-file-system
Sandbox Path: /tests/rm/one-file-system
===================================================
tests/test-lib.sh: line 53: 9: Bad file descriptor
/tests/rm/one-file-system: skipping test: requires a writable directory on a different disk partition,
and I couldn't find one.  I tried these:
   /tmp /dev/shm /var/tmp /usr/tmp 
Set your environment variable CANDIDATE_TMP_DIRS to make
this test use a different list.
/tests/rm/one-file-system: line 33: umount: command not found
/bin/rm: it is dangerous to operate recursively on `' (same as `/')
/bin/rm: use --no-preserve-root to override this failsafe
===================================================
Result: /tests/rm/one-file-system [[33mSKIP[0m] (Exit 77)
===================================================
Executing: rm/one-file-system2
Sandbox Path: /tests/rm/one-file-system2
===================================================
/bin/rm: cannot remove `a': Permission denied
===================================================
Result: [[31mFAIL[0m] (Exit 1)
===================================================
Executing: rm/r-1
Sandbox Path: /tests/rm/r-1
===================================================
===================================================
Result: /tests/rm/r-1 [[32mPASS[0m] (Exit 0)
===================================================
Executing: rm/r-2
Sandbox Path: /tests/rm/r-2
===================================================
===================================================
Result: /tests/rm/r-2 [[32mPASS[0m] (Exit 0)
===================================================
Executing: rm/r-3
Sandbox Path: /tests/rm/r-3
===================================================
===================================================
Result: /tests/rm/r-3 [[32mPASS[0m] (Exit 0)
===================================================
Executing: rm/r-4
Sandbox Path: /tests/rm/r-4
===================================================
===================================================
Result: /tests/rm/r-4 [[32mPASS[0m] (Exit 0)
===================================================
Executing: rm/read-only
Sandbox Path: /tests/rm/read-only
===================================================
/tests/rm/read-only: line 35: mkfs: command not found
tests/test-lib.sh: line 53: 9: Bad file descriptor
/tests/rm/read-only: skipping test: failed to create ext2 file system
/tests/rm/read-only: line 28: umount: command not found
===================================================
Result: /tests/rm/read-only [[33mSKIP[0m] (Exit 77)
===================================================
Executing: rm/readdir-bug
Sandbox Path: /tests/rm/readdir-bug
===================================================
/tests/rm/readdir-bug: line 34: printf: nan: invalid number
===================================================
Result: /tests/rm/readdir-bug [[32mPASS[0m] (Exit 0)
===================================================
Executing: rm/rm1
Sandbox Path: /tests/rm/rm1
===================================================
tests/test-lib.sh: line 53: 9: Bad file descriptor
/tests/rm/rm1: skipping test: must be run as non-root
===================================================
Result: /tests/rm/rm1 [[33mSKIP[0m] (Exit 77)
===================================================
Executing: rm/rm2
Sandbox Path: /tests/rm/rm2
===================================================
tests/test-lib.sh: line 53: 9: Bad file descriptor
/tests/rm/rm2: skipping test: must be run as non-root
===================================================
Result: /tests/rm/rm2 [[33mSKIP[0m] (Exit 77)
===================================================
Executing: rm/rm3
Sandbox Path: /tests/rm/rm3
===================================================
tests/test-lib.sh: line 53: 9: Bad file descriptor
/tests/rm/rm3: skipping test: must be run as non-root
===================================================
Result: /tests/rm/rm3 [[33mSKIP[0m] (Exit 77)
===================================================
Executing: rm/rm4
Sandbox Path: /tests/rm/rm4
===================================================
tests/test-lib.sh: line 53: 9: Bad file descriptor
/tests/rm/rm4: skipping test: must be run as non-root
===================================================
Result: /tests/rm/rm4 [[33mSKIP[0m] (Exit 77)
===================================================
Executing: rm/rm5
Sandbox Path: /tests/rm/rm5
===================================================
tests/test-lib.sh: line 53: 9: Bad file descriptor
/tests/rm/rm5: skipping test: must be run as non-root
===================================================
Result: /tests/rm/rm5 [[33mSKIP[0m] (Exit 77)
===================================================
Executing: rm/sunos-1
Sandbox Path: /tests/rm/sunos-1
===================================================
===================================================
Result: /tests/rm/sunos-1 [[32mPASS[0m] (Exit 0)
===================================================
Executing: rm/unread2
Sandbox Path: /tests/rm/unread2
===================================================
tests/test-lib.sh: line 53: 9: Bad file descriptor
/tests/rm/unread2: skipping test: must be run as non-root
===================================================
Result: /tests/rm/unread2 [[33mSKIP[0m] (Exit 77)
===================================================
Executing: rm/unread3
Sandbox Path: /tests/rm/unread3
===================================================
tests/test-lib.sh: line 53: 9: Bad file descriptor
/tests/rm/unread3: skipping test: must be run as non-root
===================================================
Result: /tests/rm/unread3 [[33mSKIP[0m] (Exit 77)
===================================================
Executing: rm/unreadable
Sandbox Path: /tests/rm/unreadable
===================================================
Use of uninitialized value $fname in pattern match (m//) at //lib/perl5/5.40.4/File/Temp.pm line 964.
unreadable: test unreadable-2 failed: exit status mismatch:  expected 0, got 1
No root path(s) specified
 at //lib/perl5/5.40.4/File/Temp.pm line 932.
===================================================
Result: [[31mFAIL[0m] (Exit 1)
===================================================
Executing: rm/v-slash
Sandbox Path: /tests/rm/v-slash
===================================================
===================================================
Result: /tests/rm/v-slash [[32mPASS[0m] (Exit 0)
===================================================
Executing: rmdir/fail-perm
Sandbox Path: /tests/rmdir/fail-perm
===================================================
===================================================
Result: /tests/rmdir/fail-perm [[32mPASS[0m] (Exit 0)
===================================================
Executing: rmdir/ignore
Sandbox Path: /tests/rmdir/ignore
===================================================
===================================================
Result: /tests/rmdir/ignore [[32mPASS[0m] (Exit 0)
===================================================
Executing: rmdir/t-slash
Sandbox Path: /tests/rmdir/t-slash
===================================================
===================================================
Result: /tests/rmdir/t-slash [[32mPASS[0m] (Exit 0)
Test tail-2/F-vs-rename is in the skip list. Skipping...
===================================================
Executing: tail-2/append-only
Sandbox Path: /tests/tail-2/append-only
===================================================
tests/test-lib.sh: line 53: 9: Bad file descriptor
/tests/tail-2/append-only: skipping test: chattr +a doesn't work on this file system
===================================================
Result: /tests/tail-2/append-only [[33mSKIP[0m] (Exit 77)
===================================================
Executing: tail-2/assert
Sandbox Path: /tests/tail-2/assert
===================================================
tests/test-lib.sh: line 53: 9: Bad file descriptor
/tests/tail-2/assert: skipping test: very expensive: disabled by default
This test is very expensive, so it is disabled by default.
To run it anyway, rerun make check with the RUN_VERY_EXPENSIVE_TESTS
environment variable set to yes.  E.g.,

  env RUN_VERY_EXPENSIVE_TESTS=yes make check

===================================================
Result: /tests/tail-2/assert [[33mSKIP[0m] (Exit 77)
===================================================
Executing: tail-2/assert-2
Sandbox Path: /tests/tail-2/assert-2
===================================================
tests/test-lib.sh: line 53: 9: Bad file descriptor
/tests/tail-2/assert-2: skipping test: very expensive: disabled by default
This test is very expensive, so it is disabled by default.
To run it anyway, rerun make check with the RUN_VERY_EXPENSIVE_TESTS
environment variable set to yes.  E.g.,

  env RUN_VERY_EXPENSIVE_TESTS=yes make check

===================================================
Result: /tests/tail-2/assert-2 [[33mSKIP[0m] (Exit 77)
===================================================
Executing: tail-2/big-4gb
Sandbox Path: /tests/tail-2/big-4gb
===================================================
tests/test-lib.sh: line 53: 9: Bad file descriptor
/tests/tail-2/big-4gb: skipping test: expensive: disabled by default
This test is relatively expensive, so it is disabled by default.
To run it anyway, rerun make check with the RUN_EXPENSIVE_TESTS
environment variable set to yes.  E.g.,

  env RUN_EXPENSIVE_TESTS=yes make check

===================================================
Result: /tests/tail-2/big-4gb [[33mSKIP[0m] (Exit 77)
===================================================
Executing: tail-2/flush-initial
Sandbox Path: /tests/tail-2/flush-initial
===================================================
===================================================
Result: /tests/tail-2/flush-initial [[32mPASS[0m] (Exit 0)
===================================================
Executing: tail-2/follow-stdin
Sandbox Path: /tests/tail-2/follow-stdin
===================================================
--- /tmp/_lind_cmp_a.3	1970-01-01 00:00:00.000000000 +0000
+++ /tmp/_lind_cmp_b.3	1970-01-01 00:00:00.000000000 +0000
@@ -0,0 +1 @@
+line
===================================================
Result: [[31mFAIL[0m] (Exit 1)
Test tail-2/infloop-1 is in the skip list. Skipping...
===================================================
Executing: tail-2/inotify-hash-abuse
Sandbox Path: /tests/tail-2/inotify-hash-abuse
===================================================
/tests/tail-2/inotify-hash-abuse: line 28: xargs: command not found
/tests/tail-2/inotify-hash-abuse: failure in testing framework
===================================================
Result: [[31mFAIL[0m] (Exit 1)
===================================================
Executing: tail-2/inotify-hash-abuse2
Sandbox Path: /tests/tail-2/inotify-hash-abuse2
===================================================
Try `/bin/timeout --help' for more information.
/tests/tail-2/inotify-hash-abuse2: line 40: kill: (20) - No such process
tail died via unexpected signal: 208
===================================================
Result: [[31mFAIL[0m] (Exit 1)
===================================================
Executing: tail-2/inotify-race
Sandbox Path: /tests/tail-2/inotify-race
===================================================
tests/test-lib.sh: line 53: 9: Bad file descriptor
/tests/tail-2/inotify-race: skipping test: very expensive: disabled by default
This test is very expensive, so it is disabled by default.
To run it anyway, rerun make check with the RUN_VERY_EXPENSIVE_TESTS
environment variable set to yes.  E.g.,

  env RUN_VERY_EXPENSIVE_TESTS=yes make check

===================================================
Result: /tests/tail-2/inotify-race [[33mSKIP[0m] (Exit 77)
===================================================
Executing: tail-2/inotify-rotate
Sandbox Path: /tests/tail-2/inotify-rotate
===================================================
tests/test-lib.sh: line 53: 9: Bad file descriptor
/tests/tail-2/inotify-rotate: skipping test: expensive: disabled by default
This test is relatively expensive, so it is disabled by default.
To run it anyway, rerun make check with the RUN_EXPENSIVE_TESTS
environment variable set to yes.  E.g.,

  env RUN_EXPENSIVE_TESTS=yes make check

===================================================
Result: /tests/tail-2/inotify-rotate [[33mSKIP[0m] (Exit 77)
===================================================
Executing: tail-2/pid
Sandbox Path: /tests/tail-2/pid
===================================================
/tests/tail-2/pid: Error running getlimits
===================================================
Result: [[31mFAIL[0m] (Exit 1)
===================================================
Executing: tail-2/pipe-f
Sandbox Path: /tests/tail-2/pipe-f
===================================================
Try `/bin/timeout --help' for more information.
--- /tmp/_lind_cmp_a.3	1970-01-01 00:00:00.000000000 +0000
+++ /tmp/_lind_cmp_b.3	1970-01-01 00:00:00.000000000 +0000
@@ -0,0 +1 @@
+oo
===================================================
Result: [[31mFAIL[0m] (Exit 1)
Test tail-2/pipe-f2 is in the skip list. Skipping...
===================================================
Executing: tail-2/proc-ksyms
Sandbox Path: /tests/tail-2/proc-ksyms
===================================================
===================================================
Result: /tests/tail-2/proc-ksyms [[32mPASS[0m] (Exit 0)
===================================================
Executing: tail-2/start-middle
Sandbox Path: /tests/tail-2/start-middle
===================================================
===================================================
Result: /tests/tail-2/start-middle [[32mPASS[0m] (Exit 0)
Test tail-2/tail-n0f is in the skip list. Skipping...
===================================================
Executing: tail-2/wait
Sandbox Path: /tests/tail-2/wait
===================================================
Try `/bin/timeout --help' for more information.
Try `/bin/timeout --help' for more information.
Try `/bin/timeout --help' for more information.
Try `/bin/timeout --help' for more information.
Try `/bin/timeout --help' for more information.
Try `/bin/timeout --help' for more information.
Try `/bin/timeout --help' for more information.
Try `/bin/timeout --help' for more information.
/bin/tail: cannot open `k' for reading: No such file or directory
/bin/mv: cannot stat `k': No such file or directory
===================================================
Result: [[31mFAIL[0m] (Exit 1)
===================================================
Executing: touch/60-seconds
Sandbox Path: /tests/touch/60-seconds
===================================================
--- /tmp/_lind_cmp_a.3	1970-01-01 00:00:00.000000000 +0000
+++ /tmp/_lind_cmp_b.3	1970-01-01 00:00:00.000000000 +0000
@@ -1 +1 @@
-0
+60
===================================================
Result: [[31mFAIL[0m] (Exit 1)
===================================================
Executing: touch/dangling-symlink
Sandbox Path: /tests/touch/dangling-symlink
===================================================
===================================================
Result: [[31mFAIL[0m] (Exit 1)
===================================================
Executing: touch/dir-1
Sandbox Path: /tests/touch/dir-1
===================================================
===================================================
Result: /tests/touch/dir-1 [[32mPASS[0m] (Exit 0)
===================================================
Executing: touch/empty-file
Sandbox Path: /tests/touch/empty-file
===================================================
sleeping for 2 seconds...
sleeping for 2 seconds...
*** This test has just failed.  That can happen when the test is run in an
*** NFS-mounted directory on a system whose clock is not well synchronized
*** with that of the NFS server.  If you think that is the reason, set the
*** environment variable SLEEP_SECONDS to some number of seconds larger than
*** the default of 2 and rerun the test.
===================================================
Result: [[31mFAIL[0m] (Exit 1)
===================================================
Executing: touch/fail-diag
Sandbox Path: /tests/touch/fail-diag
===================================================
tests/test-lib.sh: line 53: 9: Bad file descriptor
/tests/touch/fail-diag: skipping test: must be run as non-root
===================================================
Result: /tests/touch/fail-diag [[33mSKIP[0m] (Exit 77)
===================================================
Executing: touch/fifo
Sandbox Path: /tests/touch/fifo
===================================================
===================================================
Result: /tests/touch/fifo [[32mPASS[0m] (Exit 0)
===================================================
Executing: touch/no-create-missing
Sandbox Path: /tests/touch/no-create-missing
===================================================
===================================================
Result: /tests/touch/no-create-missing [[32mPASS[0m] (Exit 0)
===================================================
Executing: touch/no-dereference
Sandbox Path: /tests/touch/no-dereference
===================================================
/bin/touch: setting times of `file': Invalid argument
/bin/touch: failed to get attributes of `dangling': No such file or directory
: /lib/config.h: No such file or directory
: /lib/config.h: No such file or directory
tests/test-lib.sh: line 53: 9: Bad file descriptor
/tests/touch/no-dereference: skipping test: this system lacks the utimensat function
/bin/chmod: cannot access `/tmp/cu-no-dereference.nRzCfgByT8/dangling': No such file or directory
===================================================
Result: /tests/touch/no-dereference [[33mSKIP[0m] (Exit 77)
===================================================
Executing: touch/no-rights
Sandbox Path: /tests/touch/no-rights
===================================================
/tests/touch/no-rights: failure in testing framework
===================================================
Result: [[31mFAIL[0m] (Exit 1)
===================================================
Executing: touch/not-owner
Sandbox Path: /tests/touch/not-owner
===================================================
/bin/env: test: Operation not permitted
/bin/env: test: Operation not permitted
/bin/env: test: Operation not permitted
tests/test-lib.sh: line 53: 9: Bad file descriptor
/tests/touch/not-owner: skipping test: must be run as non-root
===================================================
Result: /tests/touch/not-owner [[33mSKIP[0m] (Exit 77)
===================================================
Executing: touch/now-owned-by-other
Sandbox Path: /tests/touch/now-owned-by-other
===================================================
/bin/setuidgid: failed to set supplemental group(s)
===================================================
Result: [[31mFAIL[0m] (Exit 1)
===================================================
Executing: touch/obsolescent
Sandbox Path: /tests/touch/obsolescent
===================================================
===================================================
Result: /tests/touch/obsolescent [[32mPASS[0m] (Exit 0)
===================================================
Executing: touch/read-only
Sandbox Path: /tests/touch/read-only
===================================================
tests/test-lib.sh: line 53: 9: Bad file descriptor
/tests/touch/read-only: skipping test: must be run as non-root
===================================================
Result: /tests/touch/read-only [[33mSKIP[0m] (Exit 77)
===================================================
Executing: touch/relative
Sandbox Path: /tests/touch/relative
===================================================
--- /tmp/_lind_cmp_a.3	1970-01-01 00:00:00.000000000 +0000
+++ /tmp/_lind_cmp_b.3	1970-01-01 00:00:00.000000000 +0000
@@ -1 +1 @@
-1970-01-01
+2004-01-11
===================================================
Result: [[31mFAIL[0m] (Exit 1)
===================================================
Executing: touch/trailing-slash
Sandbox Path: /tests/touch/trailing-slash
===================================================
/bin/touch: setting times of `loop/': Too many levels of symbolic links
/bin/touch: setting times of `link2/': Invalid argument
/bin/touch: setting times of `file': Invalid argument
/bin/chmod: cannot access `/tmp/cu-trailing-slash.M9X7abQEhX/dangling': No such file or directory
/bin/chmod: cannot access `/tmp/cu-trailing-slash.M9X7abQEhX/loop': Too many levels of symbolic links
/bin/chmod: cannot access `/tmp/cu-trailing-slash.M9X7abQEhX/dangling': No such file or directory
/bin/chmod: cannot access `/tmp/cu-trailing-slash.M9X7abQEhX/loop': Too many levels of symbolic links
===================================================
Result: [[31mFAIL[0m] (Exit 1)
===================================================
                  TEST SUMMARY                     
===================================================
 [[32mPASS[0m] : 162
 [[31mFAIL[0m] : 112
 [[33mSKIP[0m] : 124
===================================================
