===================================================
Executing: chgrp/basic
Sandbox Path: /tests/chgrp/basic
===================================================
tests/test-lib.sh: line 53: 9: Bad file descriptor
/tests/chgrp/basic: skipping test: requires membership in two groups
this test requires that you be a member of more than one group,
but running `id -G' either failed or found just one.  If you really
are a member of at least two groups, then rerun this test with
COREUTILS_GROUPS set in your environment to the space-separated list
of group names or numbers.  E.g.,

  env COREUTILS_GROUPS=users cdrom make check


===================================================
Result: /tests/chgrp/basic [[33mSKIP[0m] (Exit 77)
===================================================
Executing: chgrp/default-no-deref
Sandbox Path: /tests/chgrp/default-no-deref
===================================================
tests/test-lib.sh: line 53: 9: Bad file descriptor
/tests/chgrp/default-no-deref: skipping test: requires membership in two groups
this test requires that you be a member of more than one group,
but running `id -G' either failed or found just one.  If you really
are a member of at least two groups, then rerun this test with
COREUTILS_GROUPS set in your environment to the space-separated list
of group names or numbers.  E.g.,

  env COREUTILS_GROUPS=users cdrom make check


===================================================
Result: /tests/chgrp/default-no-deref [[33mSKIP[0m] (Exit 77)
===================================================
Executing: chgrp/deref
Sandbox Path: /tests/chgrp/deref
===================================================
tests/test-lib.sh: line 53: 9: Bad file descriptor
/tests/chgrp/deref: skipping test: requires membership in two groups
this test requires that you be a member of more than one group,
but running `id -G' either failed or found just one.  If you really
are a member of at least two groups, then rerun this test with
COREUTILS_GROUPS set in your environment to the space-separated list
of group names or numbers.  E.g.,

  env COREUTILS_GROUPS=users cdrom make check


===================================================
Result: /tests/chgrp/deref [[33mSKIP[0m] (Exit 77)
===================================================
Executing: chgrp/no-x
Sandbox Path: /tests/chgrp/no-x
===================================================
tests/test-lib.sh: line 53: 9: Bad file descriptor
/tests/chgrp/no-x: skipping test: requires membership in two groups
this test requires that you be a member of more than one group,
but running `id -G' either failed or found just one.  If you really
are a member of at least two groups, then rerun this test with
COREUTILS_GROUPS set in your environment to the space-separated list
of group names or numbers.  E.g.,

  env COREUTILS_GROUPS=users cdrom make check


===================================================
Result: /tests/chgrp/no-x [[33mSKIP[0m] (Exit 77)
===================================================
Executing: chgrp/posix-H
Sandbox Path: /tests/chgrp/posix-H
===================================================
tests/test-lib.sh: line 53: 9: Bad file descriptor
/tests/chgrp/posix-H: skipping test: requires membership in two groups
this test requires that you be a member of more than one group,
but running `id -G' either failed or found just one.  If you really
are a member of at least two groups, then rerun this test with
COREUTILS_GROUPS set in your environment to the space-separated list
of group names or numbers.  E.g.,

  env COREUTILS_GROUPS=users cdrom make check


===================================================
Result: /tests/chgrp/posix-H [[33mSKIP[0m] (Exit 77)
===================================================
Executing: chgrp/recurse
Sandbox Path: /tests/chgrp/recurse
===================================================
tests/test-lib.sh: line 53: 9: Bad file descriptor
/tests/chgrp/recurse: skipping test: requires membership in two groups
this test requires that you be a member of more than one group,
but running `id -G' either failed or found just one.  If you really
are a member of at least two groups, then rerun this test with
COREUTILS_GROUPS set in your environment to the space-separated list
of group names or numbers.  E.g.,

  env COREUTILS_GROUPS=users cdrom make check


===================================================
Result: /tests/chgrp/recurse [[33mSKIP[0m] (Exit 77)
===================================================
Executing: chmod/c-option
Sandbox Path: /tests/chmod/c-option
===================================================
tests/test-lib.sh: line 53: 9: Bad file descriptor
/tests/chmod/c-option: skipping test: this directory has the setgid bit set
===================================================
Result: /tests/chmod/c-option [[33mSKIP[0m] (Exit 77)
===================================================
Executing: chmod/equal-x
Sandbox Path: /tests/chmod/equal-x
===================================================
after `chmod =x f':
---------- 1 root root 0 Jan  1  1970 f
after `chmod =xX f':
---------- 1 root root 0 Jan  1  1970 f
after `chmod =Xx f':
---------- 1 root root 0 Jan  1  1970 f
after `chmod =x,=X f':
---------- 1 root root 0 Jan  1  1970 f
after `chmod =X,=x f':
---------- 1 root root 0 Jan  1  1970 f
===================================================
Result: [[31mFAIL[0m] (Exit 1)
===================================================
Executing: chmod/equals
Sandbox Path: /tests/chmod/equals
===================================================
===================================================
Result: [[31mFAIL[0m] (Exit 1)
===================================================
Executing: chmod/inaccessible
Sandbox Path: /tests/chmod/inaccessible
===================================================
===================================================
Result: /tests/chmod/inaccessible [[32mPASS[0m] (Exit 0)
===================================================
Executing: chmod/no-x
Sandbox Path: /tests/chmod/no-x
===================================================
tests/test-lib.sh: line 53: 9: Bad file descriptor
/tests/chmod/no-x: skipping test: must be run as non-root
===================================================
Result: /tests/chmod/no-x [[33mSKIP[0m] (Exit 77)
===================================================
Executing: chmod/octal
Sandbox Path: /tests/chmod/octal
===================================================
===================================================
Result: /tests/chmod/octal [[32mPASS[0m] (Exit 0)
===================================================
Executing: chmod/setgid
Sandbox Path: /tests/chmod/setgid
===================================================
/bin/env: test: Operation not permitted
/bin/env: test: Operation not permitted
tests/test-lib.sh: line 53: 9: Bad file descriptor
/tests/chmod/setgid: skipping test: cannot create setgid directories
===================================================
Result: /tests/chmod/setgid [[33mSKIP[0m] (Exit 77)
===================================================
Executing: chmod/silent
Sandbox Path: /tests/chmod/silent
===================================================
===================================================
Result: /tests/chmod/silent [[32mPASS[0m] (Exit 0)
===================================================
Executing: chmod/thru-dangling
Sandbox Path: /tests/chmod/thru-dangling
===================================================
--- /tmp/_lind_cmp_a.3	1970-01-01 00:00:00.000000000 +0000
+++ /tmp/_lind_cmp_b.3	1970-01-01 00:00:00.000000000 +0000
@@ -1 +1 @@
-chmod: cannot access `dangle': No such file or directory
+chmod: cannot operate on dangling symlink `dangle'
===================================================
Result: [[31mFAIL[0m] (Exit 1)
===================================================
Executing: chmod/umask-x
Sandbox Path: /tests/chmod/umask-x
===================================================
===================================================
Result: /tests/chmod/umask-x [[32mPASS[0m] (Exit 0)
===================================================
Executing: chmod/usage
Sandbox Path: /tests/chmod/usage
===================================================
/bin/chmod: --: new permissions are rw-rw-rw-, not r--r--r--
/bin/chmod: f: new permissions are rw-rw-rw-, not r--r--r--
/bin/chmod: -w: new permissions are rw-rw-rw-, not r--r--r--
/bin/chmod: f: new permissions are rw-rw-rw-, not r--r--r--
/bin/chmod: f: new permissions are rw-rw-rw-, not r--r--r--
/bin/chmod: f: new permissions are rw-rw-rw-, not r--r--r--
/bin/chmod: f: new permissions are rw-rw-rw-, not r--r--r--
/bin/chmod: f: new permissions are rw-rw-rw-, not r--r--r--
/bin/chmod: f: new permissions are rw-rw-rw-, not r--r--r--
/bin/chmod: f: new permissions are rw-rw-rw-, not r--r--r--
===================================================
Result: [[31mFAIL[0m] (Exit 1)
===================================================
Executing: chown/basic
Sandbox Path: /tests/chown/basic
===================================================
/bin/chown: cannot access `slink': No such file or directory
/bin/ls: cannot access slink: No such file or directory
/bin/chown: cannot access `slink': No such file or directory
/bin/ls: cannot access slink: No such file or directory
===================================================
Result: [[31mFAIL[0m] (Exit 1)
===================================================
Executing: chown/deref
Sandbox Path: /tests/chown/deref
===================================================
/bin/ln: creating symbolic link `dangle': File exists
/tests/chown/deref: failure in testing framework
===================================================
Result: [[31mFAIL[0m] (Exit 1)
===================================================
Executing: chown/preserve-root
Sandbox Path: /tests/chown/preserve-root
===================================================
tests/test-lib.sh: line 53: 9: Bad file descriptor
/tests/chown/preserve-root: skipping test: must be run as non-root
===================================================
Result: /tests/chown/preserve-root [[33mSKIP[0m] (Exit 77)
===================================================
Executing: chown/separator
Sandbox Path: /tests/chown/separator
===================================================
===================================================
Result: /tests/chown/separator [[32mPASS[0m] (Exit 0)
===================================================
Executing: cp/abuse
Sandbox Path: /tests/cp/abuse
===================================================
/bin/ln: creating symbolic link `a/1': No such file or directory
/tests/cp/abuse: failure in testing framework
===================================================
Result: [[31mFAIL[0m] (Exit 1)
===================================================
Executing: cp/acl
Sandbox Path: /tests/cp/acl
===================================================
tests/test-lib.sh: line 53: 9: Bad file descriptor
/tests/cp/acl: skipping test: This test requires getfacl and setfacl.
===================================================
Result: /tests/cp/acl [[33mSKIP[0m] (Exit 77)
===================================================
Executing: cp/backup-1
Sandbox Path: /tests/cp/backup-1
===================================================
tests/test-lib.sh: line 431: 11: Bad file descriptor
/usr/local/bin/diff: standard output: Bad file descriptor
===================================================
Result: [[31mFAIL[0m] (Exit 1)
===================================================
Executing: cp/backup-dir
Sandbox Path: /tests/cp/backup-dir
===================================================
===================================================
Result: /tests/cp/backup-dir [[32mPASS[0m] (Exit 0)
===================================================
Executing: cp/backup-is-src
Sandbox Path: /tests/cp/backup-is-src
===================================================
===================================================
Result: /tests/cp/backup-is-src [[32mPASS[0m] (Exit 0)
===================================================
Executing: cp/cp-HL
Sandbox Path: /tests/cp/cp-HL
===================================================
/bin/ln: creating symbolic link `slink': File exists
/tests/cp/cp-HL: failure in testing framework
===================================================
Result: [[31mFAIL[0m] (Exit 1)
===================================================
Executing: cp/cp-a-selinux
Sandbox Path: /tests/cp/cp-a-selinux
===================================================
tests/test-lib.sh: line 53: 9: Bad file descriptor
/tests/cp/cp-a-selinux: skipping test: this system (or maybe just the current file system) lacks SELinux support
===================================================
Result: /tests/cp/cp-a-selinux [[33mSKIP[0m] (Exit 77)
===================================================
Executing: cp/cp-deref
Sandbox Path: /tests/cp/cp-deref
===================================================
/bin/ln: creating symbolic link `a/c': No such file or directory
/tests/cp/cp-deref: failure in testing framework
===================================================
Result: [[31mFAIL[0m] (Exit 1)
===================================================
Executing: cp/cp-i
Sandbox Path: /tests/cp/cp-i
===================================================
===================================================
Result: [[31mFAIL[0m] (Exit 1)
===================================================
Executing: cp/cp-mv-backup
Sandbox Path: /tests/cp/cp-mv-backup
===================================================
===================================================
Result: /tests/cp/cp-mv-backup [[32mPASS[0m] (Exit 0)
===================================================
Executing: cp/cp-mv-enotsup-xattr
Sandbox Path: /tests/cp/cp-mv-enotsup-xattr
===================================================
/tests/cp/cp-mv-enotsup-xattr: line 38: mkfs: command not found
tests/test-lib.sh: line 53: 9: Bad file descriptor
/tests/cp/cp-mv-enotsup-xattr: skipping test: failed to create ext2 file system
/tests/cp/cp-mv-enotsup-xattr: line 31: umount: command not found
===================================================
Result: /tests/cp/cp-mv-enotsup-xattr [[33mSKIP[0m] (Exit 77)
===================================================
Executing: cp/cp-parents
Sandbox Path: /tests/cp/cp-parents
===================================================
tests/test-lib.sh: line 53: 9: Bad file descriptor
/tests/cp/cp-parents: skipping test: this directory has the setgid bit set
===================================================
Result: /tests/cp/cp-parents [[33mSKIP[0m] (Exit 77)
===================================================
Executing: cp/deref-slink
Sandbox Path: /tests/cp/deref-slink
===================================================
/bin/ln: creating symbolic link `slink': File exists
/tests/cp/deref-slink: failure in testing framework
===================================================
Result: [[31mFAIL[0m] (Exit 1)
===================================================
Executing: cp/dir-rm-dest
Sandbox Path: /tests/cp/dir-rm-dest
===================================================
===================================================
Result: /tests/cp/dir-rm-dest [[32mPASS[0m] (Exit 0)
===================================================
Executing: cp/dir-slash
Sandbox Path: /tests/cp/dir-slash
===================================================
===================================================
Result: /tests/cp/dir-slash [[32mPASS[0m] (Exit 0)
===================================================
Executing: cp/dir-vs-file
Sandbox Path: /tests/cp/dir-vs-file
===================================================
===================================================
Result: /tests/cp/dir-vs-file [[32mPASS[0m] (Exit 0)
===================================================
Executing: cp/existing-perm-race
Sandbox Path: /tests/cp/existing-perm-race
===================================================
tests/test-lib.sh: line 53: 9: Bad file descriptor
/tests/cp/existing-perm-race: skipping test: requires membership in two groups
this test requires that you be a member of more than one group,
but running `id -G' either failed or found just one.  If you really
are a member of at least two groups, then rerun this test with
COREUTILS_GROUPS set in your environment to the space-separated list
of group names or numbers.  E.g.,

  env COREUTILS_GROUPS=users cdrom make check


===================================================
Result: /tests/cp/existing-perm-race [[33mSKIP[0m] (Exit 77)
===================================================
Executing: cp/fail-perm
Sandbox Path: /tests/cp/fail-perm
===================================================
tests/test-lib.sh: line 53: 9: Bad file descriptor
/tests/cp/fail-perm: skipping test: must be run as non-root
===================================================
Result: /tests/cp/fail-perm [[33mSKIP[0m] (Exit 77)
===================================================
Executing: cp/file-perm-race
Sandbox Path: /tests/cp/file-perm-race
===================================================
/bin/mkfifo: cannot create fifo `fifo': Function not implemented
tests/test-lib.sh: line 53: 9: Bad file descriptor
/tests/cp/file-perm-race: skipping test: fifos not supported
===================================================
Result: /tests/cp/file-perm-race [[33mSKIP[0m] (Exit 77)
===================================================
Executing: cp/into-self
Sandbox Path: /tests/cp/into-self
===================================================
===================================================
Result: /tests/cp/into-self [[32mPASS[0m] (Exit 0)
===================================================
Executing: cp/link
Sandbox Path: /tests/cp/link
===================================================
===================================================
Result: /tests/cp/link [[32mPASS[0m] (Exit 0)
===================================================
Executing: cp/link-heap
Sandbox Path: /tests/cp/link-heap
===================================================
tests/test-lib.sh: line 53: 9: Bad file descriptor
/tests/cp/link-heap: skipping test: expensive: disabled by default
This test is relatively expensive, so it is disabled by default.
To run it anyway, rerun make check with the RUN_EXPENSIVE_TESTS
environment variable set to yes.  E.g.,

  env RUN_EXPENSIVE_TESTS=yes make check

===================================================
Result: /tests/cp/link-heap [[33mSKIP[0m] (Exit 77)
===================================================
Executing: cp/link-no-deref
Sandbox Path: /tests/cp/link-no-deref
===================================================
/bin/cp: cannot stat `dangling-slink': No such file or directory
===================================================
Result: [[31mFAIL[0m] (Exit 1)
===================================================
Executing: cp/link-preserve
Sandbox Path: /tests/cp/link-preserve
===================================================
/bin/ln: creating hard link `b' => `a': Function not implemented
/tests/cp/link-preserve: failure in testing framework
===================================================
Result: [[31mFAIL[0m] (Exit 1)
===================================================
Executing: cp/no-deref-link1
Sandbox Path: /tests/cp/no-deref-link1
===================================================
===================================================
Result: [[31mFAIL[0m] (Exit 1)
===================================================
Executing: cp/no-deref-link2
Sandbox Path: /tests/cp/no-deref-link2
===================================================
===================================================
Result: [[31mFAIL[0m] (Exit 1)
===================================================
Executing: cp/no-deref-link3
Sandbox Path: /tests/cp/no-deref-link3
===================================================
===================================================
Result: [[31mFAIL[0m] (Exit 1)
===================================================
Executing: cp/parent-perm
Sandbox Path: /tests/cp/parent-perm
===================================================
/bin/cp: setting permissions for `e/a': No such file or directory
/tests/cp/parent-perm: failure in testing framework
===================================================
Result: [[31mFAIL[0m] (Exit 1)
===================================================
Executing: cp/parent-perm-race
Sandbox Path: /tests/cp/parent-perm-race
===================================================
/bin/mkfifo: cannot create fifo `mode/fifo': Function not implemented
tests/test-lib.sh: line 53: 9: Bad file descriptor
/tests/cp/parent-perm-race: skipping test: fifos not supported
===================================================
Result: /tests/cp/parent-perm-race [[33mSKIP[0m] (Exit 77)
===================================================
Executing: cp/perm
Sandbox Path: /tests/cp/perm
===================================================
tests/test-lib.sh: line 53: 9: Bad file descriptor
/tests/cp/perm: skipping test: very expensive: disabled by default
This test is very expensive, so it is disabled by default.
To run it anyway, rerun make check with the RUN_VERY_EXPENSIVE_TESTS
environment variable set to yes.  E.g.,

  env RUN_VERY_EXPENSIVE_TESTS=yes make check

===================================================
Result: /tests/cp/perm [[33mSKIP[0m] (Exit 77)
===================================================
Executing: cp/preserve-2
Sandbox Path: /tests/cp/preserve-2
===================================================
/bin/cp: preserving permissions for `g': Function not implemented
===================================================
Result: [[31mFAIL[0m] (Exit 1)
===================================================
Executing: cp/preserve-gid
Sandbox Path: /tests/cp/preserve-gid
===================================================
/tests/cp/preserve-gid: line 66: -le: command not found
/tests/cp/preserve-gid: line 67: -le: command not found
/tests/cp/preserve-gid: line 68: -le: command not found
tests/test-lib.sh: line 53: 9: Bad file descriptor
/tests/cp/preserve-gid: skipping test: couldn't find a nameless UID or GID
===================================================
Result: /tests/cp/preserve-gid [[33mSKIP[0m] (Exit 77)
===================================================
Executing: cp/preserve-slink-time
Sandbox Path: /tests/cp/preserve-slink-time
===================================================
: /lib/config.h: No such file or directory
: /lib/config.h: No such file or directory
tests/test-lib.sh: line 53: 9: Bad file descriptor
/tests/cp/preserve-slink-time: skipping test: this system lacks the utimensat function
===================================================
Result: /tests/cp/preserve-slink-time [[33mSKIP[0m] (Exit 77)
===================================================
Executing: cp/proc-short-read
Sandbox Path: /tests/cp/proc-short-read
===================================================
tests/test-lib.sh: line 53: 9: Bad file descriptor
/tests/cp/proc-short-read: skipping test: your system lacks /proc/kallsyms
===================================================
Result: /tests/cp/proc-short-read [[33mSKIP[0m] (Exit 77)
===================================================
Executing: cp/proc-zero-len
Sandbox Path: /tests/cp/proc-zero-len
===================================================
===================================================
Result: /tests/cp/proc-zero-len [[32mPASS[0m] (Exit 0)
===================================================
Executing: cp/r-vs-symlink
Sandbox Path: /tests/cp/r-vs-symlink
===================================================
/bin/ln: creating symbolic link `slink': File exists
/tests/cp/r-vs-symlink: failure in testing framework
===================================================
Result: [[31mFAIL[0m] (Exit 1)
===================================================
Executing: cp/reflink-auto
Sandbox Path: /tests/cp/reflink-auto
===================================================
tests/test-lib.sh: line 53: 9: Bad file descriptor
/tests/cp/reflink-auto: skipping test: requires a writable directory on a different disk partition,
and I couldn't find one.  I tried these:
   /tmp /dev/shm /var/tmp /usr/tmp 
Set your environment variable CANDIDATE_TMP_DIRS to make
this test use a different list.
/bin/rm: it is dangerous to operate recursively on `' (same as `/')
/bin/rm: use --no-preserve-root to override this failsafe
===================================================
Result: /tests/cp/reflink-auto [[33mSKIP[0m] (Exit 77)
===================================================
Executing: cp/reflink-perm
Sandbox Path: /tests/cp/reflink-perm
===================================================
tests/test-lib.sh: line 53: 9: Bad file descriptor
/tests/cp/reflink-perm: skipping test: The system clock is wrong
===================================================
Result: /tests/cp/reflink-perm [[33mSKIP[0m] (Exit 77)
===================================================
Executing: cp/same-file
Sandbox Path: /tests/cp/same-file
===================================================
/bin/ln: creating symbolic link `dangling-slink': File exists
/bin/ln: creating symbolic link `symlink': File exists
/bin/ln: creating symbolic link `symlink': File exists
/bin/ln: creating symbolic link `symlink': File exists
/bin/ln: creating symbolic link `symlink': File exists
/bin/ln: creating symbolic link `symlink': File exists
/bin/ln: creating symbolic link `symlink': File exists
/bin/ln: creating symbolic link `symlink': File exists
/bin/ln: creating symbolic link `symlink': File exists
/bin/ln: creating symbolic link `symlink': File exists
/bin/ln: creating symbolic link `symlink': File exists
/bin/ln: creating symbolic link `symlink': File exists
/bin/ln: creating symbolic link `symlink': File exists
/bin/ln: creating symbolic link `symlink': File exists
/bin/ln: creating symbolic link `symlink': File exists
/bin/ln: creating symbolic link `symlink': File exists
/bin/ln: creating symbolic link `symlink': File exists
/bin/ln: creating symbolic link `symlink': File exists
/bin/ln: creating symbolic link `symlink': File exists
/bin/ln: creating symbolic link `symlink': File exists
/bin/ln: creating symbolic link `symlink': File exists
/bin/ln: creating symbolic link `symlink': File exists
/bin/ln: creating symbolic link `symlink': File exists
/bin/ln: creating symbolic link `symlink': File exists
/bin/ln: creating symbolic link `symlink': File exists
/bin/ln: creating symbolic link `symlink': File exists
/bin/ln: creating symbolic link `symlink': File exists
/bin/ln: creating symbolic link `symlink': File exists
/bin/ln: creating symbolic link `symlink': File exists
/bin/ln: creating symbolic link `symlink': File exists
/bin/ln: creating symbolic link `symlink': File exists
/bin/ln: creating symbolic link `sl1': File exists
/bin/ln: creating symbolic link `sl2': File exists
/bin/ln: creating symbolic link `sl1': File exists
/bin/ln: creating symbolic link `sl2': File exists
/bin/ln: creating symbolic link `sl1': File exists
/bin/ln: creating symbolic link `sl2': File exists
/bin/ln: creating symbolic link `sl1': File exists
/bin/ln: creating symbolic link `sl2': File exists
/bin/ln: creating symbolic link `sl1': File exists
/bin/ln: creating symbolic link `sl2': File exists
/bin/ln: creating symbolic link `sl1': File exists
/bin/ln: creating symbolic link `sl2': File exists
/bin/ln: creating symbolic link `sl1': File exists
/bin/ln: creating symbolic link `sl2': File exists
/bin/ln: creating symbolic link `sl1': File exists
/bin/ln: creating symbolic link `sl2': File exists
/bin/ln: creating symbolic link `sl1': File exists
/bin/ln: creating symbolic link `sl2': File exists
/bin/ln: creating hard link `hardlink' => `foo': Function not implemented
/bin/ln: creating hard link `hardlink' => `foo': Function not implemented
/bin/ln: creating hard link `hardlink' => `foo': Function not implemented
/bin/ln: creating hard link `hardlink' => `foo': Function not implemented
/bin/ln: creating hard link `hardlink' => `foo': Function not implemented
/bin/ln: creating hard link `hardlink' => `foo': Function not implemented
/bin/ln: creating hard link `hardlink' => `foo': Function not implemented
/bin/ln: creating hard link `hardlink' => `foo': Function not implemented
/bin/ln: creating hard link `hardlink' => `foo': Function not implemented
/bin/ln: creating hard link `hardlink' => `foo': Function not implemented
/bin/ln: creating hard link `hardlink' => `foo': Function not implemented
/bin/ln: creating hard link `hardlink' => `foo': Function not implemented
/bin/ln: creating hard link `hardlink' => `foo': Function not implemented
/bin/ln: creating hard link `hardlink' => `foo': Function not implemented
/bin/ln: creating hard link `hardlink' => `foo': Function not implemented
/bin/ln: creating hard link `hardlink' => `foo': Function not implemented
/bin/ln: creating hard link `hardlink' => `foo': Function not implemented
--- /tmp/_lind_cmp_a.3	1970-01-01 00:00:00.000000000 +0000
+++ /tmp/_lind_cmp_b.3	1970-01-01 00:00:00.000000000 +0000
@@ -1,35 +1,35 @@
-1 [cp: `foo' and `symlink' are the same file] (foo symlink -> foo)
-1 -d [cp: `foo' and `symlink' are the same file] (foo symlink -> foo)
-1 -f [cp: `foo' and `symlink' are the same file] (foo symlink -> foo)
-1 -df [cp: `foo' and `symlink' are the same file] (foo symlink -> foo)
+0 (foo symlink)
+0 -d (foo symlink)
+0 -f (foo symlink)
+0 -df (foo symlink)
 0 --rem (foo symlink)
-0 -b (foo symlink symlink.~1~ -> foo)
-0 -bd (foo symlink symlink.~1~ -> foo)
-0 -bf (foo symlink symlink.~1~ -> foo)
-0 -bdf (foo symlink symlink.~1~ -> foo)
-1 -l [cp: cannot create link `symlink'] (foo symlink -> foo)
-0 -dl (foo symlink -> foo)
+0 -b (foo symlink)
+0 -bd (foo symlink)
+0 -bf (foo symlink)
+0 -bdf (foo symlink)
+0 -l (foo symlink)
+0 -dl (foo symlink)
 0 -fl (foo symlink)
 0 -dfl (foo symlink)
-0 -bl (foo symlink symlink.~1~ -> foo)
-0 -bdl (foo symlink symlink.~1~ -> foo)
-0 -bfl (foo symlink symlink.~1~ -> foo)
-0 -bdfl (foo symlink symlink.~1~ -> foo)
+0 -bl (foo symlink)
+0 -bdl (foo symlink)
+0 -bfl (foo symlink)
+0 -bdfl (foo symlink)
 
-1 [cp: `symlink' and `foo' are the same file] (foo symlink -> foo)
-1 -d [cp: `symlink' and `foo' are the same file] (foo symlink -> foo)
-1 -f [cp: `symlink' and `foo' are the same file] (foo symlink -> foo)
-1 -df [cp: `symlink' and `foo' are the same file] (foo symlink -> foo)
-1 --rem [cp: `symlink' and `foo' are the same file] (foo symlink -> foo)
-1 -b [cp: `symlink' and `foo' are the same file] (foo symlink -> foo)
-0 -bd (foo -> foo foo.~1~ symlink -> foo) symlink-loop symlink-loop
-1 -bf [cp: `symlink' and `foo' are the same file] (foo symlink -> foo)
-0 -bdf (foo -> foo foo.~1~ symlink -> foo) symlink-loop symlink-loop
-0 -l (foo symlink -> foo)
-0 -dl (foo symlink -> foo)
-0 -fl (foo symlink -> foo)
-0 -bl (foo symlink -> foo)
-0 -bfl (foo symlink -> foo)
+1 [cp: cannot stat `symlink'] (foo) symlink-loop
+1 -d [cp: cannot stat `symlink'] (foo) symlink-loop
+1 -f [cp: cannot stat `symlink'] (foo) symlink-loop
+1 -df [cp: cannot stat `symlink'] (foo) symlink-loop
+1 --rem [cp: cannot stat `symlink'] (foo) symlink-loop
+1 -b [cp: cannot stat `symlink'] (foo) symlink-loop
+1 -bd [cp: cannot stat `symlink'] (foo) symlink-loop
+1 -bf [cp: cannot stat `symlink'] (foo) symlink-loop
+1 -bdf [cp: cannot stat `symlink'] (foo) symlink-loop
+1 -l [cp: cannot stat `symlink'] (foo) symlink-loop
+1 -dl [cp: cannot stat `symlink'] (foo) symlink-loop
+1 -fl [cp: cannot stat `symlink'] (foo) symlink-loop
+1 -bl [cp: cannot stat `symlink'] (foo) symlink-loop
+1 -bfl [cp: cannot stat `symlink'] (foo) symlink-loop
 
 1 [cp: `foo' and `foo' are the same file] (foo)
 1 -d [cp: `foo' and `foo' are the same file] (foo)
@@ -49,26 +49,26 @@
 0 -bfl (foo foo.~1~)
 0 -bdfl (foo foo.~1~)
 
-1 [cp: `sl1' and `sl2' are the same file] (foo sl1 -> foo sl2 -> foo)
-0 -d (foo sl1 -> foo sl2 -> foo)
-1 -f [cp: `sl1' and `sl2' are the same file] (foo sl1 -> foo sl2 -> foo)
-0 -df (foo sl1 -> foo sl2 -> foo)
-0 --rem (foo sl1 -> foo sl2)
-0 -b (foo sl1 -> foo sl2 sl2.~1~ -> foo)
-0 -bd (foo sl1 -> foo sl2 -> foo sl2.~1~ -> foo)
-0 -bf (foo sl1 -> foo sl2 sl2.~1~ -> foo)
-0 -bdf (foo sl1 -> foo sl2 -> foo sl2.~1~ -> foo)
-1 -l [cp: cannot create link `sl2'] (foo sl1 -> foo sl2 -> foo)
+1 [cp: cannot stat `sl1'] (foo) symlink-loop symlink-loop
+1 -d [cp: cannot stat `sl1'] (foo) symlink-loop symlink-loop
+1 -f [cp: cannot stat `sl1'] (foo) symlink-loop symlink-loop
+1 -df [cp: cannot stat `sl1'] (foo) symlink-loop symlink-loop
+1 --rem [cp: cannot stat `sl1'] (foo) symlink-loop symlink-loop
+1 -b [cp: cannot stat `sl1'] (foo) symlink-loop symlink-loop
+1 -bd [cp: cannot stat `sl1'] (foo) symlink-loop symlink-loop
+1 -bf [cp: cannot stat `sl1'] (foo) symlink-loop symlink-loop
+1 -bdf [cp: cannot stat `sl1'] (foo) symlink-loop symlink-loop
+1 -l [cp: cannot stat `sl1'] (foo) symlink-loop symlink-loop
 
-1 [cp: `foo' and `hardlink' are the same file] (foo hardlink)
-1 -d [cp: `foo' and `hardlink' are the same file] (foo hardlink)
-1 -f [cp: `foo' and `hardlink' are the same file] (foo hardlink)
-1 -df [cp: `foo' and `hardlink' are the same file] (foo hardlink)
+0 (foo hardlink)
+0 -d (foo hardlink)
+0 -f (foo hardlink)
+0 -df (foo hardlink)
 0 --rem (foo hardlink)
-0 -b (foo hardlink hardlink.~1~)
-0 -bd (foo hardlink hardlink.~1~)
-0 -bf (foo hardlink hardlink.~1~)
-0 -bdf (foo hardlink hardlink.~1~)
+0 -b (foo hardlink)
+0 -bd (foo hardlink)
+0 -bf (foo hardlink)
+0 -bdf (foo hardlink)
 0 -l (foo hardlink)
 0 -dl (foo hardlink)
 0 -fl (foo hardlink)
===================================================
Result: [[31mFAIL[0m] (Exit 1)
===================================================
Executing: cp/slink-2-slink
Sandbox Path: /tests/cp/slink-2-slink
===================================================
/bin/ln: creating symbolic link `a': File exists
/tests/cp/slink-2-slink: failure in testing framework
===================================================
Result: [[31mFAIL[0m] (Exit 1)
===================================================
Executing: cp/sparse
Sandbox Path: /tests/cp/sparse
===================================================
tests/test-lib.sh: line 53: 9: Bad file descriptor
/tests/cp/sparse: skipping test: this file system does not support sparse files
===================================================
Result: /tests/cp/sparse [[33mSKIP[0m] (Exit 77)
===================================================
Executing: cp/special-bits
Sandbox Path: /tests/cp/special-bits
===================================================
/bin/cp: preserving times for `a2': Bad file descriptor
/bin/cp: preserving times for `b2': Bad file descriptor
/bin/setuidgid: failed to set supplemental group(s)
/bin/ls: cannot access c2: No such file or directory
/tests/cp/special-bits: line 52: test: -r-xr-xr--: unary operator expected
===================================================
Result: [[31mFAIL[0m] (Exit 1)
===================================================
Executing: cp/special-f
Sandbox Path: /tests/cp/special-f
===================================================
/bin/mkfifo: cannot create fifo `fifo': Function not implemented
tests/test-lib.sh: line 53: 9: Bad file descriptor
/tests/cp/special-f: skipping test: fifos not supported
===================================================
Result: /tests/cp/special-f [[33mSKIP[0m] (Exit 77)
===================================================
Executing: cp/src-base-dot
Sandbox Path: /tests/cp/src-base-dot
===================================================
===================================================
Result: /tests/cp/src-base-dot [[32mPASS[0m] (Exit 0)
===================================================
Executing: cp/symlink-slash
Sandbox Path: /tests/cp/symlink-slash
===================================================
/bin/ln: creating symbolic link `symlink': File exists
/tests/cp/symlink-slash: failure in testing framework
===================================================
Result: [[31mFAIL[0m] (Exit 1)
===================================================
Executing: cp/thru-dangling
Sandbox Path: /tests/cp/thru-dangling
===================================================
/bin/ln: creating symbolic link `dangle': File exists
/tests/cp/thru-dangling: failure in testing framework
===================================================
Result: [[31mFAIL[0m] (Exit 1)
Test dd/direct is in the skip list. Skipping...
===================================================
Executing: dd/misc
Sandbox Path: /tests/dd/misc
===================================================
/bin/ln: creating hard link `dd-in2.3' => `dd-in.3': Function not implemented
/tests/dd/misc: failure in testing framework
===================================================
Result: [[31mFAIL[0m] (Exit 1)
===================================================
Executing: dd/not-rewound
Sandbox Path: /tests/dd/not-rewound
===================================================
===================================================
Result: /tests/dd/not-rewound [[32mPASS[0m] (Exit 0)
===================================================
Executing: dd/reblock
Sandbox Path: /tests/dd/reblock
===================================================
/bin/mkfifo: cannot create fifo `dd.fifo': Function not implemented
/tests/dd/reblock: failure in testing framework
===================================================
Result: [[31mFAIL[0m] (Exit 1)
===================================================
Executing: dd/skip-seek
Sandbox Path: /tests/dd/skip-seek
===================================================
Use of uninitialized value $fname in pattern match (m//) at //lib/perl5/5.40.4/File/Temp.pm line 964.
skip-seek: cannot unlink sk-seek1.E.orig: No such file or directory
skip-seek: cannot unlink sk-seek2.E.orig: No such file or directory
skip-seek: cannot unlink sk-seek3.E.orig: No such file or directory
skip-seek: cannot unlink block-sync-1.E.orig: No such file or directory
skip-seek: cannot unlink sk-seek4.E.orig: No such file or directory
Can't stat /tmp/skip-seek.tmp-xa7c: No such file or directory
 at /tests/CuTmpdir.pm line 54.
Use of uninitialized value $abs in string eq at //lib/perl5/5.40.4/File/Temp.pm line 916.
Use of uninitialized value $cwd in string eq at //lib/perl5/5.40.4/File/Temp.pm line 916.
No root path(s) specified
 at //lib/perl5/5.40.4/File/Temp.pm line 932.
===================================================
Result: [[31mFAIL[0m] (Exit 1)
===================================================
Executing: dd/skip-seek-past-dev
Sandbox Path: /tests/dd/skip-seek-past-dev
===================================================
/bin/df: Warning: cannot read table of mounted file systems: No such file or directory
/tests/dd/skip-seek-past-dev: line 33: /sbin/blockdev: Operation not permitted
tests/test-lib.sh: line 53: 9: Bad file descriptor
/tests/dd/skip-seek-past-dev: skipping test: failed to determine size of -
===================================================
Result: /tests/dd/skip-seek-past-dev [[33mSKIP[0m] (Exit 77)
===================================================
Executing: dd/skip-seek-past-file
Sandbox Path: /tests/dd/skip-seek-past-file
===================================================
tests/test-lib.sh: line 53: 9: Bad file descriptor
/tests/dd/skip-seek-past-file: skipping test: this file system does not support sparse files
===================================================
Result: /tests/dd/skip-seek-past-file [[33mSKIP[0m] (Exit 77)
===================================================
Executing: dd/skip-seek2
Sandbox Path: /tests/dd/skip-seek2
===================================================
===================================================
Result: /tests/dd/skip-seek2 [[32mPASS[0m] (Exit 0)
===================================================
Executing: dd/stderr
Sandbox Path: /tests/dd/stderr
===================================================
===================================================
Result: /tests/dd/stderr [[32mPASS[0m] (Exit 0)
===================================================
Executing: dd/unblock
Sandbox Path: /tests/dd/unblock
===================================================
Use of uninitialized value $fname in pattern match (m//) at //lib/perl5/5.40.4/File/Temp.pm line 964.
unblock: cannot unlink 0.E.orig: No such file or directory
unblock: cannot unlink 1.E.orig: No such file or directory
unblock: cannot unlink 2.E.orig: No such file or directory
unblock: cannot unlink 3.E.orig: No such file or directory
unblock: cannot unlink 4.E.orig: No such file or directory
unblock: cannot unlink 5.E.orig: No such file or directory
unblock: cannot unlink 6.E.orig: No such file or directory
unblock: cannot unlink 7.E.orig: No such file or directory
Can't stat /tmp/unblock.tmp-46GQ: No such file or directory
 at /tests/CuTmpdir.pm line 54.
Use of uninitialized value $abs in string eq at //lib/perl5/5.40.4/File/Temp.pm line 916.
Use of uninitialized value $cwd in string eq at //lib/perl5/5.40.4/File/Temp.pm line 916.
No root path(s) specified
 at //lib/perl5/5.40.4/File/Temp.pm line 932.
===================================================
Result: [[31mFAIL[0m] (Exit 1)
===================================================
Executing: dd/unblock-sync
Sandbox Path: /tests/dd/unblock-sync
===================================================
===================================================
Result: /tests/dd/unblock-sync [[32mPASS[0m] (Exit 0)
===================================================
Executing: df/total-verify
Sandbox Path: /tests/df/total-verify
===================================================
/bin/df: cannot read table of mounted file systems: No such file or directory
tests/test-lib.sh: line 53: 9: Bad file descriptor
/tests/df/total-verify: skipping test: df fails
===================================================
Result: /tests/df/total-verify [[33mSKIP[0m] (Exit 77)
===================================================
Executing: df/unreadable
Sandbox Path: /tests/df/unreadable
===================================================
tests/test-lib.sh: line 53: 9: Bad file descriptor
/tests/df/unreadable: skipping test: must be run as non-root
===================================================
Result: /tests/df/unreadable [[33mSKIP[0m] (Exit 77)
===================================================
Executing: du/2g
Sandbox Path: /tests/du/2g
===================================================
tests/test-lib.sh: line 53: 9: Bad file descriptor
/tests/du/2g: skipping test: very expensive: disabled by default
This test is very expensive, so it is disabled by default.
To run it anyway, rerun make check with the RUN_VERY_EXPENSIVE_TESTS
environment variable set to yes.  E.g.,

  env RUN_VERY_EXPENSIVE_TESTS=yes make check

===================================================
Result: /tests/du/2g [[33mSKIP[0m] (Exit 77)
===================================================
Executing: du/8gb
Sandbox Path: /tests/du/8gb
===================================================
tests/test-lib.sh: line 53: 9: Bad file descriptor
/tests/du/8gb: skipping test: this file system does not support sparse files
===================================================
Result: /tests/du/8gb [[33mSKIP[0m] (Exit 77)
===================================================
Executing: du/basic
Sandbox Path: /tests/du/basic
===================================================
/bin/du: cannot read directory `a': Permission denied
/bin/du: cannot read directory `a': Permission denied
/bin/du: cannot read directory `a': Permission denied
--- /tmp/_lind_cmp_a.3	1970-01-01 00:00:00.000000000 +0000
+++ /tmp/_lind_cmp_b.3	1970-01-01 00:00:00.000000000 +0000
@@ -1,5 +1,9 @@
+0	a/b/F
+0	a/b
 0	a
 ===
+0	a/b/F
+0	a/b
 0	a
 ===
 0	a
/bin/du: cannot read directory `d': Permission denied
/bin/du: cannot read directory `d': Permission denied
--- /tmp/_lind_cmp_a.3	1970-01-01 00:00:00.000000000 +0000
+++ /tmp/_lind_cmp_b.3	1970-01-01 00:00:00.000000000 +0000
@@ -1,3 +1,7 @@
-0	d
+8	d/sub/2
+8	d/sub
+8	d/1
+16	d
 ===
-0	d
+8	d/sub
+8	d
===================================================
Result: [[31mFAIL[0m] (Exit 1)
===================================================
Executing: du/deref
Sandbox Path: /tests/du/deref
===================================================
/bin/ln: creating symbolic link `slink': File exists
/tests/du/deref: failure in testing framework
===================================================
Result: [[31mFAIL[0m] (Exit 1)
===================================================
Executing: du/deref-args
Sandbox Path: /tests/du/deref-args
===================================================
/bin/ln: creating symbolic link `slink': File exists
/tests/du/deref-args: failure in testing framework
===================================================
Result: [[31mFAIL[0m] (Exit 1)
===================================================
Executing: du/exclude
Sandbox Path: /tests/du/exclude
===================================================
/bin/du: cannot read directory `a': Permission denied
/bin/du: cannot read directory `a': Permission denied
/bin/du: cannot read directory `a': Permission denied
--- /tmp/_lind_cmp_a.3	1970-01-01 00:00:00.000000000 +0000
+++ /tmp/_lind_cmp_b.3	1970-01-01 00:00:00.000000000 +0000
@@ -1,6 +1,16 @@
 a
+a/b
+a/b/c
+a/u
+a/u/v
 ===
 a
+a/u
+a/u/v
+a/x
+a/x/y
 ===
 ===
 a
+a/x
+a/x/y
===================================================
Result: [[31mFAIL[0m] (Exit 1)
===================================================
Executing: du/fd-leak
Sandbox Path: /tests/du/fd-leak
===================================================
tests/test-lib.sh: line 53: 9: Bad file descriptor
/tests/du/fd-leak: skipping test: expensive: disabled by default
This test is relatively expensive, so it is disabled by default.
To run it anyway, rerun make check with the RUN_EXPENSIVE_TESTS
environment variable set to yes.  E.g.,

  env RUN_EXPENSIVE_TESTS=yes make check

===================================================
Result: /tests/du/fd-leak [[33mSKIP[0m] (Exit 77)
===================================================
Executing: du/files0-from
Sandbox Path: /tests/du/files0-from
===================================================
Use of uninitialized value $fname in pattern match (m//) at //lib/perl5/5.40.4/File/Temp.pm line 964.
files0-from: cannot unlink f-extra-arg.E.orig: No such file or directory
files0-from: cannot unlink missing.E.orig: No such file or directory
files0-from: cannot unlink minus-in-stdin.E.orig: No such file or directory
files0-from: cannot unlink empty.E.orig: No such file or directory
files0-from: test empty-nonreg failed: exit status mismatch:  expected 0, got 1
files0-from: cannot unlink nul-1.E.orig: No such file or directory
files0-from: cannot unlink nul-2.E.orig: No such file or directory
files0-from: cannot unlink 1.O.orig: No such file or directory
files0-from: cannot unlink 1.E.orig: No such file or directory
files0-from: cannot unlink 1a.O.orig: No such file or directory
files0-from: cannot unlink 1a.E.orig: No such file or directory
files0-from: cannot unlink 2.O.orig: No such file or directory
files0-from: cannot unlink 2.E.orig: No such file or directory
files0-from: cannot unlink 2a.O.orig: No such file or directory
files0-from: cannot unlink 2a.E.orig: No such file or directory
files0-from: cannot unlink zero-len.O.orig: No such file or directory
files0-from: cannot unlink zero-len.E.orig: No such file or directory
Can't stat /tmp/files0-from.tmp-rj4f: No such file or directory
 at /tests/CuTmpdir.pm line 54.
Use of uninitialized value $abs in string eq at //lib/perl5/5.40.4/File/Temp.pm line 916.
Use of uninitialized value $cwd in string eq at //lib/perl5/5.40.4/File/Temp.pm line 916.
No root path(s) specified
 at //lib/perl5/5.40.4/File/Temp.pm line 932.
===================================================
Result: [[31mFAIL[0m] (Exit 1)
===================================================
Executing: du/hard-link
Sandbox Path: /tests/du/hard-link
===================================================
/bin/ln: creating hard link `f2' => `f1': Function not implemented
/bin/du: cannot read directory `dir': Permission denied
/bin/du: cannot read directory `dir': Permission denied
--- /tmp/_lind_cmp_a.3	1970-01-01 00:00:00.000000000 +0000
+++ /tmp/_lind_cmp_b.3	1970-01-01 00:00:00.000000000 +0000
@@ -1,3 +1,6 @@
+dir/f_
 dir
 ===
+dir/f2
+dir/f1
 dir
===================================================
Result: [[31mFAIL[0m] (Exit 1)
===================================================
Executing: du/inacc-dest
Sandbox Path: /tests/du/inacc-dest
===================================================
tests/test-lib.sh: line 53: 9: Bad file descriptor
/tests/du/inacc-dest: skipping test: must be run as non-root
===================================================
Result: /tests/du/inacc-dest [[33mSKIP[0m] (Exit 77)
===================================================
Executing: du/inacc-dir
Sandbox Path: /tests/du/inacc-dir
===================================================
tests/test-lib.sh: line 53: 9: Bad file descriptor
/tests/du/inacc-dir: skipping test: must be run as non-root
===================================================
Result: /tests/du/inacc-dir [[33mSKIP[0m] (Exit 77)
===================================================
Executing: du/inaccessible-cwd
Sandbox Path: /tests/du/inaccessible-cwd
===================================================
tests/test-lib.sh: line 53: 9: Bad file descriptor
/tests/du/inaccessible-cwd: skipping test: must be run as non-root
===================================================
Result: /tests/du/inaccessible-cwd [[33mSKIP[0m] (Exit 77)
===================================================
Executing: du/long-from-unreadable
Sandbox Path: /tests/du/long-from-unreadable
===================================================
tests/test-lib.sh: line 53: 9: Bad file descriptor
/tests/du/long-from-unreadable: skipping test: This test would fail, since your system lacks /proc support.
===================================================
Result: /tests/du/long-from-unreadable [[33mSKIP[0m] (Exit 77)
===================================================
Executing: du/long-sloop
Sandbox Path: /tests/du/long-sloop
===================================================
/bin/mkdir: missing operand
Try `/bin/mkdir --help' for more information.
/tests/du/long-sloop: failure in testing framework
===================================================
Result: [[31mFAIL[0m] (Exit 1)
===================================================
Executing: du/no-deref
Sandbox Path: /tests/du/no-deref
===================================================
/bin/ln: creating symbolic link `slink': File exists
/tests/du/no-deref: failure in testing framework
===================================================
Result: [[31mFAIL[0m] (Exit 1)
===================================================
Executing: du/no-x
Sandbox Path: /tests/du/no-x
===================================================
tests/test-lib.sh: line 53: 9: Bad file descriptor
/tests/du/no-x: skipping test: must be run as non-root
===================================================
Result: /tests/du/no-x [[33mSKIP[0m] (Exit 77)
===================================================
Executing: du/one-file-system
Sandbox Path: /tests/du/one-file-system
===================================================
/bin/du: cannot read directory `b': Permission denied
/bin/du: cannot read directory `y': Permission denied
--- /tmp/_lind_cmp_a.3	1970-01-01 00:00:00.000000000 +0000
+++ /tmp/_lind_cmp_b.3	1970-01-01 00:00:00.000000000 +0000
@@ -1,2 +1,4 @@
+b/c
 b
+y/z
 y
===================================================
Result: [[31mFAIL[0m] (Exit 1)
===================================================
Executing: du/restore-wd
Sandbox Path: /tests/du/restore-wd
===================================================
===================================================
Result: /tests/du/restore-wd [[32mPASS[0m] (Exit 0)
===================================================
Executing: du/slash
Sandbox Path: /tests/du/slash
===================================================
/bin/du: cannot access `/bin': No such file or directory
/bin/du: cannot access `/tmp': No such file or directory
/bin/du: cannot access `/dev': No such file or directory
/bin/du: cannot access `/dangling-slink': No such file or directory
/bin/du: cannot access `/symlink': No such file or directory
/bin/du: cannot access `/usr': No such file or directory
/bin/du: cannot access `/share': No such file or directory
/bin/du: cannot access `/dest2': No such file or directory
/bin/du: cannot access `/home': No such file or directory
/bin/du: cannot access `/foo': No such file or directory
/bin/du: cannot access `/sbin': No such file or directory
/bin/du: cannot access `/slink': No such file or directory
/bin/du: cannot access `/var': No such file or directory
/bin/du: cannot access `/lib': No such file or directory
/bin/du: cannot access `/sl2': No such file or directory
/bin/du: cannot access `/sl1': No such file or directory
/bin/du: cannot access `/grates': No such file or directory
/bin/du: cannot access `/dangle': No such file or directory
/bin/du: cannot access `/etc': No such file or directory
/bin/du: cannot access `/b': No such file or directory
/bin/du: cannot access `/tests': No such file or directory
/bin/du: cannot access `/a': No such file or directory
===================================================
Result: [[31mFAIL[0m] (Exit 1)
===================================================
Executing: du/slink
Sandbox Path: /tests/du/slink
===================================================
tests/test-lib.sh: line 53: 9: Bad file descriptor
/tests/du/slink: skipping test: `.' is on an XFS file system
===================================================
Result: /tests/du/slink [[33mSKIP[0m] (Exit 77)
===================================================
Executing: du/trailing-slash
Sandbox Path: /tests/du/trailing-slash
===================================================
/bin/ln: creating symbolic link `slink': File exists
/tests/du/trailing-slash: failure in testing framework
===================================================
Result: [[31mFAIL[0m] (Exit 1)
Test du/two-args is in the skip list. Skipping...
===================================================
Executing: id/no-context
Sandbox Path: /tests/id/no-context
===================================================
tests/test-lib.sh: line 53: 9: Bad file descriptor
/tests/id/no-context: skipping test: this system (or maybe just the current file system) lacks SELinux support
===================================================
Result: /tests/id/no-context [[33mSKIP[0m] (Exit 77)
===================================================
Executing: install/basic-1
Sandbox Path: /tests/install/basic-1
===================================================
tests/test-lib.sh: line 53: 9: Bad file descriptor
/tests/install/basic-1: skipping test: must be run as non-root
===================================================
Result: /tests/install/basic-1 [[33mSKIP[0m] (Exit 77)
===================================================
Executing: install/create-leading
Sandbox Path: /tests/install/create-leading
===================================================
/bin/ginstall: setting permissions for `no-dir1/no-dir2/dest': Function not implemented
===================================================
Result: [[31mFAIL[0m] (Exit 1)
===================================================
Executing: install/d-slashdot
Sandbox Path: /tests/install/d-slashdot
===================================================
/bin/ginstall: cannot change permissions of `d2/..': Function not implemented
===================================================
Result: [[31mFAIL[0m] (Exit 1)
===================================================
Executing: install/install-C
Sandbox Path: /tests/install/install-C
===================================================
tests/test-lib.sh: line 53: 9: Bad file descriptor
/tests/install/install-C: skipping test: this directory has the setgid bit set
===================================================
Result: /tests/install/install-C [[33mSKIP[0m] (Exit 77)
===================================================
Executing: install/install-C-root
Sandbox Path: /tests/install/install-C-root
===================================================
tests/test-lib.sh: line 53: 9: Bad file descriptor
/tests/install/install-C-root: skipping test: this directory has the setgid bit set
===================================================
Result: /tests/install/install-C-root [[33mSKIP[0m] (Exit 77)
===================================================
Executing: install/install-C-selinux
Sandbox Path: /tests/install/install-C-selinux
===================================================
tests/test-lib.sh: line 53: 9: Bad file descriptor
/tests/install/install-C-selinux: skipping test: this system (or maybe just the current file system) lacks SELinux support
===================================================
Result: /tests/install/install-C-selinux [[33mSKIP[0m] (Exit 77)
===================================================
Executing: install/strip-program
Sandbox Path: /tests/install/strip-program
===================================================
/bin/ginstall: setting permissions for `dest': Function not implemented
--- /tmp/_lind_cmp_a.3	1970-01-01 00:00:00.000000000 +0000
+++ /tmp/_lind_cmp_b.3	1970-01-01 00:00:00.000000000 +0000
@@ -1 +1 @@
-abc
+aBc
===================================================
Result: [[31mFAIL[0m] (Exit 1)
===================================================
Executing: install/trap
Sandbox Path: /tests/install/trap
===================================================
/bin/ginstall: setting permissions for `./ginstall': Function not implemented
===================================================
Result: /tests/install/trap [[32mPASS[0m] (Exit 0)
===================================================
Executing: ln/backup-1
Sandbox Path: /tests/ln/backup-1
===================================================
/bin/ln: creating hard link `b~' => `b': Function not implemented
/bin/ln: creating hard link `b' => `a': Function not implemented
===================================================
Result: [[31mFAIL[0m] (Exit 1)
===================================================
Executing: ln/hard-backup
Sandbox Path: /tests/ln/hard-backup
===================================================
===================================================
Result: /tests/ln/hard-backup [[32mPASS[0m] (Exit 0)
===================================================
Executing: ln/hard-to-sym
Sandbox Path: /tests/ln/hard-to-sym
===================================================
/bin/ln: accessing `symlink3': No such file or directory
/bin/ls: cannot access hard-to-a: No such file or directory
/tests/ln/hard-to-sym: failure in testing framework
===================================================
Result: [[31mFAIL[0m] (Exit 1)
===================================================
Executing: ln/misc
Sandbox Path: /tests/ln/misc
===================================================
/bin/rm: cannot remove `tln-symlink': No such file or directory
/bin/ln: creating symbolic link `tln-subdir/tln-symlink': No such file or directory
/bin/ln: creating symbolic link `tln-subdir/tln-file': No such file or directory
/bin/ln: creating symbolic link `tln-symlink-to-subdir': File exists
/bin/ln: creating symbolic link `tln-symlink-to-subdir': File exists
/bin/ln: cannot remove `tln-symlink-to-subdir': No such file or directory
/bin/ln: creating hard link `b~' => `b': Function not implemented
/tests/ln/misc: failure in testing framework
===================================================
Result: [[31mFAIL[0m] (Exit 1)
===================================================
Executing: ln/sf-1
Sandbox Path: /tests/ln/sf-1
===================================================
/bin/ln: creating symbolic link `b': File exists
/tests/ln/sf-1: failure in testing framework
===================================================
Result: [[31mFAIL[0m] (Exit 1)
===================================================
Executing: ln/slash-decorated-nonexistent-dest
Sandbox Path: /tests/ln/slash-decorated-nonexistent-dest
===================================================
/bin/ln: creating hard link `no-such-file/' => `f': Function not implemented
===================================================
Result: /tests/ln/slash-decorated-nonexistent-dest [[32mPASS[0m] (Exit 0)
===================================================
Executing: ln/target-1
Sandbox Path: /tests/ln/target-1
===================================================
/bin/ln: creating symbolic link `d/f': No such file or directory
===================================================
Result: [[31mFAIL[0m] (Exit 1)
===================================================
Executing: ls/abmon-align
Sandbox Path: /tests/ls/abmon-align
===================================================
/bin/ls: cannot access *.ts: No such file or directory
/bin/ls: cannot access *.ts: No such file or directory
/bin/ls: cannot access *.ts: No such file or directory
/bin/ls: cannot access *.ts: No such file or directory
/bin/ls: cannot access *.ts: No such file or directory
/bin/ls: cannot access *.ts: No such file or directory
/bin/ls: cannot access *.ts: No such file or directory
/bin/ls: cannot access *.ts: No such file or directory
/bin/ls: cannot access *.ts: No such file or directory
/bin/ls: cannot access *.ts: No such file or directory
/bin/ls: cannot access *.ts: No such file or directory
/bin/ls: cannot access *.ts: No such file or directory
/bin/ls: cannot access *.ts: No such file or directory
/bin/ls: cannot access *.ts: No such file or directory
/bin/ls: cannot access *.ts: No such file or directory
/bin/ls: cannot access *.ts: No such file or directory
/bin/ls: cannot access *.ts: No such file or directory
/bin/ls: cannot access *.ts: No such file or directory
/bin/ls: cannot access *.ts: No such file or directory
/bin/ls: cannot access *.ts: No such file or directory
/bin/ls: cannot access *.ts: No such file or directory
/bin/ls: cannot access *.ts: No such file or directory
/bin/ls: cannot access *.ts: No such file or directory
/bin/ls: cannot access *.ts: No such file or directory
===================================================
Result: /tests/ls/abmon-align [[32mPASS[0m] (Exit 0)
Test ls/capability is in the skip list. Skipping...
Test ls/color-clear-to-eol is in the skip list. Skipping...
Test ls/color-dtype-dir is in the skip list. Skipping...
===================================================
Executing: ls/dangle
Sandbox Path: /tests/ls/dangle
===================================================
/bin/ln: creating symbolic link `dangle': File exists
/tests/ls/dangle: failure in testing framework
===================================================
Result: [[31mFAIL[0m] (Exit 1)
===================================================
Executing: ls/dired
Sandbox Path: /tests/ls/dired
===================================================
===================================================
Result: /tests/ls/dired [[32mPASS[0m] (Exit 0)
===================================================
Executing: ls/file-type
Sandbox Path: /tests/ls/file-type
===================================================
/bin/mkfifo: cannot create fifo `fifo': Function not implemented
--- /tmp/_lind_cmp_a.3	1970-01-01 00:00:00.000000000 +0000
+++ /tmp/_lind_cmp_b.3	1970-01-01 00:00:00.000000000 +0000
@@ -1,3 +1,7 @@
 dir/
 executable*
+fifo|
 regular
+slink-dangle@
+slink-dir@
+slink-reg@
--- /tmp/_lind_cmp_a.3	1970-01-01 00:00:00.000000000 +0000
+++ /tmp/_lind_cmp_b.3	1970-01-01 00:00:00.000000000 +0000
@@ -1,3 +1,7 @@
 dir/
 executable
+fifo|
 regular
+slink-dangle@
+slink-dir@
+slink-reg@
--- /tmp/_lind_cmp_a.3	1970-01-01 00:00:00.000000000 +0000
+++ /tmp/_lind_cmp_b.3	1970-01-01 00:00:00.000000000 +0000
@@ -1,3 +1,7 @@
 dir/
 executable
+fifo
 regular
+slink-dangle
+slink-dir
+slink-reg
--- /tmp/_lind_cmp_a.3	1970-01-01 00:00:00.000000000 +0000
+++ /tmp/_lind_cmp_b.3	1970-01-01 00:00:00.000000000 +0000
@@ -1,3 +1,7 @@
 dir/
 executable*
+fifo|
 regular
+slink-dangle@
+slink-dir@
+slink-reg@
===================================================
Result: [[31mFAIL[0m] (Exit 1)
===================================================
Executing: ls/follow-slink
Sandbox Path: /tests/ls/follow-slink
===================================================
/bin/ln: creating symbolic link `sub/link-to-dir': No such file or directory
/tests/ls/follow-slink: failure in testing framework
===================================================
Result: [[31mFAIL[0m] (Exit 1)
===================================================
Executing: ls/infloop
Sandbox Path: /tests/ls/infloop
===================================================
/bin/ln: creating symbolic link `loop/sub': No such file or directory
/tests/ls/infloop: failure in testing framework
===================================================
Result: [[31mFAIL[0m] (Exit 1)
===================================================
Executing: ls/inode
Sandbox Path: /tests/ls/inode
===================================================
/bin/ln: creating symbolic link `slink': File exists
/tests/ls/inode: failure in testing framework
===================================================
Result: [[31mFAIL[0m] (Exit 1)
===================================================
Executing: ls/m-option
Sandbox Path: /tests/ls/m-option
===================================================
===================================================
Result: /tests/ls/m-option [[32mPASS[0m] (Exit 0)
Test ls/multihardlink is in the skip list. Skipping...
Test ls/nameless-uid is in the skip list. Skipping...
===================================================
Executing: ls/no-arg
Sandbox Path: /tests/ls/no-arg
===================================================
/bin/ln: creating symbolic link `symlink': File exists
/tests/ls/no-arg: failure in testing framework
===================================================
Result: [[31mFAIL[0m] (Exit 1)
===================================================
Executing: ls/no-cap
Sandbox Path: /tests/ls/no-cap
===================================================
tests/test-lib.sh: line 53: 9: Bad file descriptor
/tests/ls/no-cap: skipping test: no strace program
===================================================
Result: /tests/ls/no-cap [[33mSKIP[0m] (Exit 77)
===================================================
Executing: ls/proc-selinux-segfault
Sandbox Path: /tests/ls/proc-selinux-segfault
===================================================
===================================================
Result: /tests/ls/proc-selinux-segfault [[32mPASS[0m] (Exit 0)
===================================================
Executing: ls/readdir-mountpoint-inode
Sandbox Path: /tests/ls/readdir-mountpoint-inode
===================================================
tests/test-lib.sh: line 53: 9: Bad file descriptor
/tests/ls/readdir-mountpoint-inode: skipping test: this test requires a non-root mount point
===================================================
Result: /tests/ls/readdir-mountpoint-inode [[33mSKIP[0m] (Exit 77)
===================================================
Executing: ls/recursive
Sandbox Path: /tests/ls/recursive
===================================================
===================================================
Result: /tests/ls/recursive [[32mPASS[0m] (Exit 0)
===================================================
Executing: ls/rt-1
Sandbox Path: /tests/ls/rt-1
===================================================
===================================================
Result: /tests/ls/rt-1 [[32mPASS[0m] (Exit 0)
===================================================
Executing: ls/stat-dtype
Sandbox Path: /tests/ls/stat-dtype
===================================================
tests/test-lib.sh: line 53: 9: Bad file descriptor
/tests/ls/stat-dtype: skipping test: '.' is not on a suitable file system for this test
===================================================
Result: /tests/ls/stat-dtype [[33mSKIP[0m] (Exit 77)
===================================================
Executing: ls/stat-failed
Sandbox Path: /tests/ls/stat-failed
===================================================
tests/test-lib.sh: line 53: 9: Bad file descriptor
/tests/ls/stat-failed: skipping test: must be run as non-root
===================================================
Result: /tests/ls/stat-failed [[33mSKIP[0m] (Exit 77)
===================================================
Executing: ls/stat-free-symlinks
Sandbox Path: /tests/ls/stat-free-symlinks
===================================================
tests/test-lib.sh: line 53: 9: Bad file descriptor
/tests/ls/stat-free-symlinks: skipping test: no strace program
===================================================
Result: /tests/ls/stat-free-symlinks [[33mSKIP[0m] (Exit 77)
===================================================
Executing: ls/stat-vs-dirent
Sandbox Path: /tests/ls/stat-vs-dirent
===================================================
/bin/ls: cannot open directory /tmp: Permission denied
===================================================
Result: /tests/ls/stat-vs-dirent [[32mPASS[0m] (Exit 0)
===================================================
Executing: ls/symlink-slash
Sandbox Path: /tests/ls/symlink-slash
===================================================
/bin/ln: creating symbolic link `symlink': File exists
/tests/ls/symlink-slash: failure in testing framework
===================================================
Result: [[31mFAIL[0m] (Exit 1)
===================================================
Executing: ls/x-option
Sandbox Path: /tests/ls/x-option
===================================================
===================================================
Result: /tests/ls/x-option [[32mPASS[0m] (Exit 0)
===================================================
Executing: misc/arch
Sandbox Path: /tests/misc/arch
===================================================
arch: not built
tests/test-lib.sh: line 53: 9: Bad file descriptor
/tests/misc/arch: skipping test: required program(s) not built
===================================================
Result: /tests/misc/arch [[33mSKIP[0m] (Exit 77)
===================================================
Executing: misc/base64
Sandbox Path: /tests/misc/base64
===================================================
Use of uninitialized value $fname in pattern match (m//) at //lib/perl5/5.40.4/File/Temp.pm line 964.
base64: cannot unlink empty.E.orig: No such file or directory
base64: cannot unlink inout.E.orig: No such file or directory
base64: cannot unlink wrap.E.orig: No such file or directory
base64: cannot unlink wrap5-39.E.orig: No such file or directory
base64: cannot unlink wrap5-40.E.orig: No such file or directory
base64: cannot unlink wrap5-41.E.orig: No such file or directory
base64: cannot unlink wrap5-42.E.orig: No such file or directory
base64: cannot unlink wrap5-43.E.orig: No such file or directory
base64: cannot unlink wrap5-44.E.orig: No such file or directory
base64: cannot unlink wrap5-45.E.orig: No such file or directory
base64: cannot unlink wrap5-46.E.orig: No such file or directory
base64: cannot unlink buf-1.E.orig: No such file or directory
base64: cannot unlink buf-2.E.orig: No such file or directory
base64: cannot unlink buf-3.E.orig: No such file or directory
base64: cannot unlink buf-4.E.orig: No such file or directory
base64: cannot unlink buf-4k0.E.orig: No such file or directory
base64: cannot unlink buf-4k1.E.orig: No such file or directory
base64: cannot unlink buf-4k2.E.orig: No such file or directory
base64: cannot unlink buf-4k3.E.orig: No such file or directory
base64: cannot unlink buf-4km1.E.orig: No such file or directory
base64: cannot unlink buf-4km2.E.orig: No such file or directory
base64: cannot unlink buf-4km3.E.orig: No such file or directory
base64: cannot unlink buf-4km4.E.orig: No such file or directory
base64: cannot unlink b4k-1.E.orig: No such file or directory
base64: cannot unlink b4k-2.E.orig: No such file or directory
base64: cannot unlink b4k-3.E.orig: No such file or directory
base64: cannot unlink baddecode.E.orig: No such file or directory
base64: cannot unlink baddecode2.E.orig: No such file or directory
base64: cannot unlink baddecode3.E.orig: No such file or directory
base64: cannot unlink baddecode4.E.orig: No such file or directory
base64: cannot unlink baddecode5.E.orig: No such file or directory
base64: cannot unlink d0-empty.E.orig: No such file or directory
base64: cannot unlink d1-empty.E.orig: No such file or directory
base64: cannot unlink d0-inout.E.orig: No such file or directory
base64: cannot unlink d1-inout.E.orig: No such file or directory
base64: cannot unlink d2-inout.E.orig: No such file or directory
base64: cannot unlink d3-inout.E.orig: No such file or directory
base64: cannot unlink d4-inout.E.orig: No such file or directory
base64: cannot unlink d5-inout.E.orig: No such file or directory
base64: cannot unlink d6-inout.E.orig: No such file or directory
base64: cannot unlink d0-wrap.E.orig: No such file or directory
base64: cannot unlink d1-wrap.E.orig: No such file or directory
base64: cannot unlink d2-wrap.E.orig: No such file or directory
base64: cannot unlink d3-wrap.E.orig: No such file or directory
base64: cannot unlink d4-wrap.E.orig: No such file or directory
base64: cannot unlink d5-wrap.E.orig: No such file or directory
base64: cannot unlink d0-wrap5-39.E.orig: No such file or directory
base64: cannot unlink d1-wrap5-39.E.orig: No such file or directory
base64: cannot unlink d2-wrap5-39.E.orig: No such file or directory
base64: cannot unlink d3-wrap5-39.E.orig: No such file or directory
base64: cannot unlink d4-wrap5-39.E.orig: No such file or directory
base64: cannot unlink d5-wrap5-39.E.orig: No such file or directory
base64: cannot unlink d6-wrap5-39.E.orig: No such file or directory
base64: cannot unlink d7-wrap5-39.E.orig: No such file or directory
base64: cannot unlink d8-wrap5-39.E.orig: No such file or directory
base64: cannot unlink d9-wrap5-39.E.orig: No such file or directory
base64: cannot unlink d10-wrap5-39.E.orig: No such file or directory
base64: cannot unlink d11-wrap5-39.E.orig: No such file or directory
base64: cannot unlink d0-wrap5-40.E.orig: No such file or directory
base64: cannot unlink d1-wrap5-40.E.orig: No such file or directory
base64: cannot unlink d2-wrap5-40.E.orig: No such file or directory
base64: cannot unlink d3-wrap5-40.E.orig: No such file or directory
base64: cannot unlink d4-wrap5-40.E.orig: No such file or directory
base64: cannot unlink d5-wrap5-40.E.orig: No such file or directory
base64: cannot unlink d6-wrap5-40.E.orig: No such file or directory
base64: cannot unlink d7-wrap5-40.E.orig: No such file or directory
base64: cannot unlink d8-wrap5-40.E.orig: No such file or directory
base64: cannot unlink d9-wrap5-40.E.orig: No such file or directory
base64: cannot unlink d10-wrap5-40.E.orig: No such file or directory
base64: cannot unlink d11-wrap5-40.E.orig: No such file or directory
base64: cannot unlink d0-wrap5-41.E.orig: No such file or directory
base64: cannot unlink d1-wrap5-41.E.orig: No such file or directory
base64: cannot unlink d2-wrap5-41.E.orig: No such file or directory
base64: cannot unlink d3-wrap5-41.E.orig: No such file or directory
base64: cannot unlink d4-wrap5-41.E.orig: No such file or directory
base64: cannot unlink d5-wrap5-41.E.orig: No such file or directory
base64: cannot unlink d6-wrap5-41.E.orig: No such file or directory
base64: cannot unlink d7-wrap5-41.E.orig: No such file or directory
base64: cannot unlink d8-wrap5-41.E.orig: No such file or directory
base64: cannot unlink d9-wrap5-41.E.orig: No such file or directory
base64: cannot unlink d10-wrap5-41.E.orig: No such file or directory
base64: cannot unlink d11-wrap5-41.E.orig: No such file or directory
base64: cannot unlink d0-wrap5-42.E.orig: No such file or directory
base64: cannot unlink d1-wrap5-42.E.orig: No such file or directory
base64: cannot unlink d2-wrap5-42.E.orig: No such file or directory
base64: cannot unlink d3-wrap5-42.E.orig: No such file or directory
base64: cannot unlink d4-wrap5-42.E.orig: No such file or directory
base64: cannot unlink d5-wrap5-42.E.orig: No such file or directory
base64: cannot unlink d6-wrap5-42.E.orig: No such file or directory
base64: cannot unlink d7-wrap5-42.E.orig: No such file or directory
base64: cannot unlink d8-wrap5-42.E.orig: No such file or directory
base64: cannot unlink d9-wrap5-42.E.orig: No such file or directory
base64: cannot unlink d10-wrap5-42.E.orig: No such file or directory
base64: cannot unlink d11-wrap5-42.E.orig: No such file or directory
base64: cannot unlink d0-wrap5-43.E.orig: No such file or directory
base64: cannot unlink d1-wrap5-43.E.orig: No such file or directory
base64: cannot unlink d2-wrap5-43.E.orig: No such file or directory
base64: cannot unlink d3-wrap5-43.E.orig: No such file or directory
base64: cannot unlink d4-wrap5-43.E.orig: No such file or directory
base64: cannot unlink d5-wrap5-43.E.orig: No such file or directory
base64: cannot unlink d6-wrap5-43.E.orig: No such file or directory
base64: cannot unlink d7-wrap5-43.E.orig: No such file or directory
base64: cannot unlink d8-wrap5-43.E.orig: No such file or directory
base64: cannot unlink d9-wrap5-43.E.orig: No such file or directory
base64: cannot unlink d10-wrap5-43.E.orig: No such file or directory
base64: cannot unlink d11-wrap5-43.E.orig: No such file or directory
base64: cannot unlink d0-wrap5-44.E.orig: No such file or directory
base64: cannot unlink d1-wrap5-44.E.orig: No such file or directory
base64: cannot unlink d2-wrap5-44.E.orig: No such file or directory
base64: cannot unlink d3-wrap5-44.E.orig: No such file or directory
base64: cannot unlink d4-wrap5-44.E.orig: No such file or directory
base64: cannot unlink d5-wrap5-44.E.orig: No such file or directory
base64: cannot unlink d6-wrap5-44.E.orig: No such file or directory
base64: cannot unlink d7-wrap5-44.E.orig: No such file or directory
base64: cannot unlink d8-wrap5-44.E.orig: No such file or directory
base64: cannot unlink d9-wrap5-44.E.orig: No such file or directory
base64: cannot unlink d10-wrap5-44.E.orig: No such file or directory
base64: cannot unlink d11-wrap5-44.E.orig: No such file or directory
base64: cannot unlink d0-wrap5-45.E.orig: No such file or directory
base64: cannot unlink d1-wrap5-45.E.orig: No such file or directory
base64: cannot unlink d2-wrap5-45.E.orig: No such file or directory
base64: cannot unlink d3-wrap5-45.E.orig: No such file or directory
base64: cannot unlink d4-wrap5-45.E.orig: No such file or directory
base64: cannot unlink d5-wrap5-45.E.orig: No such file or directory
base64: cannot unlink d6-wrap5-45.E.orig: No such file or directory
base64: cannot unlink d7-wrap5-45.E.orig: No such file or directory
base64: cannot unlink d8-wrap5-45.E.orig: No such file or directory
base64: cannot unlink d9-wrap5-45.E.orig: No such file or directory
base64: cannot unlink d10-wrap5-45.E.orig: No such file or directory
base64: cannot unlink d11-wrap5-45.E.orig: No such file or directory
base64: cannot unlink d0-wrap5-46.E.orig: No such file or directory
base64: cannot unlink d1-wrap5-46.E.orig: No such file or directory
base64: cannot unlink d2-wrap5-46.E.orig: No such file or directory
base64: cannot unlink d3-wrap5-46.E.orig: No such file or directory
base64: cannot unlink d4-wrap5-46.E.orig: No such file or directory
base64: cannot unlink d5-wrap5-46.E.orig: No such file or directory
base64: cannot unlink d6-wrap5-46.E.orig: No such file or directory
base64: cannot unlink d7-wrap5-46.E.orig: No such file or directory
base64: cannot unlink d8-wrap5-46.E.orig: No such file or directory
base64: cannot unlink d9-wrap5-46.E.orig: No such file or directory
base64: cannot unlink d10-wrap5-46.E.orig: No such file or directory
base64: cannot unlink d11-wrap5-46.E.orig: No such file or directory
Can't stat /tmp/base64.tmp-Xblt: No such file or directory
 at /tests/CuTmpdir.pm line 54.
Use of uninitialized value $abs in string eq at //lib/perl5/5.40.4/File/Temp.pm line 916.
Use of uninitialized value $cwd in string eq at //lib/perl5/5.40.4/File/Temp.pm line 916.
No root path(s) specified
 at //lib/perl5/5.40.4/File/Temp.pm line 932.
===================================================
Result: [[31mFAIL[0m] (Exit 1)
===================================================
Executing: misc/basename
Sandbox Path: /tests/misc/basename
===================================================
Use of uninitialized value $fname in pattern match (m//) at //lib/perl5/5.40.4/File/Temp.pm line 964.
basename: cannot unlink fail-1.E.orig: No such file or directory
basename: cannot unlink fail-2.E.orig: No such file or directory
basename: cannot unlink a.E.orig: No such file or directory
basename: cannot unlink b.E.orig: No such file or directory
basename: cannot unlink c.E.orig: No such file or directory
basename: cannot unlink d.E.orig: No such file or directory
basename: cannot unlink e.E.orig: No such file or directory
basename: cannot unlink f.E.orig: No such file or directory
basename: cannot unlink g.E.orig: No such file or directory
basename: cannot unlink h.E.orig: No such file or directory
basename: cannot unlink i.E.orig: No such file or directory
basename: cannot unlink j.E.orig: No such file or directory
basename: cannot unlink 1.E.orig: No such file or directory
basename: cannot unlink 2.E.orig: No such file or directory
basename: cannot unlink 3.E.orig: No such file or directory
basename: cannot unlink 4.E.orig: No such file or directory
basename: cannot unlink 5.E.orig: No such file or directory
basename: cannot unlink 6.E.orig: No such file or directory
basename: cannot unlink 7.E.orig: No such file or directory
basename: cannot unlink 8.E.orig: No such file or directory
basename: cannot unlink 9.E.orig: No such file or directory
basename: cannot unlink 10.E.orig: No such file or directory
Can't stat /tmp/basename.tmp-QdqB: No such file or directory
 at /tests/CuTmpdir.pm line 54.
Use of uninitialized value $abs in string eq at //lib/perl5/5.40.4/File/Temp.pm line 916.
Use of uninitialized value $cwd in string eq at //lib/perl5/5.40.4/File/Temp.pm line 916.
No root path(s) specified
 at //lib/perl5/5.40.4/File/Temp.pm line 932.
===================================================
Result: [[31mFAIL[0m] (Exit 1)
===================================================
Executing: misc/cat-buf
Sandbox Path: /tests/misc/cat-buf
===================================================
/bin/mkfifo: cannot create fifo `fifo': Function not implemented
/tests/misc/cat-buf: failure in testing framework
===================================================
Result: [[31mFAIL[0m] (Exit 1)
===================================================
Executing: misc/cat-proc
Sandbox Path: /tests/misc/cat-proc
===================================================
tests/test-lib.sh: line 53: 9: Bad file descriptor
/tests/misc/cat-proc: skipping test: no /proc/cpuinfo
===================================================
Result: /tests/misc/cat-proc [[33mSKIP[0m] (Exit 77)
===================================================
Executing: misc/chcon
Sandbox Path: /tests/misc/chcon
===================================================
tests/test-lib.sh: line 53: 9: Bad file descriptor
/tests/misc/chcon: skipping test: this system (or maybe just the current file system) lacks SELinux support
===================================================
Result: /tests/misc/chcon [[33mSKIP[0m] (Exit 77)
===================================================
Executing: misc/chcon-fail
Sandbox Path: /tests/misc/chcon-fail
===================================================
===================================================
Result: /tests/misc/chcon-fail [[32mPASS[0m] (Exit 0)
===================================================
Executing: misc/chroot-credentials
Sandbox Path: /tests/misc/chroot-credentials
===================================================
/bin/chroot: cannot change root directory to /: Function not implemented
/tests/misc/chroot-credentials: line 31: test: =: unary operator expected
/bin/chroot: cannot change root directory to /: Function not implemented
/bin/chroot: cannot change root directory to /: Function not implemented
/bin/chroot: cannot change root directory to /: Function not implemented
/bin/chroot: cannot change root directory to /: Function not implemented
/bin/chroot: cannot change root directory to /: Function not implemented
===================================================
Result: [[31mFAIL[0m] (Exit 1)
===================================================
Executing: misc/chroot-fail
Sandbox Path: /tests/misc/chroot-fail
===================================================
/bin/chroot: missing operand
Try `/bin/chroot --help' for more information.
Try `/bin/chroot --help' for more information.
/bin/chroot: unrecognized option '---'
Try `/bin/chroot --help' for more information.
/bin/chroot: cannot change root directory to /: Function not implemented
===================================================
Result: /tests/misc/chroot-fail [[32mPASS[0m] (Exit 0)
===================================================
Executing: misc/close-stdout
Sandbox Path: /tests/misc/close-stdout
===================================================
/bin/ln: creating hard link `c' => `a': Function not implemented
/bin/rm: cannot remove `c': No such file or directory
/tests/misc/close-stdout: line 43: //src/true: Operation not permitted
/tests/misc/close-stdout: line 44: //src/printf: Operation not permitted
/tests/misc/close-stdout: line 49: //src/test: Operation not permitted
===================================================
Result: [[31mFAIL[0m] (Exit 1)
===================================================
Executing: misc/comm
Sandbox Path: /tests/misc/comm
===================================================
Use of uninitialized value $fname in pattern match (m//) at //lib/perl5/5.40.4/File/Temp.pm line 964.
comm: cannot unlink basic.E.orig: No such file or directory
comm: cannot unlink opt-1.E.orig: No such file or directory
comm: cannot unlink opt-2.E.orig: No such file or directory
comm: cannot unlink opt-3.E.orig: No such file or directory
comm: cannot unlink opt-12.E.orig: No such file or directory
comm: cannot unlink opt-13.E.orig: No such file or directory
comm: cannot unlink opt-23.E.orig: No such file or directory
comm: cannot unlink opt-123.E.orig: No such file or directory
comm: cannot unlink missing-arg1.E.orig: No such file or directory
comm: cannot unlink missing-arg2.E.orig: No such file or directory
comm: cannot unlink extra-arg.E.orig: No such file or directory
comm: cannot unlink ooo.E.orig: No such file or directory
comm: cannot unlink ooo2.E.orig: No such file or directory
comm: cannot unlink ooo3.E.orig: No such file or directory
comm: cannot unlink ooo4.E.orig: No such file or directory
comm: cannot unlink ooo5.E.orig: No such file or directory
comm: cannot unlink ooo5b.E.orig: No such file or directory
comm: cannot unlink ooo5c.E.orig: No such file or directory
comm: cannot unlink ooo6.E.orig: No such file or directory
comm: cannot unlink ooo7.E.orig: No such file or directory
comm: cannot unlink ooo-prefix.E.orig: No such file or directory
comm: cannot unlink delim-comma.E.orig: No such file or directory
comm: cannot unlink delim-2char.E.orig: No such file or directory
comm: cannot unlink delim-empty.E.orig: No such file or directory
comm: cannot unlink delim-dual.E.orig: No such file or directory
comm: cannot unlink delim-dual2.E.orig: No such file or directory
Can't stat /tmp/comm.tmp-yShz: No such file or directory
 at /tests/CuTmpdir.pm line 54.
Use of uninitialized value $abs in string eq at //lib/perl5/5.40.4/File/Temp.pm line 916.
Use of uninitialized value $cwd in string eq at //lib/perl5/5.40.4/File/Temp.pm line 916.
No root path(s) specified
 at //lib/perl5/5.40.4/File/Temp.pm line 932.
===================================================
Result: [[31mFAIL[0m] (Exit 1)
===================================================
Executing: misc/csplit
Sandbox Path: /tests/misc/csplit
===================================================
===================================================
Result: /tests/misc/csplit [[32mPASS[0m] (Exit 0)
===================================================
Executing: misc/cut
Sandbox Path: /tests/misc/cut
===================================================
Use of uninitialized value $fname in pattern match (m//) at //lib/perl5/5.40.4/File/Temp.pm line 964.
cut: cannot unlink dbl-free.E.orig: No such file or directory
cut: cannot unlink zero-1.E.orig: No such file or directory
cut: cannot unlink zero-2.E.orig: No such file or directory
cut: cannot unlink 1.E.orig: No such file or directory
cut: cannot unlink 1.r.E.orig: No such file or directory
cut: cannot unlink 1.p.E.orig: No such file or directory
cut: cannot unlink 2.E.orig: No such file or directory
cut: cannot unlink 2.r.E.orig: No such file or directory
cut: cannot unlink 2.p.E.orig: No such file or directory
cut: cannot unlink 3.E.orig: No such file or directory
cut: cannot unlink 3.r.E.orig: No such file or directory
cut: cannot unlink 3.p.E.orig: No such file or directory
cut: cannot unlink 4.E.orig: No such file or directory
cut: cannot unlink 4.r.E.orig: No such file or directory
cut: cannot unlink 4.p.E.orig: No such file or directory
cut: cannot unlink 5.E.orig: No such file or directory
cut: cannot unlink 5.r.E.orig: No such file or directory
cut: cannot unlink 5.p.E.orig: No such file or directory
cut: cannot unlink 6.E.orig: No such file or directory
cut: cannot unlink 6.r.E.orig: No such file or directory
cut: cannot unlink 6.p.E.orig: No such file or directory
cut: cannot unlink 7.E.orig: No such file or directory
cut: cannot unlink 7.r.E.orig: No such file or directory
cut: cannot unlink 7.p.E.orig: No such file or directory
cut: cannot unlink 8.E.orig: No such file or directory
cut: cannot unlink 8.r.E.orig: No such file or directory
cut: cannot unlink 8.p.E.orig: No such file or directory
cut: cannot unlink 9.E.orig: No such file or directory
cut: cannot unlink 9.r.E.orig: No such file or directory
cut: cannot unlink 9.p.E.orig: No such file or directory
cut: cannot unlink a.E.orig: No such file or directory
cut: cannot unlink a.r.E.orig: No such file or directory
cut: cannot unlink a.p.E.orig: No such file or directory
cut: cannot unlink b.E.orig: No such file or directory
cut: cannot unlink b.r.E.orig: No such file or directory
cut: cannot unlink b.p.E.orig: No such file or directory
cut: cannot unlink c.E.orig: No such file or directory
cut: cannot unlink c.r.E.orig: No such file or directory
cut: cannot unlink c.p.E.orig: No such file or directory
cut: cannot unlink d.E.orig: No such file or directory
cut: cannot unlink d.r.E.orig: No such file or directory
cut: cannot unlink d.p.E.orig: No such file or directory
cut: cannot unlink e.E.orig: No such file or directory
cut: cannot unlink e.r.E.orig: No such file or directory
cut: cannot unlink e.p.E.orig: No such file or directory
cut: cannot unlink f.E.orig: No such file or directory
cut: cannot unlink f.r.E.orig: No such file or directory
cut: cannot unlink f.p.E.orig: No such file or directory
cut: cannot unlink g.E.orig: No such file or directory
cut: cannot unlink g.r.E.orig: No such file or directory
cut: cannot unlink g.p.E.orig: No such file or directory
cut: cannot unlink h.E.orig: No such file or directory
cut: cannot unlink h.r.E.orig: No such file or directory
cut: cannot unlink h.p.E.orig: No such file or directory
cut: cannot unlink i.E.orig: No such file or directory
cut: cannot unlink i.r.E.orig: No such file or directory
cut: cannot unlink i.p.E.orig: No such file or directory
cut: cannot unlink j.E.orig: No such file or directory
cut: cannot unlink j.r.E.orig: No such file or directory
cut: cannot unlink j.p.E.orig: No such file or directory
cut: cannot unlink k.E.orig: No such file or directory
cut: cannot unlink k.r.E.orig: No such file or directory
cut: cannot unlink k.p.E.orig: No such file or directory
cut: cannot unlink l.E.orig: No such file or directory
cut: cannot unlink l.r.E.orig: No such file or directory
cut: cannot unlink l.p.E.orig: No such file or directory
cut: cannot unlink m.E.orig: No such file or directory
cut: cannot unlink m.r.E.orig: No such file or directory
cut: cannot unlink m.p.E.orig: No such file or directory
cut: cannot unlink n.E.orig: No such file or directory
cut: cannot unlink n.r.E.orig: No such file or directory
cut: cannot unlink n.p.E.orig: No such file or directory
cut: cannot unlink o.E.orig: No such file or directory
cut: cannot unlink o.r.E.orig: No such file or directory
cut: cannot unlink o.p.E.orig: No such file or directory
cut: cannot unlink p.E.orig: No such file or directory
cut: cannot unlink p.r.E.orig: No such file or directory
cut: cannot unlink p.p.E.orig: No such file or directory
cut: cannot unlink q.E.orig: No such file or directory
cut: cannot unlink q.r.E.orig: No such file or directory
cut: cannot unlink q.p.E.orig: No such file or directory
cut: cannot unlink r.E.orig: No such file or directory
cut: cannot unlink r.r.E.orig: No such file or directory
cut: cannot unlink r.p.E.orig: No such file or directory
cut: cannot unlink s.E.orig: No such file or directory
cut: cannot unlink s.r.E.orig: No such file or directory
cut: cannot unlink s.p.E.orig: No such file or directory
cut: cannot unlink t.E.orig: No such file or directory
cut: cannot unlink t.r.E.orig: No such file or directory
cut: cannot unlink t.p.E.orig: No such file or directory
cut: cannot unlink u.E.orig: No such file or directory
cut: cannot unlink u.r.E.orig: No such file or directory
cut: cannot unlink u.p.E.orig: No such file or directory
cut: cannot unlink v.E.orig: No such file or directory
cut: cannot unlink v.r.E.orig: No such file or directory
cut: cannot unlink v.p.E.orig: No such file or directory
cut: cannot unlink w.E.orig: No such file or directory
cut: cannot unlink w.r.E.orig: No such file or directory
cut: cannot unlink w.p.E.orig: No such file or directory
cut: cannot unlink x.E.orig: No such file or directory
cut: cannot unlink x.r.E.orig: No such file or directory
cut: cannot unlink x.p.E.orig: No such file or directory
cut: cannot unlink y.E.orig: No such file or directory
cut: cannot unlink y.r.E.orig: No such file or directory
cut: cannot unlink y.p.E.orig: No such file or directory
cut: cannot unlink z.E.orig: No such file or directory
cut: cannot unlink z.r.E.orig: No such file or directory
cut: cannot unlink z.p.E.orig: No such file or directory
cut: cannot unlink empty-fl.E.orig: No such file or directory
cut: cannot unlink empty-fl.r.E.orig: No such file or directory
cut: cannot unlink empty-fl.p.E.orig: No such file or directory
cut: cannot unlink missing-fl.E.orig: No such file or directory
cut: cannot unlink missing-fl.r.E.orig: No such file or directory
cut: cannot unlink missing-fl.p.E.orig: No such file or directory
cut: cannot unlink empty-bl.E.orig: No such file or directory
cut: cannot unlink empty-bl.r.E.orig: No such file or directory
cut: cannot unlink empty-bl.p.E.orig: No such file or directory
cut: cannot unlink missing-bl.E.orig: No such file or directory
cut: cannot unlink missing-bl.r.E.orig: No such file or directory
cut: cannot unlink missing-bl.p.E.orig: No such file or directory
cut: cannot unlink empty-f1.E.orig: No such file or directory
cut: cannot unlink empty-f1.r.E.orig: No such file or directory
cut: cannot unlink empty-f1.p.E.orig: No such file or directory
cut: cannot unlink empty-f2.E.orig: No such file or directory
cut: cannot unlink empty-f2.r.E.orig: No such file or directory
cut: cannot unlink empty-f2.p.E.orig: No such file or directory
cut: cannot unlink o-delim.E.orig: No such file or directory
cut: cannot unlink o-delim.r.E.orig: No such file or directory
cut: cannot unlink o-delim.p.E.orig: No such file or directory
cut: cannot unlink nul-idelim.E.orig: No such file or directory
cut: cannot unlink nul-idelim.r.E.orig: No such file or directory
cut: cannot unlink nul-idelim.p.E.orig: No such file or directory
cut: cannot unlink nul-odelim.E.orig: No such file or directory
cut: cannot unlink nul-odelim.r.E.orig: No such file or directory
cut: cannot unlink nul-odelim.p.E.orig: No such file or directory
cut: cannot unlink multichar-od.E.orig: No such file or directory
cut: cannot unlink multichar-od.r.E.orig: No such file or directory
cut: cannot unlink multichar-od.p.E.orig: No such file or directory
cut: test 8bit-delim failed: exit status mismatch:  expected 0, got 1
cut: test 8bit-delim.r failed: exit status mismatch:  expected 0, got 1
cut: test 8bit-delim.p failed: exit status mismatch:  expected 0, got 1
cut: cannot unlink out-delim1.E.orig: No such file or directory
cut: cannot unlink out-delim1.r.E.orig: No such file or directory
cut: cannot unlink out-delim1.p.E.orig: No such file or directory
cut: cannot unlink out-delim2.E.orig: No such file or directory
cut: cannot unlink out-delim2.r.E.orig: No such file or directory
cut: cannot unlink out-delim2.p.E.orig: No such file or directory
cut: cannot unlink out-delim3.E.orig: No such file or directory
cut: cannot unlink out-delim3.r.E.orig: No such file or directory
cut: cannot unlink out-delim3.p.E.orig: No such file or directory
cut: cannot unlink out-delim3a.E.orig: No such file or directory
cut: cannot unlink out-delim3a.r.E.orig: No such file or directory
cut: cannot unlink out-delim3a.p.E.orig: No such file or directory
cut: cannot unlink out-delim4.E.orig: No such file or directory
cut: cannot unlink out-delim4.r.E.orig: No such file or directory
cut: cannot unlink out-delim4.p.E.orig: No such file or directory
cut: cannot unlink out-delim5.E.orig: No such file or directory
cut: cannot unlink out-delim5.r.E.orig: No such file or directory
cut: cannot unlink out-delim5.p.E.orig: No such file or directory
cut: cannot unlink out-delim6.E.orig: No such file or directory
cut: cannot unlink out-delim6.r.E.orig: No such file or directory
cut: cannot unlink out-delim6.p.E.orig: No such file or directory
cut: cannot unlink od-abut.E.orig: No such file or directory
cut: cannot unlink od-abut.r.E.orig: No such file or directory
cut: cannot unlink od-abut.p.E.orig: No such file or directory
cut: cannot unlink od-overlap.E.orig: No such file or directory
cut: cannot unlink od-overlap.r.E.orig: No such file or directory
cut: cannot unlink od-overlap.p.E.orig: No such file or directory
cut: cannot unlink od-overlap2.E.orig: No such file or directory
cut: cannot unlink od-overlap2.r.E.orig: No such file or directory
cut: cannot unlink od-overlap2.p.E.orig: No such file or directory
cut: cannot unlink od-overlap3.E.orig: No such file or directory
cut: cannot unlink od-overlap3.r.E.orig: No such file or directory
cut: cannot unlink od-overlap3.p.E.orig: No such file or directory
cut: cannot unlink od-overlap4.E.orig: No such file or directory
cut: cannot unlink od-overlap4.r.E.orig: No such file or directory
cut: cannot unlink od-overlap4.p.E.orig: No such file or directory
cut: cannot unlink od-overlap5.E.orig: No such file or directory
cut: cannot unlink od-overlap5.r.E.orig: No such file or directory
cut: cannot unlink od-overlap5.p.E.orig: No such file or directory
cut: cannot unlink inval1.E.orig: No such file or directory
cut: cannot unlink inval1.r.E.orig: No such file or directory
cut: cannot unlink inval1.p.E.orig: No such file or directory
cut: cannot unlink inval2.E.orig: No such file or directory
cut: cannot unlink inval2.r.E.orig: No such file or directory
cut: cannot unlink inval2.p.E.orig: No such file or directory
cut: cannot unlink inval3.E.orig: No such file or directory
cut: cannot unlink inval3.r.E.orig: No such file or directory
cut: cannot unlink inval3.p.E.orig: No such file or directory
cut: cannot unlink inval4.E.orig: No such file or directory
cut: cannot unlink inval4.r.E.orig: No such file or directory
cut: cannot unlink inval4.p.E.orig: No such file or directory
cut: cannot unlink inval5.E.orig: No such file or directory
cut: cannot unlink inval5.r.E.orig: No such file or directory
cut: cannot unlink inval5.p.E.orig: No such file or directory
cut: cannot unlink inval6.E.orig: No such file or directory
cut: cannot unlink inval6.r.E.orig: No such file or directory
cut: cannot unlink inval6.p.E.orig: No such file or directory
Can't stat /tmp/cut.tmp-h5Iv: No such file or directory
 at /tests/CuTmpdir.pm line 54.
Use of uninitialized value $abs in string eq at //lib/perl5/5.40.4/File/Temp.pm line 916.
Use of uninitialized value $cwd in string eq at //lib/perl5/5.40.4/File/Temp.pm line 916.
No root path(s) specified
 at //lib/perl5/5.40.4/File/Temp.pm line 932.
===================================================
Result: [[31mFAIL[0m] (Exit 1)
Test misc/date is in the skip list. Skipping...
===================================================
Executing: misc/date-next-dow
Sandbox Path: /tests/misc/date-next-dow
===================================================
Use of uninitialized value $fname in pattern match (m//) at //lib/perl5/5.40.4/File/Temp.pm line 964.
date-next-dow: cannot unlink dow.E.orig: No such file or directory
date-next-dow: cannot unlink dow2.E.orig: No such file or directory
date-next-dow: cannot unlink next-dow.E.orig: No such file or directory
Can't stat /tmp/date-next-dow.tmp-Vpi3: No such file or directory
 at /tests/CuTmpdir.pm line 54.
Use of uninitialized value $abs in string eq at //lib/perl5/5.40.4/File/Temp.pm line 916.
Use of uninitialized value $cwd in string eq at //lib/perl5/5.40.4/File/Temp.pm line 916.
No root path(s) specified
 at //lib/perl5/5.40.4/File/Temp.pm line 932.
===================================================
Result: [[31mFAIL[0m] (Exit 1)
===================================================
Executing: misc/date-sec
Sandbox Path: /tests/misc/date-sec
===================================================
===================================================
Result: /tests/misc/date-sec [[32mPASS[0m] (Exit 0)
===================================================
Executing: misc/df
Sandbox Path: /tests/misc/df
===================================================
/bin/df: Warning: cannot read table of mounted file systems: No such file or directory
===================================================
Result: /tests/misc/df [[32mPASS[0m] (Exit 0)
===================================================
Executing: misc/df-P
Sandbox Path: /tests/misc/df-P
===================================================
/bin/df: Warning: cannot read table of mounted file systems: No such file or directory
/bin/df: Warning: cannot read table of mounted file systems: No such file or directory
===================================================
Result: /tests/misc/df-P [[32mPASS[0m] (Exit 0)
===================================================
Executing: misc/dircolors
Sandbox Path: /tests/misc/dircolors
===================================================
Use of uninitialized value $fname in pattern match (m//) at //lib/perl5/5.40.4/File/Temp.pm line 964.
dircolors: cannot unlink a.E.orig: No such file or directory
dircolors: cannot unlink quote.E.orig: No such file or directory
dircolors: cannot unlink other-wr.E.orig: No such file or directory
Can't stat /tmp/dircolors.tmp-AXw7: No such file or directory
 at /tests/CuTmpdir.pm line 54.
Use of uninitialized value $abs in string eq at //lib/perl5/5.40.4/File/Temp.pm line 916.
Use of uninitialized value $cwd in string eq at //lib/perl5/5.40.4/File/Temp.pm line 916.
No root path(s) specified
 at //lib/perl5/5.40.4/File/Temp.pm line 932.
===================================================
Result: [[31mFAIL[0m] (Exit 1)
===================================================
Executing: misc/dirname
Sandbox Path: /tests/misc/dirname
===================================================
Use of uninitialized value $fname in pattern match (m//) at //lib/perl5/5.40.4/File/Temp.pm line 964.
dirname: cannot unlink fail-1.E.orig: No such file or directory
dirname: cannot unlink fail-2.E.orig: No such file or directory
dirname: cannot unlink a.E.orig: No such file or directory
dirname: cannot unlink b.E.orig: No such file or directory
dirname: cannot unlink c.E.orig: No such file or directory
dirname: cannot unlink d.E.orig: No such file or directory
dirname: cannot unlink e.E.orig: No such file or directory
dirname: cannot unlink f.E.orig: No such file or directory
dirname: cannot unlink g.E.orig: No such file or directory
dirname: cannot unlink h.E.orig: No such file or directory
dirname: cannot unlink i.E.orig: No such file or directory
dirname: cannot unlink j.E.orig: No such file or directory
dirname: cannot unlink k.E.orig: No such file or directory
dirname: cannot unlink l.E.orig: No such file or directory
dirname: cannot unlink m.E.orig: No such file or directory
Can't stat /tmp/dirname.tmp-iRm1: No such file or directory
 at /tests/CuTmpdir.pm line 54.
Use of uninitialized value $abs in string eq at //lib/perl5/5.40.4/File/Temp.pm line 916.
Use of uninitialized value $cwd in string eq at //lib/perl5/5.40.4/File/Temp.pm line 916.
No root path(s) specified
 at //lib/perl5/5.40.4/File/Temp.pm line 932.
===================================================
Result: [[31mFAIL[0m] (Exit 1)
===================================================
Executing: misc/env
Sandbox Path: /tests/misc/env
===================================================
/bin/env: unrecognized option '---'
Try `/bin/env --help' for more information.
/bin/env: option requires an argument -- 'u'
Try `/bin/env --help' for more information.
/bin/env: sh: Operation not permitted
/bin/env: .: Operation not permitted
/bin/env: no_such: Operation not permitted
/bin/env: env: Operation not permitted
/bin/env: env: Operation not permitted
/bin/env: env: Operation not permitted
--- /tmp/_lind_cmp_a.3	1970-01-01 00:00:00.000000000 +0000
+++ /tmp/_lind_cmp_b.3	1970-01-01 00:00:00.000000000 +0000
@@ -2,7 +2,3 @@
 ENV_TEST2=
 ENV_TEST3=c
 ENV_TEST1=b
-ENV_TEST1=a
-ENV_TEST2=
-ENV_TEST3=c
-ENV_TEST1=b
/bin/env: also_unlikely: Operation not permitted
/bin/env: also_unlikely: Operation not permitted
/bin/env: also_unlikely: Operation not permitted
/bin/env: echo: Operation not permitted
/bin/env: echo: Operation not permitted
/bin/env: -u: Operation not permitted
/bin/env: --: Operation not permitted
/bin/env: --: Operation not permitted
/bin/env: echo: Operation not permitted
/bin/env: echo: Operation not permitted
/bin/env: echo: Operation not permitted
/bin/env: sh: Operation not permitted
/bin/env: sh: Operation not permitted
/bin/env: cannot unset `a=b': Invalid argument
/bin/env: cannot unset `': Invalid argument
===================================================
Result: [[31mFAIL[0m] (Exit 1)
===================================================
Executing: misc/env-null
Sandbox Path: /tests/misc/env-null
===================================================
/bin/env: env: Operation not permitted
/bin/env: printenv: Operation not permitted
/bin/env: env: Operation not permitted
/bin/env: printenv: Operation not permitted
/bin/env: cannot specify --null (-0) with command
Try `/bin/env --help' for more information.
/bin/env: printenv: Operation not permitted
Binary files /tmp/_lind_cmp_a.3 and /tmp/_lind_cmp_b.3 differ
/bin/env: printenv: Operation not permitted
/bin/env: printenv: Operation not permitted
Binary files /tmp/_lind_cmp_a.3 and /tmp/_lind_cmp_b.3 differ
===================================================
Result: [[31mFAIL[0m] (Exit 1)
===================================================
Executing: misc/expand
Sandbox Path: /tests/misc/expand
===================================================
Use of uninitialized value $fname in pattern match (m//) at //lib/perl5/5.40.4/File/Temp.pm line 964.
expand: cannot unlink t1.E.orig: No such file or directory
expand: cannot unlink t2.E.orig: No such file or directory
expand: cannot unlink i1.E.orig: No such file or directory
expand: cannot unlink i2.E.orig: No such file or directory
Can't stat /tmp/expand.tmp-uPTx: No such file or directory
 at /tests/CuTmpdir.pm line 54.
Use of uninitialized value $abs in string eq at //lib/perl5/5.40.4/File/Temp.pm line 916.
Use of uninitialized value $cwd in string eq at //lib/perl5/5.40.4/File/Temp.pm line 916.
No root path(s) specified
 at //lib/perl5/5.40.4/File/Temp.pm line 932.
===================================================
Result: [[31mFAIL[0m] (Exit 1)
===================================================
Executing: misc/expr
Sandbox Path: /tests/misc/expr
===================================================
Use of uninitialized value $fname in pattern match (m//) at //lib/perl5/5.40.4/File/Temp.pm line 964.
/bin/expr: 9758060798730154302876482828124348356960410232492450771490: Numerical result out of range
expr: cannot unlink a.E.orig: No such file or directory
expr: cannot unlink b.E.orig: No such file or directory
expr: cannot unlink c.E.orig: No such file or directory
expr: cannot unlink d.E.orig: No such file or directory
expr: cannot unlink e.E.orig: No such file or directory
expr: cannot unlink f.E.orig: No such file or directory
expr: cannot unlink g.E.orig: No such file or directory
expr: cannot unlink opt1.E.orig: No such file or directory
expr: cannot unlink opt2.E.orig: No such file or directory
expr: cannot unlink opt3.E.orig: No such file or directory
expr: cannot unlink opt4.E.orig: No such file or directory
expr: cannot unlink opt5.E.orig: No such file or directory
expr: cannot unlink paren1.E.orig: No such file or directory
expr: cannot unlink paren2.E.orig: No such file or directory
expr: cannot unlink paren3.E.orig: No such file or directory
expr: cannot unlink paren4.E.orig: No such file or directory
expr: cannot unlink paren5.E.orig: No such file or directory
expr: cannot unlink 0bang.E.orig: No such file or directory
expr: cannot unlink 00.E.orig: No such file or directory
expr: cannot unlink minus0.E.orig: No such file or directory
expr: cannot unlink andand.E.orig: No such file or directory
expr: cannot unlink oror.E.orig: No such file or directory
expr: cannot unlink orempty.E.orig: No such file or directory
expr: cannot unlink fail-a.E.orig: No such file or directory
expr: cannot unlink bigcmp.E.orig: No such file or directory
expr: cannot unlink anchor.E.orig: No such file or directory
expr: cannot unlink bre1.E.orig: No such file or directory
expr: cannot unlink bre2.E.orig: No such file or directory
expr: cannot unlink bre3.E.orig: No such file or directory
expr: cannot unlink bre4.E.orig: No such file or directory
expr: cannot unlink bre5.E.orig: No such file or directory
expr: cannot unlink bre6.E.orig: No such file or directory
expr: cannot unlink bre7.E.orig: No such file or directory
expr: cannot unlink bre8.E.orig: No such file or directory
expr: cannot unlink bre9.E.orig: No such file or directory
expr: cannot unlink bre10.E.orig: No such file or directory
expr: cannot unlink bre11.E.orig: No such file or directory
expr: cannot unlink bre12.E.orig: No such file or directory
expr: cannot unlink bre13.E.orig: No such file or directory
expr: cannot unlink bre14.E.orig: No such file or directory
expr: cannot unlink bre15.E.orig: No such file or directory
expr: cannot unlink bre16.E.orig: No such file or directory
expr: cannot unlink bre17.E.orig: No such file or directory
expr: cannot unlink bre18.E.orig: No such file or directory
expr: cannot unlink bre19.E.orig: No such file or directory
expr: cannot unlink bre20.E.orig: No such file or directory
expr: cannot unlink bre21.E.orig: No such file or directory
expr: cannot unlink bre22.E.orig: No such file or directory
expr: cannot unlink bre23.E.orig: No such file or directory
expr: cannot unlink bre24.E.orig: No such file or directory
expr: cannot unlink bre25.E.orig: No such file or directory
expr: cannot unlink bre26.E.orig: No such file or directory
expr: cannot unlink bre27.E.orig: No such file or directory
expr: cannot unlink bre28.E.orig: No such file or directory
expr: cannot unlink bre29.E.orig: No such file or directory
expr: cannot unlink bre30.E.orig: No such file or directory
expr: cannot unlink bre31.E.orig: No such file or directory
expr: cannot unlink bre32.E.orig: No such file or directory
expr: cannot unlink bre33.E.orig: No such file or directory
expr: cannot unlink bre34.E.orig: No such file or directory
expr: cannot unlink bre35.E.orig: No such file or directory
expr: cannot unlink bre36.E.orig: No such file or directory
expr: cannot unlink bre37.E.orig: No such file or directory
expr: cannot unlink bre38.E.orig: No such file or directory
expr: cannot unlink bre39.E.orig: No such file or directory
expr: cannot unlink bre40.E.orig: No such file or directory
expr: cannot unlink bre41.E.orig: No such file or directory
expr: cannot unlink bre42.E.orig: No such file or directory
expr: cannot unlink bre43.E.orig: No such file or directory
expr: cannot unlink bre44.E.orig: No such file or directory
expr: cannot unlink bre45.E.orig: No such file or directory
expr: cannot unlink bre46.E.orig: No such file or directory
expr: cannot unlink bre47.E.orig: No such file or directory
expr: cannot unlink bre48.E.orig: No such file or directory
expr: cannot unlink bre49.E.orig: No such file or directory
expr: cannot unlink bre50.E.orig: No such file or directory
expr: cannot unlink bre51.E.orig: No such file or directory
expr: cannot unlink bre52.E.orig: No such file or directory
expr: cannot unlink bre53.E.orig: No such file or directory
expr: cannot unlink bre54.E.orig: No such file or directory
expr: cannot unlink bre55.E.orig: No such file or directory
expr: cannot unlink bre56.E.orig: No such file or directory
expr: cannot unlink bre57.E.orig: No such file or directory
expr: cannot unlink bre58.E.orig: No such file or directory
expr: cannot unlink bre59.E.orig: No such file or directory
expr: cannot unlink bre60.E.orig: No such file or directory
expr: cannot unlink bre61.E.orig: No such file or directory
expr: cannot unlink bre62.E.orig: No such file or directory
expr: cannot unlink fail-b.E.orig: No such file or directory
expr: cannot unlink fail-c.E.orig: No such file or directory
Can't stat /tmp/expr.tmp-0j7p: No such file or directory
 at /tests/CuTmpdir.pm line 54.
Use of uninitialized value $abs in string eq at //lib/perl5/5.40.4/File/Temp.pm line 916.
Use of uninitialized value $cwd in string eq at //lib/perl5/5.40.4/File/Temp.pm line 916.
No root path(s) specified
 at //lib/perl5/5.40.4/File/Temp.pm line 932.
===================================================
Result: [[31mFAIL[0m] (Exit 1)
===================================================
Executing: misc/factor
Sandbox Path: /tests/misc/factor
===================================================
Use of uninitialized value $fname in pattern match (m//) at //lib/perl5/5.40.4/File/Temp.pm line 964.
factor: cannot unlink 1.E.orig: No such file or directory
factor: cannot unlink 1a.E.orig: No such file or directory
factor: cannot unlink 2.E.orig: No such file or directory
factor: cannot unlink 3.E.orig: No such file or directory
factor: cannot unlink 4.E.orig: No such file or directory
factor: cannot unlink a.E.orig: No such file or directory
factor: cannot unlink b.E.orig: No such file or directory
factor: cannot unlink c.E.orig: No such file or directory
factor: cannot unlink d.E.orig: No such file or directory
factor: cannot unlink e.E.orig: No such file or directory
factor: cannot unlink f.E.orig: No such file or directory
factor: cannot unlink g.E.orig: No such file or directory
factor: cannot unlink h.E.orig: No such file or directory
factor: cannot unlink i.E.orig: No such file or directory
factor: cannot unlink j.E.orig: No such file or directory
factor: cannot unlink k.E.orig: No such file or directory
factor: cannot unlink l.E.orig: No such file or directory
factor: cannot unlink m.E.orig: No such file or directory
factor: cannot unlink n.E.orig: No such file or directory
factor: cannot unlink o.E.orig: No such file or directory
factor: cannot unlink p.E.orig: No such file or directory
factor: cannot unlink q.E.orig: No such file or directory
factor: cannot unlink s.E.orig: No such file or directory
factor: cannot unlink t.E.orig: No such file or directory
factor: cannot unlink u.E.orig: No such file or directory
factor: cannot unlink v.E.orig: No such file or directory
factor: cannot unlink w.E.orig: No such file or directory
factor: cannot unlink x.E.orig: No such file or directory
factor: cannot unlink y.E.orig: No such file or directory
factor: cannot unlink z.E.orig: No such file or directory
factor: test z: stderr mismatch, comparing z.E (actual) and z.1 (expected)
*** z.E	Thu Jan  1 00:00:00 1970
--- z.1	Thu Jan  1 00:00:00 1970
***************
*** 1,2 ****
! /bin/factor: invalid option -- 1
! Try `/bin/factor --help' for more information.
--- 1,2 ----
! factor: invalid option -- 1
! Try `factor --help' for more information.
factor: cannot unlink cont.E.orig: No such file or directory
Can't stat /tmp/factor.tmp-wRie: No such file or directory
 at /tests/CuTmpdir.pm line 54.
Use of uninitialized value $abs in string eq at //lib/perl5/5.40.4/File/Temp.pm line 916.
Use of uninitialized value $cwd in string eq at //lib/perl5/5.40.4/File/Temp.pm line 916.
No root path(s) specified
 at //lib/perl5/5.40.4/File/Temp.pm line 932.
===================================================
Result: [[31mFAIL[0m] (Exit 1)
===================================================
Executing: misc/false-status
Sandbox Path: /tests/misc/false-status
===================================================
===================================================
Result: /tests/misc/false-status [[32mPASS[0m] (Exit 0)
===================================================
Executing: misc/fmt
Sandbox Path: /tests/misc/fmt
===================================================
Use of uninitialized value $fname in pattern match (m//) at //lib/perl5/5.40.4/File/Temp.pm line 964.
fmt: cannot unlink 8-bit-pfx.E.orig: No such file or directory
fmt: cannot unlink wide-1.E.orig: No such file or directory
fmt: cannot unlink wide-2.E.orig: No such file or directory
fmt: cannot unlink bad-suffix.E.orig: No such file or directory
fmt: cannot unlink no-file.E.orig: No such file or directory
fmt: cannot unlink obs-1.E.orig: No such file or directory
fmt: cannot unlink pfx-1.E.orig: No such file or directory
fmt: cannot unlink pfx-only.E.orig: No such file or directory
fmt: cannot unlink pfx-of-pfx.E.orig: No such file or directory
Can't stat /tmp/fmt.tmp-nPQ7: No such file or directory
 at /tests/CuTmpdir.pm line 54.
Use of uninitialized value $abs in string eq at //lib/perl5/5.40.4/File/Temp.pm line 916.
Use of uninitialized value $cwd in string eq at //lib/perl5/5.40.4/File/Temp.pm line 916.
No root path(s) specified
 at //lib/perl5/5.40.4/File/Temp.pm line 932.
===================================================
Result: [[31mFAIL[0m] (Exit 1)
===================================================
Executing: misc/fmt-long-line
Sandbox Path: /tests/misc/fmt-long-line
===================================================
===================================================
Result: /tests/misc/fmt-long-line [[32mPASS[0m] (Exit 0)
===================================================
Executing: misc/fold
Sandbox Path: /tests/misc/fold
===================================================
Use of uninitialized value $fname in pattern match (m//) at //lib/perl5/5.40.4/File/Temp.pm line 964.
fold: cannot unlink s1.E.orig: No such file or directory
fold: cannot unlink s2.E.orig: No such file or directory
fold: cannot unlink s3.E.orig: No such file or directory
fold: cannot unlink s4.E.orig: No such file or directory
Can't stat /tmp/fold.tmp-gfe0: No such file or directory
 at /tests/CuTmpdir.pm line 54.
Use of uninitialized value $abs in string eq at //lib/perl5/5.40.4/File/Temp.pm line 916.
Use of uninitialized value $cwd in string eq at //lib/perl5/5.40.4/File/Temp.pm line 916.
No root path(s) specified
 at //lib/perl5/5.40.4/File/Temp.pm line 932.
===================================================
Result: [[31mFAIL[0m] (Exit 1)
===================================================
Executing: misc/groups-dash
Sandbox Path: /tests/misc/groups-dash
===================================================
===================================================
Result: /tests/misc/groups-dash [[32mPASS[0m] (Exit 0)
===================================================
Executing: misc/groups-version
Sandbox Path: /tests/misc/groups-version
===================================================
===================================================
Result: /tests/misc/groups-version [[32mPASS[0m] (Exit 0)
===================================================
Executing: misc/head
Sandbox Path: /tests/misc/head
===================================================
Use of uninitialized value $fname in pattern match (m//) at //lib/perl5/5.40.4/File/Temp.pm line 964.
head: cannot unlink idem-0.E.orig: No such file or directory
head: cannot unlink idem-0.r.E.orig: No such file or directory
head: cannot unlink idem-0.p.E.orig: No such file or directory
head: cannot unlink idem-1.E.orig: No such file or directory
head: cannot unlink idem-1.r.E.orig: No such file or directory
head: cannot unlink idem-1.p.E.orig: No such file or directory
head: cannot unlink idem-2.E.orig: No such file or directory
head: cannot unlink idem-2.r.E.orig: No such file or directory
head: cannot unlink idem-2.p.E.orig: No such file or directory
head: cannot unlink idem-3.E.orig: No such file or directory
head: cannot unlink idem-3.r.E.orig: No such file or directory
head: cannot unlink idem-3.p.E.orig: No such file or directory
head: cannot unlink basic-10.E.orig: No such file or directory
head: cannot unlink basic-10.r.E.orig: No such file or directory
head: cannot unlink basic-10.p.E.orig: No such file or directory
head: cannot unlink basic-09.E.orig: No such file or directory
head: cannot unlink basic-09.r.E.orig: No such file or directory
head: cannot unlink basic-09.p.E.orig: No such file or directory
head: cannot unlink basic-11.E.orig: No such file or directory
head: cannot unlink basic-11.r.E.orig: No such file or directory
head: cannot unlink basic-11.p.E.orig: No such file or directory
head: cannot unlink obs-0.E.orig: No such file or directory
head: cannot unlink obs-0.r.E.orig: No such file or directory
head: cannot unlink obs-0.p.E.orig: No such file or directory
head: cannot unlink obs-1.E.orig: No such file or directory
head: cannot unlink obs-1.r.E.orig: No such file or directory
head: cannot unlink obs-1.p.E.orig: No such file or directory
head: cannot unlink obs-2.E.orig: No such file or directory
head: cannot unlink obs-2.r.E.orig: No such file or directory
head: cannot unlink obs-2.p.E.orig: No such file or directory
head: cannot unlink obs-3.E.orig: No such file or directory
head: cannot unlink obs-3.r.E.orig: No such file or directory
head: cannot unlink obs-3.p.E.orig: No such file or directory
head: cannot unlink obs-4.E.orig: No such file or directory
head: cannot unlink obs-4.r.E.orig: No such file or directory
head: cannot unlink obs-4.p.E.orig: No such file or directory
head: cannot unlink obs-5.E.orig: No such file or directory
head: cannot unlink obs-5.r.E.orig: No such file or directory
head: cannot unlink obs-5.p.E.orig: No such file or directory
head: cannot unlink fail-1.E.orig: No such file or directory
head: cannot unlink fail-1.r.E.orig: No such file or directory
head: cannot unlink fail-1.p.E.orig: No such file or directory
head: cannot unlink null-1.E.orig: No such file or directory
head: cannot unlink null-1.r.E.orig: No such file or directory
head: cannot unlink null-1.p.E.orig: No such file or directory
head: cannot unlink no-oct-1.E.orig: No such file or directory
head: cannot unlink no-oct-1.r.E.orig: No such file or directory
head: cannot unlink no-oct-1.p.E.orig: No such file or directory
head: cannot unlink no-oct-2.E.orig: No such file or directory
head: cannot unlink no-oct-2.r.E.orig: No such file or directory
head: cannot unlink no-oct-2.p.E.orig: No such file or directory
head: cannot unlink no-oct-3.E.orig: No such file or directory
head: cannot unlink no-oct-3.r.E.orig: No such file or directory
head: cannot unlink no-oct-3.p.E.orig: No such file or directory
head: cannot unlink no-oct-4.E.orig: No such file or directory
head: cannot unlink no-oct-4.r.E.orig: No such file or directory
head: cannot unlink no-oct-4.p.E.orig: No such file or directory
Can't stat /tmp/head.tmp-19wn: No such file or directory
 at /tests/CuTmpdir.pm line 54.
Use of uninitialized value $abs in string eq at //lib/perl5/5.40.4/File/Temp.pm line 916.
Use of uninitialized value $cwd in string eq at //lib/perl5/5.40.4/File/Temp.pm line 916.
No root path(s) specified
 at //lib/perl5/5.40.4/File/Temp.pm line 932.
===================================================
Result: [[31mFAIL[0m] (Exit 1)
===================================================
Executing: misc/head-c
Sandbox Path: /tests/misc/head-c
===================================================
===================================================
Result: /tests/misc/head-c [[32mPASS[0m] (Exit 0)
===================================================
Executing: misc/head-elide-tail
Sandbox Path: /tests/misc/head-elide-tail
===================================================
Use of uninitialized value $fname in pattern match (m//) at //lib/perl5/5.40.4/File/Temp.pm line 964.
head-elide-tail: cannot unlink elide-b1.E.orig: No such file or directory
head-elide-tail: cannot unlink elide-b2.E.orig: No such file or directory
head-elide-tail: cannot unlink elide-b3.E.orig: No such file or directory
head-elide-tail: cannot unlink elide-b4.E.orig: No such file or directory
head-elide-tail: cannot unlink elide-b5.E.orig: No such file or directory
head-elide-tail: cannot unlink elide-l0.E.orig: No such file or directory
head-elide-tail: cannot unlink elide-l1.E.orig: No such file or directory
head-elide-tail: cannot unlink elide-l2.E.orig: No such file or directory
head-elide-tail: cannot unlink elide-l3.E.orig: No such file or directory
head-elide-tail: cannot unlink elide-l4.E.orig: No such file or directory
Can't stat /tmp/head-elide-tail.tmp-u6sS: No such file or directory
 at /tests/CuTmpdir.pm line 54.
Use of uninitialized value $abs in string eq at //lib/perl5/5.40.4/File/Temp.pm line 916.
Use of uninitialized value $cwd in string eq at //lib/perl5/5.40.4/File/Temp.pm line 916.
No root path(s) specified
 at //lib/perl5/5.40.4/File/Temp.pm line 932.
===================================================
Result: [[31mFAIL[0m] (Exit 1)
===================================================
Executing: misc/head-pos
Sandbox Path: /tests/misc/head-pos
===================================================
===================================================
Result: /tests/misc/head-pos [[32mPASS[0m] (Exit 0)
Test misc/help-version is in the skip list. Skipping...
===================================================
Executing: misc/id-context
Sandbox Path: /tests/misc/id-context
===================================================
tests/test-lib.sh: line 53: 9: Bad file descriptor
/tests/misc/id-context: skipping test: this system (or maybe just the current file system) lacks SELinux support
===================================================
Result: /tests/misc/id-context [[33mSKIP[0m] (Exit 77)
===================================================
Executing: misc/id-groups
Sandbox Path: /tests/misc/id-groups
===================================================
0
===================================================
Result: /tests/misc/id-groups [[32mPASS[0m] (Exit 0)
Test misc/invalid-opt is in the skip list. Skipping...
===================================================
Executing: misc/join
Sandbox Path: /tests/misc/join
===================================================
Use of uninitialized value $fname in pattern match (m//) at //lib/perl5/5.40.4/File/Temp.pm line 964.
Can't exec "getlimits": Operation not permitted at /tests/Coreutils.pm line 210.
Error running getlimits
Can't stat /tmp/join.tmp-b31k: No such file or directory
 at /tests/CuTmpdir.pm line 54.
Use of uninitialized value $abs in string eq at //lib/perl5/5.40.4/File/Temp.pm line 916.
Use of uninitialized value $cwd in string eq at //lib/perl5/5.40.4/File/Temp.pm line 916.
No root path(s) specified
 at //lib/perl5/5.40.4/File/Temp.pm line 932.
===================================================
Result: [[31mFAIL[0m] (Exit 1)
===================================================
Executing: misc/ls-misc
Sandbox Path: /tests/misc/ls-misc
===================================================
Use of uninitialized value $fname in pattern match (m//) at //lib/perl5/5.40.4/File/Temp.pm line 964.
/bin/sh: //src/test: Operation not permitted
ls-misc: cannot create setuid/setgid/sticky files,so can't run this test
Can't stat /tmp/ls-misc.tmp-hOko: No such file or directory
 at /tests/CuTmpdir.pm line 54.
Use of uninitialized value $abs in string eq at //lib/perl5/5.40.4/File/Temp.pm line 916.
Use of uninitialized value $cwd in string eq at //lib/perl5/5.40.4/File/Temp.pm line 916.
No root path(s) specified
 at //lib/perl5/5.40.4/File/Temp.pm line 932.
===================================================
Result: /tests/misc/ls-misc [[33mSKIP[0m] (Exit 77)
===================================================
Executing: misc/ls-time
Sandbox Path: /tests/misc/ls-time
===================================================
/bin/ln: creating hard link `d' => `c': Function not implemented
/tests/misc/ls-time: failure in testing framework
===================================================
Result: [[31mFAIL[0m] (Exit 1)
===================================================
Executing: misc/md5sum
Sandbox Path: /tests/misc/md5sum
===================================================
Use of uninitialized value $fname in pattern match (m//) at //lib/perl5/5.40.4/File/Temp.pm line 964.
md5sum: cannot unlink 1.E.orig: No such file or directory
md5sum: cannot unlink 2.E.orig: No such file or directory
md5sum: cannot unlink 3.E.orig: No such file or directory
md5sum: cannot unlink 4.E.orig: No such file or directory
md5sum: cannot unlink 5.E.orig: No such file or directory
md5sum: cannot unlink 6.E.orig: No such file or directory
md5sum: cannot unlink 7.E.orig: No such file or directory
md5sum: cannot unlink backslash.E.orig: No such file or directory
md5sum: cannot unlink check-1.E.orig: No such file or directory
md5sum: cannot unlink check-2.E.orig: No such file or directory
md5sum: cannot unlink check-quiet1.E.orig: No such file or directory
md5sum: cannot unlink check-quiet2.E.orig: No such file or directory
md5sum: cannot unlink check-bsd.E.orig: No such file or directory
md5sum: cannot unlink check-bsd2.E.orig: No such file or directory
md5sum: cannot unlink check-bsd3.E.orig: No such file or directory
md5sum: cannot unlink check-openssl.E.orig: No such file or directory
md5sum: cannot unlink check-openssl2.E.orig: No such file or directory
md5sum: cannot unlink check-openssl3.E.orig: No such file or directory
md5sum: cannot unlink bsd-segv.E.orig: No such file or directory
md5sum: cannot unlink nul-in-cksum.E.orig: No such file or directory
Can't stat /tmp/md5sum.tmp-b_C9: No such file or directory
 at /tests/CuTmpdir.pm line 54.
Use of uninitialized value $abs in string eq at //lib/perl5/5.40.4/File/Temp.pm line 916.
Use of uninitialized value $cwd in string eq at //lib/perl5/5.40.4/File/Temp.pm line 916.
No root path(s) specified
 at //lib/perl5/5.40.4/File/Temp.pm line 932.
===================================================
Result: [[31mFAIL[0m] (Exit 1)
===================================================
Executing: misc/md5sum-newline
Sandbox Path: /tests/misc/md5sum-newline
===================================================
Use of uninitialized value $fname in pattern match (m//) at //lib/perl5/5.40.4/File/Temp.pm line 964.
Can't exec "touch": Operation not permitted at /tests/misc/md5sum-newline line 28.
/tests/misc/md5sum-newline: failed to create newline-containing file name
Can't stat /tmp/md5sum-newline.tmp-QkPk: No such file or directory
 at /tests/CuTmpdir.pm line 54.
Use of uninitialized value $abs in string eq at //lib/perl5/5.40.4/File/Temp.pm line 916.
Use of uninitialized value $cwd in string eq at //lib/perl5/5.40.4/File/Temp.pm line 916.
No root path(s) specified
 at //lib/perl5/5.40.4/File/Temp.pm line 932.
===================================================
Result: /tests/misc/md5sum-newline [[33mSKIP[0m] (Exit 77)
===================================================
Executing: misc/md5sum-parallel
Sandbox Path: /tests/misc/md5sum-parallel
===================================================
/tests/misc/md5sum-parallel: line 28: xargs: command not found
/tests/misc/md5sum-parallel: line 33: find: command not found
/tests/misc/md5sum-parallel: line 33: xargs: command not found
===================================================
Result: /tests/misc/md5sum-parallel [[32mPASS[0m] (Exit 0)
===================================================
Executing: misc/mknod
Sandbox Path: /tests/misc/mknod
===================================================
/bin/mknod: `f1': Function not implemented
/bin/ls: cannot access f1: No such file or directory
/tests/misc/mknod: line 31: test: =: unary operator expected
/bin/mkfifo: cannot create fifo `f2': Function not implemented
/bin/ls: cannot access f2: No such file or directory
/tests/misc/mknod: line 35: test: =: unary operator expected
===================================================
Result: [[31mFAIL[0m] (Exit 1)
===================================================
Executing: misc/mktemp
Sandbox Path: /tests/misc/mktemp
===================================================
Use of uninitialized value $fname in pattern match (m//) at //lib/perl5/5.40.4/File/Temp.pm line 964.
mktemp: cannot unlink too-many.E.orig: No such file or directory
mktemp: cannot unlink too-many-q.E.orig: No such file or directory
mktemp: cannot unlink too-few-x.E.orig: No such file or directory
mktemp: cannot unlink too-few-xq.E.orig: No such file or directory
mktemp: cannot unlink 1f.O.orig: No such file or directory
mktemp: cannot unlink 1f.E.orig: No such file or directory
mktemp: failed to unlink bar.FGpK: No such file or directory
Can't stat /tmp/mktemp.tmp-esTJ: No such file or directory
 at /tests/CuTmpdir.pm line 54.
Use of uninitialized value $abs in string eq at //lib/perl5/5.40.4/File/Temp.pm line 916.
Use of uninitialized value $cwd in string eq at //lib/perl5/5.40.4/File/Temp.pm line 916.
No root path(s) specified
 at //lib/perl5/5.40.4/File/Temp.pm line 932.
===================================================
Result: [[31mFAIL[0m] (Exit 2)
===================================================
Executing: misc/nice
Sandbox Path: /tests/misc/nice
===================================================
tests/test-lib.sh: line 53: 9: Bad file descriptor
/tests/misc/nice: skipping test: this test must be run at nice level 0
===================================================
Result: /tests/misc/nice [[33mSKIP[0m] (Exit 77)
===================================================
Executing: misc/nice-fail
Sandbox Path: /tests/misc/nice-fail
===================================================
/bin/nice: a command must be given with an adjustment
Try `/bin/nice --help' for more information.
/bin/nice: unrecognized option '--help'
Try `/bin/nice --help' for more information.
/bin/nice: unrecognized option '---'
Try `/bin/nice --help' for more information.
/bin/nice: invalid adjustment `1a'
/bin/nice: cannot set niceness
/bin/nice: cannot set niceness
/bin/nice: cannot set niceness
===================================================
Result: [[31mFAIL[0m] (Exit 1)
===================================================
Executing: misc/nl
Sandbox Path: /tests/misc/nl
===================================================
/bin/cat: cannot do ioctl on `t': Bad file descriptor
--- /tmp/_lind_cmp_a.3	1970-01-01 00:00:00.000000000 +0000
+++ /tmp/_lind_cmp_b.3	1970-01-01 00:00:00.000000000 +0000
@@ -4,3 +4,5 @@
      1	d
 000001	e
 ===
+     1^Ia$
+       $
===================================================
Result: [[31mFAIL[0m] (Exit 1)
===================================================
Executing: misc/nohup
Sandbox Path: /tests/misc/nohup
===================================================
--- /tmp/_lind_cmp_a.3	1970-01-01 00:00:00.000000000 +0000
+++ /tmp/_lind_cmp_b.3	1970-01-01 00:00:00.000000000 +0000
@@ -1 +1 @@
-stderr
+nohup: failed to run command `sh': Operation not permitted
/bin/nohup: failed to run command `sh': Operation not permitted
===================================================
Result: [[31mFAIL[0m] (Exit 1)
===================================================
Executing: misc/nproc-avail
Sandbox Path: /tests/misc/nproc-avail
===================================================
===================================================
Result: /tests/misc/nproc-avail [[32mPASS[0m] (Exit 0)
===================================================
Executing: misc/nproc-positive
Sandbox Path: /tests/misc/nproc-positive
===================================================
/bin/nproc: -1: invalid number to ignore
Try `/bin/nproc --help' for more information.
/bin/nproc: N: invalid number to ignore
Try `/bin/nproc --help' for more information.
===================================================
Result: /tests/misc/nproc-positive [[32mPASS[0m] (Exit 0)
===================================================
Executing: misc/od
Sandbox Path: /tests/misc/od
===================================================
Use of uninitialized value $fname in pattern match (m//) at //lib/perl5/5.40.4/File/Temp.pm line 964.
od: cannot unlink j-bug1.E.orig: No such file or directory
od: cannot unlink j-bug2.E.orig: No such file or directory
od: cannot unlink j-bug3.E.orig: No such file or directory
od: cannot unlink j-bug4.E.orig: No such file or directory
od: cannot unlink j-proc.E.orig: No such file or directory
Can't stat /tmp/od.tmp-tfo9: No such file or directory
 at /tests/CuTmpdir.pm line 54.
Use of uninitialized value $abs in string eq at //lib/perl5/5.40.4/File/Temp.pm line 916.
Use of uninitialized value $cwd in string eq at //lib/perl5/5.40.4/File/Temp.pm line 916.
No root path(s) specified
 at //lib/perl5/5.40.4/File/Temp.pm line 932.
===================================================
Result: [[31mFAIL[0m] (Exit 1)
===================================================
Executing: misc/od-N
Sandbox Path: /tests/misc/od-N
===================================================
===================================================
Result: /tests/misc/od-N [[32mPASS[0m] (Exit 0)
===================================================
Executing: misc/od-multiple-t
Sandbox Path: /tests/misc/od-multiple-t
===================================================
/tests/misc/od-multiple-t: failure in testing framework
===================================================
Result: [[31mFAIL[0m] (Exit 1)
===================================================
Executing: misc/od-x8
Sandbox Path: /tests/misc/od-x8
===================================================
===================================================
Result: /tests/misc/od-x8 [[32mPASS[0m] (Exit 0)
===================================================
Executing: misc/paste
Sandbox Path: /tests/misc/paste
===================================================
Use of uninitialized value $fname in pattern match (m//) at //lib/perl5/5.40.4/File/Temp.pm line 964.
paste: cannot unlink no-nl-1.E.orig: No such file or directory
paste: cannot unlink no-nl-2.E.orig: No such file or directory
paste: cannot unlink no-nl-3.E.orig: No such file or directory
paste: cannot unlink no-nl-4.E.orig: No such file or directory
paste: cannot unlink no-nla1.E.orig: No such file or directory
paste: cannot unlink no-nla2.E.orig: No such file or directory
paste: cannot unlink no-nla3.E.orig: No such file or directory
paste: cannot unlink no-nla4.E.orig: No such file or directory
paste: cannot unlink delim-bs1.E.orig: No such file or directory
paste: cannot unlink delim-bs2.E.orig: No such file or directory
Can't stat /tmp/paste.tmp-J3zT: No such file or directory
 at /tests/CuTmpdir.pm line 54.
Use of uninitialized value $abs in string eq at //lib/perl5/5.40.4/File/Temp.pm line 916.
Use of uninitialized value $cwd in string eq at //lib/perl5/5.40.4/File/Temp.pm line 916.
No root path(s) specified
 at //lib/perl5/5.40.4/File/Temp.pm line 932.
===================================================
Result: [[31mFAIL[0m] (Exit 1)
===================================================
Executing: misc/pathchk1
Sandbox Path: /tests/misc/pathchk1
===================================================
tests/test-lib.sh: line 53: 9: Bad file descriptor
/tests/misc/pathchk1: skipping test: must be run as non-root
===================================================
Result: /tests/misc/pathchk1 [[33mSKIP[0m] (Exit 77)
===================================================
Executing: misc/pr
Sandbox Path: /tests/misc/pr
===================================================
Use of uninitialized value $fname in pattern match (m//) at //lib/perl5/5.40.4/File/Temp.pm line 964.
pr: cannot unlink merge-w-tabs.E.orig: No such file or directory
Can't stat /tmp/pr.tmp-TPOn: No such file or directory
 at /tests/CuTmpdir.pm line 54.
Use of uninitialized value $abs in string eq at //lib/perl5/5.40.4/File/Temp.pm line 916.
Use of uninitialized value $cwd in string eq at //lib/perl5/5.40.4/File/Temp.pm line 916.
No root path(s) specified
 at //lib/perl5/5.40.4/File/Temp.pm line 932.
===================================================
Result: [[31mFAIL[0m] (Exit 1)
===================================================
Executing: misc/printenv
Sandbox Path: /tests/misc/printenv
===================================================
/bin/env: printenv: Operation not permitted
--- /tmp/_lind_cmp_a.3	1970-01-01 00:00:00.000000000 +0000
+++ /tmp/_lind_cmp_b.3	1970-01-01 00:00:00.000000000 +0000
@@ -1,9 +0,0 @@
-OLDPWD=/
-abs_top_srcdir=/
-PWD=/tmp/cu-printenv.9Y6yK0iUgG
-built_programs=[ base64 basename bash cat chcon chgrp chmod chown chroot cksum comm corelist cp cpan csplit cut date dd df dir dircolors dirname du echo enc2xs encguess env expand expr factor false fmt fold getlimits ginstall groups h2ph h2xs head hostid id instmodsh join json_pp kill libnetcfg link ln logname ls md5sum mkdir mkfifo mknod mktemp mv nice nl nohup nproc od paste pathchk perl perlbug perldoc perlivp perlthanks piconv pinky pl2pm pod2html pod2man pod2text pod2usage podchecker pr printenv printf prove ptar ptardiff ptargrep ptx pwd readlink rm rmdir runcon seq setuidgid sh sha1sum sha224sum sha256sum sha384sum sha512sum shasum shred shuf sleep sort splain split stat streamzip stty su sum sync tac tail tee test timeout touch tr true truncate tsort tty uname unexpand uniq unlink uptime users vdir wc who whoami xsubpp yes zipdetails 
-abs_srcdir=/tests
-SHLVL=1
-CONFIG_HEADER=/lib/config.h
-abs_top_builddir=/
-PATH=/usr/local/bin:/usr/bin:/sbin:/bin
/bin/env: printenv: Operation not permitted
/bin/env: printenv: Operation not permitted
/bin/env: printenv: Operation not permitted
--- /tmp/_lind_cmp_a.3	1970-01-01 00:00:00.000000000 +0000
+++ /tmp/_lind_cmp_b.3	1970-01-01 00:00:00.000000000 +0000
@@ -1 +0,0 @@
-a
/bin/env: printenv: Operation not permitted
/bin/env: printenv: Operation not permitted
--- /tmp/_lind_cmp_a.3	1970-01-01 00:00:00.000000000 +0000
+++ /tmp/_lind_cmp_b.3	1970-01-01 00:00:00.000000000 +0000
@@ -1,5 +0,0 @@
-b
-a
-b
-a
-b
/bin/env: printenv: Operation not permitted
/bin/env: printenv: Operation not permitted
--- /tmp/_lind_cmp_a.3	1970-01-01 00:00:00.000000000 +0000
+++ /tmp/_lind_cmp_b.3	1970-01-01 00:00:00.000000000 +0000
@@ -1,2 +0,0 @@
-a
-a
/bin/env: printenv: Operation not permitted
--- /tmp/_lind_cmp_a.3	1970-01-01 00:00:00.000000000 +0000
+++ /tmp/_lind_cmp_b.3	1970-01-01 00:00:00.000000000 +0000
@@ -1 +0,0 @@
-b
/bin/env: printenv: Operation not permitted
===================================================
Result: [[31mFAIL[0m] (Exit 1)
===================================================
Executing: misc/printf
Sandbox Path: /tests/misc/printf
===================================================
/tests/misc/printf: Error running getlimits
===================================================
Result: [[31mFAIL[0m] (Exit 1)
===================================================
Executing: misc/printf-cov
Sandbox Path: /tests/misc/printf-cov
===================================================
Use of uninitialized value $fname in pattern match (m//) at //lib/perl5/5.40.4/File/Temp.pm line 964.
printf: test no-args failed: exit status mismatch:  expected 1, got 126
printf: test no-arg2 failed: exit status mismatch:  expected 1, got 126
printf: test escape-1 failed: exit status mismatch:  expected 0, got 126
printf: test hex-ucX failed: exit status mismatch:  expected 0, got 126
printf: test hex-ucXw failed: exit status mismatch:  expected 0, got 126
printf: test hex-ucXp failed: exit status mismatch:  expected 0, got 126
printf: test hex-ucXwp failed: exit status mismatch:  expected 0, got 126
printf: test hex-vw failed: exit status mismatch:  expected 0, got 126
printf: test hex-vp failed: exit status mismatch:  expected 0, got 126
printf: test hex-vwvp failed: exit status mismatch:  expected 0, got 126
printf: test b failed: exit status mismatch:  expected 0, got 126
printf: test c1 failed: exit status mismatch:  expected 0, got 126
printf: test cw failed: exit status mismatch:  expected 0, got 126
printf: test d-ucXwp failed: exit status mismatch:  expected 0, got 126
printf: test d-vw failed: exit status mismatch:  expected 0, got 126
printf: test d-vp failed: exit status mismatch:  expected 0, got 126
printf: test d-vwvp failed: exit status mismatch:  expected 0, got 126
printf: test d-neg-prec failed: exit status mismatch:  expected 0, got 126
printf: test d-big-prec failed: exit status mismatch:  expected 1, got 126
printf: test d-big-fwidth failed: exit status mismatch:  expected 1, got 126
printf: test F failed: exit status mismatch:  expected 0, got 126
printf: test LF failed: exit status mismatch:  expected 0, got 126
printf: test E failed: exit status mismatch:  expected 0, got 126
printf: test LE failed: exit status mismatch:  expected 0, got 126
printf: test s failed: exit status mismatch:  expected 0, got 126
printf: test sw failed: exit status mismatch:  expected 0, got 126
printf: test sp failed: exit status mismatch:  expected 0, got 126
printf: test swp failed: exit status mismatch:  expected 0, got 126
printf: test sw-no-args failed: exit status mismatch:  expected 0, got 126
printf: test sw-no-args2 failed: exit status mismatch:  expected 0, got 126
printf: test G-ucXwp failed: exit status mismatch:  expected 0, got 126
printf: test G-vw failed: exit status mismatch:  expected 0, got 126
printf: test G-vp failed: exit status mismatch:  expected 0, got 126
printf: test G-vwvp failed: exit status mismatch:  expected 0, got 126
printf: test esc failed: exit status mismatch:  expected 0, got 126
printf: test esc-bad-hex failed: exit status mismatch:  expected 1, got 126
printf: test u-invalid failed: exit status mismatch:  expected 1, got 126
printf: test u-missing failed: exit status mismatch:  expected 1, got 126
printf: test d-invalid failed: exit status mismatch:  expected 1, got 126
printf: test d-bad-suffix failed: exit status mismatch:  expected 1, got 126
printf: test d-out-of-range failed: exit status mismatch:  expected 1, got 126
printf: test excess failed: exit status mismatch:  expected 0, got 126
printf: test percent failed: exit status mismatch:  expected 0, got 126
printf: test d-sp failed: exit status mismatch:  expected 0, got 126
printf: test d-plus failed: exit status mismatch:  expected 0, got 126
printf: test d-minus failed: exit status mismatch:  expected 0, got 126
printf: test d-zero failed: exit status mismatch:  expected 0, got 126
printf: test d-quote failed: exit status mismatch:  expected 0, got 126
printf: test d-hash failed: exit status mismatch:  expected 1, got 126
Can't stat /tmp/printf-cov.tmp-hl1w: No such file or directory
 at /tests/CuTmpdir.pm line 54.
Use of uninitialized value $abs in string eq at //lib/perl5/5.40.4/File/Temp.pm line 916.
Use of uninitialized value $cwd in string eq at //lib/perl5/5.40.4/File/Temp.pm line 916.
No root path(s) specified
 at //lib/perl5/5.40.4/File/Temp.pm line 932.
===================================================
Result: [[31mFAIL[0m] (Exit 1)
===================================================
Executing: misc/printf-hex
Sandbox Path: /tests/misc/printf-hex
===================================================
===================================================
Result: /tests/misc/printf-hex [[32mPASS[0m] (Exit 0)
===================================================
Executing: misc/printf-surprise
Sandbox Path: /tests/misc/printf-surprise
===================================================
tests/test-lib.sh: line 53: 9: Bad file descriptor
/tests/misc/printf-surprise: skipping test: this shell lacks ulimit support
===================================================
Result: /tests/misc/printf-surprise [[33mSKIP[0m] (Exit 77)
===================================================
Executing: misc/ptx
Sandbox Path: /tests/misc/ptx
===================================================
Use of uninitialized value $fname in pattern match (m//) at //lib/perl5/5.40.4/File/Temp.pm line 964.
ptx: cannot unlink 1tok.E.orig: No such file or directory
ptx: cannot unlink 1tok.r.E.orig: No such file or directory
ptx: cannot unlink 1tok.p.E.orig: No such file or directory
ptx: cannot unlink 2tok.E.orig: No such file or directory
ptx: cannot unlink 2tok.r.E.orig: No such file or directory
ptx: cannot unlink 2tok.p.E.orig: No such file or directory
ptx: cannot unlink narrow.E.orig: No such file or directory
ptx: cannot unlink narrow.r.E.orig: No such file or directory
ptx: cannot unlink narrow.p.E.orig: No such file or directory
ptx: cannot unlink narrow-g.E.orig: No such file or directory
ptx: cannot unlink narrow-g.r.E.orig: No such file or directory
ptx: cannot unlink narrow-g.p.E.orig: No such file or directory
ptx: cannot unlink 2files.E.orig: No such file or directory
Can't stat /tmp/ptx.tmp-Xvlf: No such file or directory
 at /tests/CuTmpdir.pm line 54.
Use of uninitialized value $abs in string eq at //lib/perl5/5.40.4/File/Temp.pm line 916.
Use of uninitialized value $cwd in string eq at //lib/perl5/5.40.4/File/Temp.pm line 916.
No root path(s) specified
 at //lib/perl5/5.40.4/File/Temp.pm line 932.
===================================================
Result: [[31mFAIL[0m] (Exit 1)
===================================================
Executing: misc/ptx-overrun
Sandbox Path: /tests/misc/ptx-overrun
===================================================
===================================================
Result: /tests/misc/ptx-overrun [[32mPASS[0m] (Exit 0)
Test misc/pwd-long is in the skip list. Skipping...
===================================================
Executing: misc/pwd-option
Sandbox Path: /tests/misc/pwd-option
===================================================
/bin/env: pwd: Operation not permitted
/tests/misc/pwd-option: failure in testing framework
===================================================
Result: [[31mFAIL[0m] (Exit 1)
===================================================
Executing: misc/pwd-unreadable-parent
Sandbox Path: /tests/misc/pwd-unreadable-parent
===================================================
/tests/misc/pwd-unreadable-parent: line 29: test: !=: unary operator expected
/tests/misc/pwd-unreadable-parent: line 34: test: =: unary operator expected
/bin/env: pwd: Operation not permitted
/bin/readlink: .: Permission denied
===================================================
Result: [[31mFAIL[0m] (Exit 1)
===================================================
Executing: misc/readlink-fp-loop
Sandbox Path: /tests/misc/readlink-fp-loop
===================================================
/bin/pwd: cannot open directory `..': Permission denied
/bin/ln: creating symbolic link `d/1': No such file or directory
/tests/misc/readlink-fp-loop: failure in testing framework
===================================================
Result: [[31mFAIL[0m] (Exit 1)
===================================================
Executing: misc/runcon-no-reorder
Sandbox Path: /tests/misc/runcon-no-reorder
===================================================
/bin/id: --context (-Z) works only on an SELinux-enabled kernel
--- /tmp/_lind_cmp_a.3	1970-01-01 00:00:00.000000000 +0000
+++ /tmp/_lind_cmp_b.3	1970-01-01 00:00:00.000000000 +0000
@@ -1 +1 @@
-runcon: /bin/runcon may be used only on a SELinux kernel
+runcon: runcon may be used only on a SELinux kernel
===================================================
Result: [[31mFAIL[0m] (Exit 1)
===================================================
Executing: misc/selinux
Sandbox Path: /tests/misc/selinux
===================================================
tests/test-lib.sh: line 53: 9: Bad file descriptor
/tests/misc/selinux: skipping test: this system (or maybe just the current file system) lacks SELinux support
===================================================
Result: /tests/misc/selinux [[33mSKIP[0m] (Exit 77)
===================================================
Executing: misc/seq
Sandbox Path: /tests/misc/seq
===================================================
Use of uninitialized value $fname in pattern match (m//) at //lib/perl5/5.40.4/File/Temp.pm line 964.
seq: test onearg-1: stdout mismatch, comparing onearg-1.O (actual) and onearg-1.1 (expected)
*** onearg-1.O	Thu Jan  1 00:00:00 1970
--- onearg-1.1	Thu Jan  1 00:00:00 1970
***************
*** 0 ****
--- 1,10 ----
+ 1
+ 2
+ 3
+ 4
+ 5
+ 6
+ 7
+ 8
+ 9
+ 10
seq: cannot unlink onearg-1.E.orig: No such file or directory
seq: cannot unlink onearg-2.E.orig: No such file or directory
seq: test empty-rev: stdout mismatch, comparing empty-rev.O (actual) and empty-rev.1 (expected)
*** empty-rev.O	Thu Jan  1 00:00:00 1970
--- empty-rev.1	Thu Jan  1 00:00:00 1970
***************
*** 1 ****
- nan
--- 0 ----
seq: cannot unlink empty-rev.E.orig: No such file or directory
seq: test neg-1: stdout mismatch, comparing neg-1.O (actual) and neg-1.1 (expected)
*** neg-1.O	Thu Jan  1 00:00:00 1970
--- neg-1.1	Thu Jan  1 00:00:00 1970
***************
*** 0 ****
--- 1,3 ----
+ -10
+ 0
+ 10
seq: cannot unlink neg-1.E.orig: No such file or directory
seq: test neg-3: stdout mismatch, comparing neg-3.O (actual) and neg-3.1 (expected)
*** neg-3.O	Thu Jan  1 00:00:00 1970
--- neg-3.1	Thu Jan  1 00:00:00 1970
***************
*** 0 ****
--- 1,2 ----
+ 1
+ 0
seq: cannot unlink neg-3.E.orig: No such file or directory
seq: test neg-4: stdout mismatch, comparing neg-4.O (actual) and neg-4.1 (expected)
*** neg-4.O	Thu Jan  1 00:00:00 1970
--- neg-4.1	Thu Jan  1 00:00:00 1970
***************
*** 1 ****
! nan
--- 1,3 ----
! 1
! 0
! -1
seq: cannot unlink neg-4.E.orig: No such file or directory
seq: test float-1: stdout mismatch, comparing float-1.O (actual) and float-1.1 (expected)
*** float-1.O	Thu Jan  1 00:00:00 1970
--- float-1.1	Thu Jan  1 00:00:00 1970
***************
*** 1 ****
! 0.0
--- 1,2 ----
! 0.8
! 0.9
seq: cannot unlink float-1.E.orig: No such file or directory
seq: test float-2: stdout mismatch, comparing float-2.O (actual) and float-2.1 (expected)
*** float-2.O	Thu Jan  1 00:00:00 1970
--- float-2.1	Thu Jan  1 00:00:00 1970
***************
*** 1 ****
! 0.00
--- 1,2 ----
! 0.10
! 1.09
seq: cannot unlink float-2.E.orig: No such file or directory
seq: test float-3: stdout mismatch, comparing float-3.O (actual) and float-3.1 (expected)
*** float-3.O	Thu Jan  1 00:00:00 1970
--- float-3.1	Thu Jan  1 00:00:00 1970
***************
*** 0 ****
--- 1,2 ----
+ 10.8
+ 10.9
seq: cannot unlink float-3.E.orig: No such file or directory
seq: cannot unlink float-4.O.orig: No such file or directory
seq: test float-4: stdout mismatch, comparing float-4.O (actual) and float-4.1 (expected)
*** float-4.O	Thu Jan  1 00:00:00 1970
--- float-4.1	Thu Jan  1 00:00:00 1970
***************
*** 1 ****
--- 1,4 ----
+ 0.1
  0.0
+ -0.1
+ -0.2
seq: cannot unlink float-4.E.orig: No such file or directory
seq: test float-5: stdout mismatch, comparing float-5.O (actual) and float-5.1 (expected)
*** float-5.O	Thu Jan  1 00:00:00 1970
--- float-5.1	Thu Jan  1 00:00:00 1970
***************
*** 1 ****
! 0.0
--- 1,2 ----
! 0.8
! 0.9
seq: cannot unlink float-5.E.orig: No such file or directory
seq: test float-6: stdout mismatch, comparing float-6.O (actual) and float-6.1 (expected)
*** float-6.O	Thu Jan  1 00:00:00 1970
--- float-6.1	Thu Jan  1 00:00:00 1970
***************
*** 1 ****
! 0.0
--- 1,2 ----
! 0.8
! 0.9
seq: cannot unlink float-6.E.orig: No such file or directory
seq: test wid-1: stdout mismatch, comparing wid-1.O (actual) and wid-1.1 (expected)
*** wid-1.O	Thu Jan  1 00:00:00 1970
--- wid-1.1	Thu Jan  1 00:00:00 1970
***************
*** 1 ****
! 0.00
--- 1,2 ----
! 0.80
! 0.81
seq: cannot unlink wid-1.E.orig: No such file or directory
seq: test wid-2: stdout mismatch, comparing wid-2.O (actual) and wid-2.1 (expected)
*** wid-2.O	Thu Jan  1 00:00:00 1970
--- wid-2.1	Thu Jan  1 00:00:00 1970
***************
*** 1 ****
! 0.0000000
--- 1,2 ----
! 0.8999900
! 0.8999901
seq: cannot unlink wid-2.E.orig: No such file or directory
seq: test eq-wid-1: stdout mismatch, comparing eq-wid-1.O (actual) and eq-wid-1.1 (expected)
*** eq-wid-1.O	Thu Jan  1 00:00:00 1970
--- eq-wid-1.1	Thu Jan  1 00:00:00 1970
***************
*** 1 ****
! nan
--- 1,3 ----
! 01
! 00
! -1
seq: cannot unlink eq-wid-1.E.orig: No such file or directory
seq: test eq-wid-2: stdout mismatch, comparing eq-wid-2.O (actual) and eq-wid-2.1 (expected)
*** eq-wid-2.O	Thu Jan  1 00:00:00 1970
--- eq-wid-2.1	Thu Jan  1 00:00:00 1970
***************
*** 0 ****
--- 1,3 ----
+ -0.1
+ 00.0
+ 00.1
seq: cannot unlink eq-wid-2.E.orig: No such file or directory
seq: test eq-wid-3: stdout mismatch, comparing eq-wid-3.O (actual) and eq-wid-3.1 (expected)
*** eq-wid-3.O	Thu Jan  1 00:00:00 1970
--- eq-wid-3.1	Thu Jan  1 00:00:00 1970
***************
*** 1 ****
! nan
--- 1,3 ----
! 1
! 2
! 3
seq: cannot unlink eq-wid-3.E.orig: No such file or directory
seq: test eq-wid-4: stdout mismatch, comparing eq-wid-4.O (actual) and eq-wid-4.1 (expected)
*** eq-wid-4.O	Thu Jan  1 00:00:00 1970
--- eq-wid-4.1	Thu Jan  1 00:00:00 1970
***************
*** 1 ****
! 0.00
--- 1,2 ----
! 0.80
! 0.81
seq: cannot unlink eq-wid-4.E.orig: No such file or directory
seq: test eq-wid-5: stdout mismatch, comparing eq-wid-5.O (actual) and eq-wid-5.1 (expected)
*** eq-wid-5.O	Thu Jan  1 00:00:00 1970
--- eq-wid-5.1	Thu Jan  1 00:00:00 1970
***************
*** 1 ****
! nan
--- 1,3 ----
! 1.0
! 1.5
! 2.0
seq: cannot unlink eq-wid-5.E.orig: No such file or directory
seq: test eq-wid-6: stdout mismatch, comparing eq-wid-6.O (actual) and eq-wid-6.1 (expected)
*** eq-wid-6.O	Thu Jan  1 00:00:00 1970
--- eq-wid-6.1	Thu Jan  1 00:00:00 1970
***************
*** 1 ****
! nan
--- 1,2 ----
! 1
! 2
seq: cannot unlink eq-wid-6.E.orig: No such file or directory
seq: test eq-wid-7: stdout mismatch, comparing eq-wid-7.O (actual) and eq-wid-7.1 (expected)
*** eq-wid-7.O	Thu Jan  1 00:00:00 1970
--- eq-wid-7.1	Thu Jan  1 00:00:00 1970
***************
*** 1 ****
! 0.0
--- 1 ----
! 0.1
seq: cannot unlink eq-wid-7.E.orig: No such file or directory
seq: test eq-wid-8: stdout mismatch, comparing eq-wid-8.O (actual) and eq-wid-8.1 (expected)
*** eq-wid-8.O	Thu Jan  1 00:00:00 1970
--- eq-wid-8.1	Thu Jan  1 00:00:00 1970
***************
*** 1 ****
!  nan
--- 1,3 ----
! 09.0
! 09.5
! 10.0
seq: cannot unlink eq-wid-8.E.orig: No such file or directory
seq: test fmt-1: stdout mismatch, comparing fmt-1.O (actual) and fmt-1.1 (expected)
*** fmt-1.O	Thu Jan  1 00:00:00 1970
--- fmt-1.1	Thu Jan  1 00:00:00 1970
***************
*** 1 ****
! nan
--- 1,2 ----
! 1.5
! 2.0
seq: cannot unlink fmt-1.E.orig: No such file or directory
seq: test fmt-2: stdout mismatch, comparing fmt-2.O (actual) and fmt-2.1 (expected)
*** fmt-2.O	Thu Jan  1 00:00:00 1970
--- fmt-2.1	Thu Jan  1 00:00:00 1970
***************
*** 1 ****
! nan
--- 1,2 ----
! 1.5
! 2.0
seq: cannot unlink fmt-2.E.orig: No such file or directory
seq: test fmt-3: stdout mismatch, comparing fmt-3.O (actual) and fmt-3.1 (expected)
*** fmt-3.O	Thu Jan  1 00:00:00 1970
--- fmt-3.1	Thu Jan  1 00:00:00 1970
***************
*** 1 ****
! nan
--- 1,2 ----
! 1.5
! 2.0
seq: cannot unlink fmt-3.E.orig: No such file or directory
seq: test fmt-4: stdout mismatch, comparing fmt-4.O (actual) and fmt-4.1 (expected)
*** fmt-4.O	Thu Jan  1 00:00:00 1970
--- fmt-4.1	Thu Jan  1 00:00:00 1970
***************
*** 1 ****
! nan
--- 1,2 ----
!   1
!   2
seq: cannot unlink fmt-4.E.orig: No such file or directory
seq: test fmt-5: stdout mismatch, comparing fmt-5.O (actual) and fmt-5.1 (expected)
*** fmt-5.O	Thu Jan  1 00:00:00 1970
--- fmt-5.1	Thu Jan  1 00:00:00 1970
***************
*** 1 ****
! nan
--- 1,2 ----
! 1  
! 2  
seq: cannot unlink fmt-5.E.orig: No such file or directory
seq: test fmt-6: stdout mismatch, comparing fmt-6.O (actual) and fmt-6.1 (expected)
*** fmt-6.O	Thu Jan  1 00:00:00 1970
--- fmt-6.1	Thu Jan  1 00:00:00 1970
***************
*** 1 ****
! +nan
--- 1,2 ----
!  +1
!  +2
seq: cannot unlink fmt-6.E.orig: No such file or directory
seq: test fmt-7: stdout mismatch, comparing fmt-7.O (actual) and fmt-7.1 (expected)
*** fmt-7.O	Thu Jan  1 00:00:00 1970
--- fmt-7.1	Thu Jan  1 00:00:00 1970
***************
*** 1 ****
! +nan
--- 1,2 ----
! +01
! +02
seq: cannot unlink fmt-7.E.orig: No such file or directory
seq: test fmt-8: stdout mismatch, comparing fmt-8.O (actual) and fmt-8.1 (expected)
*** fmt-8.O	Thu Jan  1 00:00:00 1970
--- fmt-8.1	Thu Jan  1 00:00:00 1970
***************
*** 1 ****
! +nan
--- 1,2 ----
! +1
! +2
seq: cannot unlink fmt-8.E.orig: No such file or directory
seq: test fmt-9: stdout mismatch, comparing fmt-9.O (actual) and fmt-9.1 (expected)
*** fmt-9.O	Thu Jan  1 00:00:00 1970
--- fmt-9.1	Thu Jan  1 00:00:00 1970
***************
*** 0 ****
--- 1,2 ----
+ -1 
+  0 
seq: cannot unlink fmt-9.E.orig: No such file or directory
seq: test fmt-a: stdout mismatch, comparing fmt-a.O (actual) and fmt-a.1 (expected)
*** fmt-a.O	Thu Jan  1 00:00:00 1970
--- fmt-a.1	Thu Jan  1 00:00:00 1970
***************
*** 0 ****
--- 1,2 ----
+ -1
+  0
seq: cannot unlink fmt-a.E.orig: No such file or directory
seq: test fmt-b: stdout mismatch, comparing fmt-b.O (actual) and fmt-b.1 (expected)
*** fmt-b.O	Thu Jan  1 00:00:00 1970
--- fmt-b.1	Thu Jan  1 00:00:00 1970
***************
*** 0 ****
--- 1 ----
+ %1%
seq: cannot unlink fmt-b.E.orig: No such file or directory
seq: cannot unlink fmt-c.E.orig: No such file or directory
seq: cannot unlink fmt-eos1.E.orig: No such file or directory
seq: cannot unlink fmt-eos2.E.orig: No such file or directory
seq: cannot unlink fmt-d.E.orig: No such file or directory
seq: cannot unlink fmt-e.E.orig: No such file or directory
seq: cannot unlink locale-dec-pt.O.orig: No such file or directory
seq: test locale-dec-pt: stdout mismatch, comparing locale-dec-pt.O (actual) and locale-dec-pt.1 (expected)
*** locale-dec-pt.O	Thu Jan  1 00:00:00 1970
--- locale-dec-pt.1	Thu Jan  1 00:00:00 1970
***************
*** 0 ****
--- 1,22 ----
+ -0.1
+ 0.0
+ 0.1
+ 0.2
+ 0.3
+ 0.4
+ 0.5
+ 0.6
+ 0.7
+ 0.8
+ 0.9
+ 1.0
+ 1.1
+ 1.2
+ 1.3
+ 1.4
+ 1.5
+ 1.6
+ 1.7
+ 1.8
+ 1.9
+ 2.0
seq: cannot unlink locale-dec-pt.E.orig: No such file or directory
Can't stat /tmp/seq.tmp-md6L: No such file or directory
 at /tests/CuTmpdir.pm line 54.
Use of uninitialized value $abs in string eq at //lib/perl5/5.40.4/File/Temp.pm line 916.
Use of uninitialized value $cwd in string eq at //lib/perl5/5.40.4/File/Temp.pm line 916.
No root path(s) specified
 at //lib/perl5/5.40.4/File/Temp.pm line 932.
===================================================
Result: [[31mFAIL[0m] (Exit 1)
===================================================
Executing: misc/seq-long-double
Sandbox Path: /tests/misc/seq-long-double
===================================================
/tests/misc/seq-long-double: Error running getlimits
===================================================
Result: [[31mFAIL[0m] (Exit 1)
===================================================
Executing: misc/sha1sum
Sandbox Path: /tests/misc/sha1sum
===================================================
Use of uninitialized value $fname in pattern match (m//) at //lib/perl5/5.40.4/File/Temp.pm line 964.
sha1sum: cannot unlink s1.E.orig: No such file or directory
sha1sum: cannot unlink s2.E.orig: No such file or directory
sha1sum: cannot unlink s3.E.orig: No such file or directory
sha1sum: cannot unlink s4.E.orig: No such file or directory
sha1sum: cannot unlink s5.E.orig: No such file or directory
sha1sum: cannot unlink s6.E.orig: No such file or directory
sha1sum: cannot unlink s7.E.orig: No such file or directory
sha1sum: cannot unlink million-a.E.orig: No such file or directory
sha1sum: cannot unlink bs-sha.E.orig: No such file or directory
sha1sum: cannot unlink check-bsd.E.orig: No such file or directory
sha1sum: cannot unlink check-bsd2.E.orig: No such file or directory
sha1sum: cannot unlink check-bsd3.E.orig: No such file or directory
sha1sum: cannot unlink check-openssl.E.orig: No such file or directory
sha1sum: cannot unlink check-openssl2.E.orig: No such file or directory
sha1sum: cannot unlink check-openssl3.E.orig: No such file or directory
sha1sum: cannot unlink bsd-segv.E.orig: No such file or directory
Can't stat /tmp/sha1sum.tmp-ZZLC: No such file or directory
 at /tests/CuTmpdir.pm line 54.
Use of uninitialized value $abs in string eq at //lib/perl5/5.40.4/File/Temp.pm line 916.
Use of uninitialized value $cwd in string eq at //lib/perl5/5.40.4/File/Temp.pm line 916.
No root path(s) specified
 at //lib/perl5/5.40.4/File/Temp.pm line 932.
===================================================
Result: [[31mFAIL[0m] (Exit 1)
===================================================
Executing: misc/sha1sum-vec
Sandbox Path: /tests/misc/sha1sum-vec
===================================================
Use of uninitialized value $fname in pattern match (m//) at //lib/perl5/5.40.4/File/Temp.pm line 964.
sha1sum-vec: cannot unlink 1.E.orig: No such file or directory
sha1sum-vec: cannot unlink 2.E.orig: No such file or directory
sha1sum-vec: cannot unlink 3.E.orig: No such file or directory
sha1sum-vec: cannot unlink 4.E.orig: No such file or directory
sha1sum-vec: cannot unlink 5.E.orig: No such file or directory
sha1sum-vec: cannot unlink 6.E.orig: No such file or directory
sha1sum-vec: cannot unlink 7.E.orig: No such file or directory
sha1sum-vec: cannot unlink 8.E.orig: No such file or directory
sha1sum-vec: cannot unlink 9.E.orig: No such file or directory
sha1sum-vec: cannot unlink 10.E.orig: No such file or directory
sha1sum-vec: cannot unlink 11.E.orig: No such file or directory
sha1sum-vec: cannot unlink 12.E.orig: No such file or directory
sha1sum-vec: cannot unlink 13.E.orig: No such file or directory
sha1sum-vec: cannot unlink 14.E.orig: No such file or directory
sha1sum-vec: cannot unlink 15.E.orig: No such file or directory
sha1sum-vec: cannot unlink 16.E.orig: No such file or directory
sha1sum-vec: cannot unlink 17.E.orig: No such file or directory
sha1sum-vec: cannot unlink 18.E.orig: No such file or directory
sha1sum-vec: cannot unlink 19.E.orig: No such file or directory
sha1sum-vec: cannot unlink 20.E.orig: No such file or directory
sha1sum-vec: cannot unlink 21.E.orig: No such file or directory
sha1sum-vec: cannot unlink 22.E.orig: No such file or directory
sha1sum-vec: cannot unlink 23.E.orig: No such file or directory
sha1sum-vec: cannot unlink 24.E.orig: No such file or directory
sha1sum-vec: cannot unlink 25.E.orig: No such file or directory
sha1sum-vec: cannot unlink 26.E.orig: No such file or directory
sha1sum-vec: cannot unlink 27.E.orig: No such file or directory
sha1sum-vec: cannot unlink 28.E.orig: No such file or directory
sha1sum-vec: cannot unlink 29.E.orig: No such file or directory
sha1sum-vec: cannot unlink 30.E.orig: No such file or directory
sha1sum-vec: cannot unlink 31.E.orig: No such file or directory
sha1sum-vec: cannot unlink 32.E.orig: No such file or directory
sha1sum-vec: cannot unlink 33.E.orig: No such file or directory
sha1sum-vec: cannot unlink 34.E.orig: No such file or directory
sha1sum-vec: cannot unlink 35.E.orig: No such file or directory
sha1sum-vec: cannot unlink 36.E.orig: No such file or directory
sha1sum-vec: cannot unlink 37.E.orig: No such file or directory
sha1sum-vec: cannot unlink 38.E.orig: No such file or directory
sha1sum-vec: cannot unlink 39.E.orig: No such file or directory
sha1sum-vec: cannot unlink 40.E.orig: No such file or directory
sha1sum-vec: cannot unlink 41.E.orig: No such file or directory
sha1sum-vec: cannot unlink 42.E.orig: No such file or directory
sha1sum-vec: cannot unlink 43.E.orig: No such file or directory
sha1sum-vec: cannot unlink 44.E.orig: No such file or directory
sha1sum-vec: cannot unlink 45.E.orig: No such file or directory
sha1sum-vec: cannot unlink 46.E.orig: No such file or directory
sha1sum-vec: cannot unlink 47.E.orig: No such file or directory
sha1sum-vec: cannot unlink 48.E.orig: No such file or directory
sha1sum-vec: cannot unlink 49.E.orig: No such file or directory
sha1sum-vec: cannot unlink 50.E.orig: No such file or directory
sha1sum-vec: cannot unlink 51.E.orig: No such file or directory
sha1sum-vec: cannot unlink 52.E.orig: No such file or directory
sha1sum-vec: cannot unlink 53.E.orig: No such file or directory
sha1sum-vec: cannot unlink 54.E.orig: No such file or directory
sha1sum-vec: cannot unlink 55.E.orig: No such file or directory
sha1sum-vec: cannot unlink 56.E.orig: No such file or directory
sha1sum-vec: cannot unlink 57.E.orig: No such file or directory
sha1sum-vec: cannot unlink 58.E.orig: No such file or directory
sha1sum-vec: cannot unlink 59.E.orig: No such file or directory
sha1sum-vec: cannot unlink 60.E.orig: No such file or directory
sha1sum-vec: cannot unlink 61.E.orig: No such file or directory
sha1sum-vec: cannot unlink 62.E.orig: No such file or directory
sha1sum-vec: cannot unlink 63.E.orig: No such file or directory
sha1sum-vec: cannot unlink 64.E.orig: No such file or directory
sha1sum-vec: cannot unlink 65.E.orig: No such file or directory
sha1sum-vec: cannot unlink 66.E.orig: No such file or directory
sha1sum-vec: cannot unlink 67.E.orig: No such file or directory
sha1sum-vec: cannot unlink 68.E.orig: No such file or directory
sha1sum-vec: cannot unlink 69.E.orig: No such file or directory
sha1sum-vec: cannot unlink 70.E.orig: No such file or directory
sha1sum-vec: cannot unlink 71.E.orig: No such file or directory
sha1sum-vec: cannot unlink 72.E.orig: No such file or directory
sha1sum-vec: cannot unlink 73.E.orig: No such file or directory
sha1sum-vec: cannot unlink 74.E.orig: No such file or directory
sha1sum-vec: cannot unlink 75.E.orig: No such file or directory
sha1sum-vec: cannot unlink 76.E.orig: No such file or directory
sha1sum-vec: cannot unlink 77.E.orig: No such file or directory
sha1sum-vec: cannot unlink 78.E.orig: No such file or directory
sha1sum-vec: cannot unlink 79.E.orig: No such file or directory
sha1sum-vec: cannot unlink 80.E.orig: No such file or directory
sha1sum-vec: cannot unlink 81.E.orig: No such file or directory
sha1sum-vec: cannot unlink 82.E.orig: No such file or directory
sha1sum-vec: cannot unlink 83.E.orig: No such file or directory
sha1sum-vec: cannot unlink 84.E.orig: No such file or directory
sha1sum-vec: cannot unlink 85.E.orig: No such file or directory
sha1sum-vec: cannot unlink 86.E.orig: No such file or directory
sha1sum-vec: cannot unlink 87.E.orig: No such file or directory
sha1sum-vec: cannot unlink 88.E.orig: No such file or directory
sha1sum-vec: cannot unlink 89.E.orig: No such file or directory
sha1sum-vec: cannot unlink 90.E.orig: No such file or directory
sha1sum-vec: cannot unlink 91.E.orig: No such file or directory
sha1sum-vec: cannot unlink 92.E.orig: No such file or directory
sha1sum-vec: cannot unlink 93.E.orig: No such file or directory
sha1sum-vec: cannot unlink 94.E.orig: No such file or directory
sha1sum-vec: cannot unlink 95.E.orig: No such file or directory
sha1sum-vec: cannot unlink 96.E.orig: No such file or directory
sha1sum-vec: cannot unlink 97.E.orig: No such file or directory
sha1sum-vec: cannot unlink 98.E.orig: No such file or directory
sha1sum-vec: cannot unlink 99.E.orig: No such file or directory
sha1sum-vec: cannot unlink 100.E.orig: No such file or directory
sha1sum-vec: cannot unlink 101.E.orig: No such file or directory
sha1sum-vec: cannot unlink 102.E.orig: No such file or directory
sha1sum-vec: cannot unlink 103.E.orig: No such file or directory
sha1sum-vec: cannot unlink 104.E.orig: No such file or directory
sha1sum-vec: cannot unlink 105.E.orig: No such file or directory
sha1sum-vec: cannot unlink 106.E.orig: No such file or directory
sha1sum-vec: cannot unlink 107.E.orig: No such file or directory
sha1sum-vec: cannot unlink 108.E.orig: No such file or directory
sha1sum-vec: cannot unlink 109.E.orig: No such file or directory
sha1sum-vec: cannot unlink 110.E.orig: No such file or directory
sha1sum-vec: cannot unlink 111.E.orig: No such file or directory
sha1sum-vec: cannot unlink 112.E.orig: No such file or directory
sha1sum-vec: cannot unlink 113.E.orig: No such file or directory
sha1sum-vec: cannot unlink 114.E.orig: No such file or directory
sha1sum-vec: cannot unlink 115.E.orig: No such file or directory
sha1sum-vec: cannot unlink 116.E.orig: No such file or directory
sha1sum-vec: cannot unlink 117.E.orig: No such file or directory
sha1sum-vec: cannot unlink 118.E.orig: No such file or directory
sha1sum-vec: cannot unlink 119.E.orig: No such file or directory
sha1sum-vec: cannot unlink 120.E.orig: No such file or directory
sha1sum-vec: cannot unlink 121.E.orig: No such file or directory
sha1sum-vec: cannot unlink 122.E.orig: No such file or directory
sha1sum-vec: cannot unlink 123.E.orig: No such file or directory
sha1sum-vec: cannot unlink 124.E.orig: No such file or directory
sha1sum-vec: cannot unlink 125.E.orig: No such file or directory
sha1sum-vec: cannot unlink 126.E.orig: No such file or directory
sha1sum-vec: cannot unlink 127.E.orig: No such file or directory
sha1sum-vec: cannot unlink 128.E.orig: No such file or directory
sha1sum-vec: cannot unlink 129.E.orig: No such file or directory
sha1sum-vec: cannot unlink 130.E.orig: No such file or directory
sha1sum-vec: cannot unlink 131.E.orig: No such file or directory
sha1sum-vec: cannot unlink 132.E.orig: No such file or directory
sha1sum-vec: cannot unlink 133.E.orig: No such file or directory
sha1sum-vec: cannot unlink 134.E.orig: No such file or directory
sha1sum-vec: cannot unlink 135.E.orig: No such file or directory
sha1sum-vec: cannot unlink 136.E.orig: No such file or directory
sha1sum-vec: cannot unlink 137.E.orig: No such file or directory
sha1sum-vec: cannot unlink 138.E.orig: No such file or directory
sha1sum-vec: cannot unlink 139.E.orig: No such file or directory
sha1sum-vec: cannot unlink 140.E.orig: No such file or directory
sha1sum-vec: cannot unlink 141.E.orig: No such file or directory
sha1sum-vec: cannot unlink 142.E.orig: No such file or directory
sha1sum-vec: cannot unlink 143.E.orig: No such file or directory
sha1sum-vec: cannot unlink 144.E.orig: No such file or directory
sha1sum-vec: cannot unlink 145.E.orig: No such file or directory
sha1sum-vec: cannot unlink 146.E.orig: No such file or directory
sha1sum-vec: cannot unlink 147.E.orig: No such file or directory
sha1sum-vec: cannot unlink 148.E.orig: No such file or directory
sha1sum-vec: cannot unlink 149.E.orig: No such file or directory
sha1sum-vec: cannot unlink 150.E.orig: No such file or directory
sha1sum-vec: cannot unlink 151.E.orig: No such file or directory
sha1sum-vec: cannot unlink 152.E.orig: No such file or directory
sha1sum-vec: cannot unlink 153.E.orig: No such file or directory
sha1sum-vec: cannot unlink 154.E.orig: No such file or directory
sha1sum-vec: cannot unlink 155.E.orig: No such file or directory
sha1sum-vec: cannot unlink 156.E.orig: No such file or directory
sha1sum-vec: cannot unlink 157.E.orig: No such file or directory
sha1sum-vec: cannot unlink 158.E.orig: No such file or directory
sha1sum-vec: cannot unlink 159.E.orig: No such file or directory
sha1sum-vec: cannot unlink 160.E.orig: No such file or directory
sha1sum-vec: cannot unlink 161.E.orig: No such file or directory
sha1sum-vec: cannot unlink 162.E.orig: No such file or directory
sha1sum-vec: cannot unlink 163.E.orig: No such file or directory
sha1sum-vec: cannot unlink 164.E.orig: No such file or directory
sha1sum-vec: cannot unlink 165.E.orig: No such file or directory
sha1sum-vec: cannot unlink 166.E.orig: No such file or directory
sha1sum-vec: cannot unlink 167.E.orig: No such file or directory
sha1sum-vec: cannot unlink 168.E.orig: No such file or directory
sha1sum-vec: cannot unlink 169.E.orig: No such file or directory
sha1sum-vec: cannot unlink 170.E.orig: No such file or directory
sha1sum-vec: cannot unlink 171.E.orig: No such file or directory
sha1sum-vec: cannot unlink 172.E.orig: No such file or directory
sha1sum-vec: cannot unlink 173.E.orig: No such file or directory
sha1sum-vec: cannot unlink 174.E.orig: No such file or directory
sha1sum-vec: cannot unlink 175.E.orig: No such file or directory
sha1sum-vec: cannot unlink 176.E.orig: No such file or directory
sha1sum-vec: cannot unlink 177.E.orig: No such file or directory
sha1sum-vec: cannot unlink 178.E.orig: No such file or directory
sha1sum-vec: cannot unlink 179.E.orig: No such file or directory
sha1sum-vec: cannot unlink 180.E.orig: No such file or directory
sha1sum-vec: cannot unlink 181.E.orig: No such file or directory
sha1sum-vec: cannot unlink 182.E.orig: No such file or directory
sha1sum-vec: cannot unlink 183.E.orig: No such file or directory
sha1sum-vec: cannot unlink 184.E.orig: No such file or directory
sha1sum-vec: cannot unlink 185.E.orig: No such file or directory
sha1sum-vec: cannot unlink 186.E.orig: No such file or directory
sha1sum-vec: cannot unlink 187.E.orig: No such file or directory
sha1sum-vec: cannot unlink 188.E.orig: No such file or directory
sha1sum-vec: cannot unlink 189.E.orig: No such file or directory
sha1sum-vec: cannot unlink 190.E.orig: No such file or directory
sha1sum-vec: cannot unlink 191.E.orig: No such file or directory
sha1sum-vec: cannot unlink 192.E.orig: No such file or directory
sha1sum-vec: cannot unlink 193.E.orig: No such file or directory
sha1sum-vec: cannot unlink 194.E.orig: No such file or directory
sha1sum-vec: cannot unlink 195.E.orig: No such file or directory
sha1sum-vec: cannot unlink 196.E.orig: No such file or directory
sha1sum-vec: cannot unlink 197.E.orig: No such file or directory
sha1sum-vec: cannot unlink 198.E.orig: No such file or directory
sha1sum-vec: cannot unlink 199.E.orig: No such file or directory
sha1sum-vec: cannot unlink 200.E.orig: No such file or directory
sha1sum-vec: cannot unlink 201.E.orig: No such file or directory
sha1sum-vec: cannot unlink 202.E.orig: No such file or directory
sha1sum-vec: cannot unlink 203.E.orig: No such file or directory
sha1sum-vec: cannot unlink 204.E.orig: No such file or directory
sha1sum-vec: cannot unlink 205.E.orig: No such file or directory
sha1sum-vec: cannot unlink 206.E.orig: No such file or directory
sha1sum-vec: cannot unlink 207.E.orig: No such file or directory
sha1sum-vec: cannot unlink 208.E.orig: No such file or directory
sha1sum-vec: cannot unlink 209.E.orig: No such file or directory
sha1sum-vec: cannot unlink 210.E.orig: No such file or directory
sha1sum-vec: cannot unlink 211.E.orig: No such file or directory
sha1sum-vec: cannot unlink 212.E.orig: No such file or directory
sha1sum-vec: cannot unlink 213.E.orig: No such file or directory
sha1sum-vec: cannot unlink 214.E.orig: No such file or directory
sha1sum-vec: cannot unlink 215.E.orig: No such file or directory
sha1sum-vec: cannot unlink 216.E.orig: No such file or directory
sha1sum-vec: cannot unlink 217.E.orig: No such file or directory
sha1sum-vec: cannot unlink 218.E.orig: No such file or directory
sha1sum-vec: cannot unlink 219.E.orig: No such file or directory
sha1sum-vec: cannot unlink 220.E.orig: No such file or directory
sha1sum-vec: cannot unlink 221.E.orig: No such file or directory
sha1sum-vec: cannot unlink 222.E.orig: No such file or directory
sha1sum-vec: cannot unlink 223.E.orig: No such file or directory
sha1sum-vec: cannot unlink 224.E.orig: No such file or directory
sha1sum-vec: cannot unlink 225.E.orig: No such file or directory
sha1sum-vec: cannot unlink 226.E.orig: No such file or directory
sha1sum-vec: cannot unlink 227.E.orig: No such file or directory
sha1sum-vec: cannot unlink 228.E.orig: No such file or directory
sha1sum-vec: cannot unlink 229.E.orig: No such file or directory
Can't stat /tmp/sha1sum-vec.tmp-0ipq: No such file or directory
 at /tests/CuTmpdir.pm line 54.
Use of uninitialized value $abs in string eq at //lib/perl5/5.40.4/File/Temp.pm line 916.
Use of uninitialized value $cwd in string eq at //lib/perl5/5.40.4/File/Temp.pm line 916.
No root path(s) specified
 at //lib/perl5/5.40.4/File/Temp.pm line 932.
===================================================
Result: [[31mFAIL[0m] (Exit 1)
===================================================
Executing: misc/sha224sum
Sandbox Path: /tests/misc/sha224sum
===================================================
Use of uninitialized value $fname in pattern match (m//) at //lib/perl5/5.40.4/File/Temp.pm line 964.
sha224sum: cannot unlink s3.E.orig: No such file or directory
sha224sum: cannot unlink s4.E.orig: No such file or directory
sha224sum: cannot unlink s8.E.orig: No such file or directory
Can't stat /tmp/sha224sum.tmp-ybiu: No such file or directory
 at /tests/CuTmpdir.pm line 54.
Use of uninitialized value $abs in string eq at //lib/perl5/5.40.4/File/Temp.pm line 916.
Use of uninitialized value $cwd in string eq at //lib/perl5/5.40.4/File/Temp.pm line 916.
No root path(s) specified
 at //lib/perl5/5.40.4/File/Temp.pm line 932.
===================================================
Result: [[31mFAIL[0m] (Exit 1)
===================================================
Executing: misc/sha256sum
Sandbox Path: /tests/misc/sha256sum
===================================================
Use of uninitialized value $fname in pattern match (m//) at //lib/perl5/5.40.4/File/Temp.pm line 964.
sha256sum: cannot unlink s1.E.orig: No such file or directory
sha256sum: cannot unlink s2.E.orig: No such file or directory
sha256sum: cannot unlink s3.E.orig: No such file or directory
sha256sum: cannot unlink s4.E.orig: No such file or directory
sha256sum: cannot unlink s8.E.orig: No such file or directory
Can't stat /tmp/sha256sum.tmp-6IKU: No such file or directory
 at /tests/CuTmpdir.pm line 54.
Use of uninitialized value $abs in string eq at //lib/perl5/5.40.4/File/Temp.pm line 916.
Use of uninitialized value $cwd in string eq at //lib/perl5/5.40.4/File/Temp.pm line 916.
No root path(s) specified
 at //lib/perl5/5.40.4/File/Temp.pm line 932.
===================================================
Result: [[31mFAIL[0m] (Exit 1)
===================================================
Executing: misc/sha384sum
Sandbox Path: /tests/misc/sha384sum
===================================================
Use of uninitialized value $fname in pattern match (m//) at //lib/perl5/5.40.4/File/Temp.pm line 964.
sha384sum: cannot unlink s1.E.orig: No such file or directory
sha384sum: cannot unlink s2.E.orig: No such file or directory
sha384sum: cannot unlink s3.E.orig: No such file or directory
sha384sum: cannot unlink s4.E.orig: No such file or directory
sha384sum: cannot unlink s8.E.orig: No such file or directory
Can't stat /tmp/sha384sum.tmp-Ja81: No such file or directory
 at /tests/CuTmpdir.pm line 54.
Use of uninitialized value $abs in string eq at //lib/perl5/5.40.4/File/Temp.pm line 916.
Use of uninitialized value $cwd in string eq at //lib/perl5/5.40.4/File/Temp.pm line 916.
No root path(s) specified
 at //lib/perl5/5.40.4/File/Temp.pm line 932.
===================================================
Result: [[31mFAIL[0m] (Exit 1)
===================================================
Executing: misc/sha512sum
Sandbox Path: /tests/misc/sha512sum
===================================================
Use of uninitialized value $fname in pattern match (m//) at //lib/perl5/5.40.4/File/Temp.pm line 964.
sha512sum: cannot unlink s1.E.orig: No such file or directory
sha512sum: cannot unlink s2.E.orig: No such file or directory
sha512sum: cannot unlink s3.E.orig: No such file or directory
sha512sum: cannot unlink s4.E.orig: No such file or directory
sha512sum: cannot unlink s8.E.orig: No such file or directory
Can't stat /tmp/sha512sum.tmp-yo6N: No such file or directory
 at /tests/CuTmpdir.pm line 54.
Use of uninitialized value $abs in string eq at //lib/perl5/5.40.4/File/Temp.pm line 916.
Use of uninitialized value $cwd in string eq at //lib/perl5/5.40.4/File/Temp.pm line 916.
No root path(s) specified
 at //lib/perl5/5.40.4/File/Temp.pm line 932.
===================================================
Result: [[31mFAIL[0m] (Exit 1)
===================================================
Executing: misc/shred-exact
Sandbox Path: /tests/misc/shred-exact
===================================================
/bin/shred: a: fdatasync failed: Function not implemented
/bin/shred: b: fdatasync failed: Function not implemented
/bin/shred: c: fdatasync failed: Function not implemented
/bin/shred: a: fdatasync failed: Function not implemented
/bin/shred: b: fdatasync failed: Function not implemented
/bin/shred: c: fdatasync failed: Function not implemented
===================================================
Result: [[31mFAIL[0m] (Exit 1)
===================================================
Executing: misc/shred-passes
Sandbox Path: /tests/misc/shred-passes
===================================================
--- /tmp/_lind_cmp_a.3	1970-01-01 00:00:00.000000000 +0000
+++ /tmp/_lind_cmp_b.3	1970-01-01 00:00:00.000000000 +0000
@@ -1,6 +1,2 @@
 shred: f: pass 1/3 (random)...
-shred: f: pass 2/3 (random)...
-shred: f: pass 3/3 (random)...
-shred: f: removing
-shred: f: renamed to 0
-shred: f: removed
+shred: f: fdatasync failed: Function not implemented
===================================================
Result: [[31mFAIL[0m] (Exit 1)
===================================================
Executing: misc/shred-remove
Sandbox Path: /tests/misc/shred-remove
===================================================
tests/test-lib.sh: line 53: 9: Bad file descriptor
/tests/misc/shred-remove: skipping test: must be run as non-root
===================================================
Result: /tests/misc/shred-remove [[33mSKIP[0m] (Exit 77)
===================================================
Executing: misc/shuf
Sandbox Path: /tests/misc/shuf
===================================================
not random?
--- /tmp/_lind_cmp_a.3	1970-01-01 00:00:00.000000000 +0000
+++ /tmp/_lind_cmp_b.3	1970-01-01 00:00:00.000000000 +0000
@@ -0,0 +1,100 @@
+1
+2
+3
+4
+5
+6
+7
+8
+9
+10
+11
+12
+13
+14
+15
+16
+17
+18
+19
+20
+21
+22
+23
+24
+25
+26
+27
+28
+29
+30
+31
+32
+33
+34
+35
+36
+37
+38
+39
+40
+41
+42
+43
+44
+45
+46
+47
+48
+49
+50
+51
+52
+53
+54
+55
+56
+57
+58
+59
+60
+61
+62
+63
+64
+65
+66
+67
+68
+69
+70
+71
+72
+73
+74
+75
+76
+77
+78
+79
+80
+81
+82
+83
+84
+85
+86
+87
+88
+89
+90
+91
+92
+93
+94
+95
+96
+97
+98
+99
+100
not a permutation
===================================================
Result: [[31mFAIL[0m] (Exit 1)
===================================================
Executing: misc/sort
Sandbox Path: /tests/misc/sort
===================================================
Use of uninitialized value $fname in pattern match (m//) at //lib/perl5/5.40.4/File/Temp.pm line 964.
Can't exec "getlimits": Operation not permitted at /tests/Coreutils.pm line 210.
Error running getlimits
Can't stat /tmp/sort.tmp-URIx: No such file or directory
 at /tests/CuTmpdir.pm line 54.
Use of uninitialized value $abs in string eq at //lib/perl5/5.40.4/File/Temp.pm line 916.
Use of uninitialized value $cwd in string eq at //lib/perl5/5.40.4/File/Temp.pm line 916.
No root path(s) specified
 at //lib/perl5/5.40.4/File/Temp.pm line 932.
===================================================
Result: [[31mFAIL[0m] (Exit 1)
===================================================
Executing: misc/sort-compress
Sandbox Path: /tests/misc/sort-compress
===================================================
===================================================
Result: [[31mFAIL[0m] (Exit 1)
===================================================
Executing: misc/sort-continue
Sandbox Path: /tests/misc/sort-continue
===================================================
/bin/ls: cannot access /snap/bin/.: No such file or directory
/bin/sort: open failed: __test.*: No such file or directory
file descriptor exhaustion not handled
/bin/sort: open failed: __test.*: No such file or directory
stdin not handled properly
===================================================
Result: [[31mFAIL[0m] (Exit 1)
===================================================
Executing: misc/sort-files0-from
Sandbox Path: /tests/misc/sort-files0-from
===================================================
Use of uninitialized value $fname in pattern match (m//) at //lib/perl5/5.40.4/File/Temp.pm line 964.
sort-files0-from: cannot unlink f-extra-arg.E.orig: No such file or directory
sort-files0-from: cannot unlink missing.E.orig: No such file or directory
sort-files0-from: cannot unlink minus-in-stdin.E.orig: No such file or directory
sort-files0-from: cannot unlink empty.E.orig: No such file or directory
sort-files0-from: test empty: stderr mismatch, comparing empty.E (actual) and empty.2 (expected)
*** empty.E	Thu Jan  1 00:00:00 1970
--- empty.2	Thu Jan  1 00:00:00 1970
***************
*** 1 ****
! /bin/sort: 
--- 1 ----
! sort: 
sort-files0-from: cannot unlink empty-nonreg.E.orig: No such file or directory
sort-files0-from: cannot unlink nul-1.E.orig: No such file or directory
sort-files0-from: cannot unlink nul-2.E.orig: No such file or directory
sort-files0-from: cannot unlink 1.E.orig: No such file or directory
sort-files0-from: cannot unlink 1a.E.orig: No such file or directory
sort-files0-from: cannot unlink 2.E.orig: No such file or directory
sort-files0-from: cannot unlink 2a.E.orig: No such file or directory
sort-files0-from: cannot unlink zero-len.E.orig: No such file or directory
Can't stat /tmp/sort-files0-from.tmp-whKY: No such file or directory
 at /tests/CuTmpdir.pm line 54.
Use of uninitialized value $abs in string eq at //lib/perl5/5.40.4/File/Temp.pm line 916.
Use of uninitialized value $cwd in string eq at //lib/perl5/5.40.4/File/Temp.pm line 916.
No root path(s) specified
 at //lib/perl5/5.40.4/File/Temp.pm line 932.
===================================================
Result: [[31mFAIL[0m] (Exit 1)
===================================================
Executing: misc/sort-merge
Sandbox Path: /tests/misc/sort-merge
===================================================
Use of uninitialized value $fname in pattern match (m//) at //lib/perl5/5.40.4/File/Temp.pm line 964.
Can't exec "getlimits": Operation not permitted at /tests/Coreutils.pm line 210.
Error running getlimits
Can't stat /tmp/sort-merge.tmp-vGHe: No such file or directory
 at /tests/CuTmpdir.pm line 54.
Use of uninitialized value $abs in string eq at //lib/perl5/5.40.4/File/Temp.pm line 916.
Use of uninitialized value $cwd in string eq at //lib/perl5/5.40.4/File/Temp.pm line 916.
No root path(s) specified
 at //lib/perl5/5.40.4/File/Temp.pm line 932.
===================================================
Result: [[31mFAIL[0m] (Exit 1)
===================================================
Executing: misc/sort-merge-fdlimit
Sandbox Path: /tests/misc/sort-merge-fdlimit
===================================================
tests/test-lib.sh: line 53: 9: Bad file descriptor
/tests/misc/sort-merge-fdlimit: skipping test: this shell lacks ulimit support
===================================================
Result: /tests/misc/sort-merge-fdlimit [[33mSKIP[0m] (Exit 77)
===================================================
Executing: misc/sort-rand
Sandbox Path: /tests/misc/sort-rand
===================================================
not random?
===================================================
Result: [[31mFAIL[0m] (Exit 1)
===================================================
Executing: misc/sort-version
Sandbox Path: /tests/misc/sort-version
===================================================
/tests/misc/sort-version: line 110: warning: here-document at line 26 delimited by end-of-file (wanted `_EOF_')
===================================================
Result: /tests/misc/sort-version [[32mPASS[0m] (Exit 0)
===================================================
Executing: misc/split-a
Sandbox Path: /tests/misc/split-a
===================================================
===================================================
Result: /tests/misc/split-a [[32mPASS[0m] (Exit 0)
===================================================
Executing: misc/split-fail
Sandbox Path: /tests/misc/split-fail
===================================================
/tests/misc/split-fail: Error running getlimits
===================================================
Result: [[31mFAIL[0m] (Exit 1)
===================================================
Executing: misc/split-l
Sandbox Path: /tests/misc/split-l
===================================================
===================================================
Result: /tests/misc/split-l [[32mPASS[0m] (Exit 0)
===================================================
Executing: misc/stat-fmt
Sandbox Path: /tests/misc/stat-fmt
===================================================
===================================================
Result: /tests/misc/stat-fmt [[32mPASS[0m] (Exit 0)
===================================================
Executing: misc/stat-hyphen
Sandbox Path: /tests/misc/stat-hyphen
===================================================
/bin/stat: using `-' to denote standard input does not work in file system mode
===================================================
Result: /tests/misc/stat-hyphen [[32mPASS[0m] (Exit 0)
===================================================
Executing: misc/stat-printf
Sandbox Path: /tests/misc/stat-printf
===================================================
Use of uninitialized value $fname in pattern match (m//) at //lib/perl5/5.40.4/File/Temp.pm line 964.
stat-printf: cannot unlink nl.E.orig: No such file or directory
stat-printf: cannot unlink no-nl.E.orig: No such file or directory
stat-printf: cannot unlink pct-and-esc.E.orig: No such file or directory
stat-printf: cannot unlink backslash.E.orig: No such file or directory
stat-printf: cannot unlink nul.E.orig: No such file or directory
stat-printf: cannot unlink bel-etc.E.orig: No such file or directory
stat-printf: cannot unlink octal-1.E.orig: No such file or directory
stat-printf: cannot unlink octal-2.E.orig: No such file or directory
stat-printf: cannot unlink hex-1.E.orig: No such file or directory
stat-printf: cannot unlink hex-2.E.orig: No such file or directory
stat-printf: cannot unlink hex-3.E.orig: No such file or directory
stat-printf: cannot unlink f-nl.E.orig: No such file or directory
stat-printf: cannot unlink f-nl2.E.orig: No such file or directory
stat-printf: cannot unlink end-pct.E.orig: No such file or directory
stat-printf: cannot unlink pct-pct.E.orig: No such file or directory
stat-printf: cannot unlink end-bs.E.orig: No such file or directory
stat-printf: cannot unlink err-1.E.orig: No such file or directory
stat-printf: cannot unlink err-2.E.orig: No such file or directory
Can't stat /tmp/stat-printf.tmp-V9xb: No such file or directory
 at /tests/CuTmpdir.pm line 54.
Use of uninitialized value $abs in string eq at //lib/perl5/5.40.4/File/Temp.pm line 916.
Use of uninitialized value $cwd in string eq at //lib/perl5/5.40.4/File/Temp.pm line 916.
No root path(s) specified
 at //lib/perl5/5.40.4/File/Temp.pm line 932.
===================================================
Result: [[31mFAIL[0m] (Exit 1)
===================================================
Executing: misc/stat-slash
Sandbox Path: /tests/misc/stat-slash
===================================================
/bin/stat: cannot stat `link1': No such file or directory
/bin/stat: cannot stat `link1/': No such file or directory
/bin/stat: cannot stat `link2': No such file or directory
/bin/stat: cannot stat `link2': No such file or directory
/bin/stat: cannot stat `link2/': No such file or directory
--- /tmp/_lind_cmp_a.3	1970-01-01 00:00:00.000000000 +0000
+++ /tmp/_lind_cmp_b.3	1970-01-01 00:00:00.000000000 +0000
@@ -0,0 +1,4 @@
+link1
+symbolic link
+directory
+directory
===================================================
Result: [[31mFAIL[0m] (Exit 1)
===================================================
Executing: misc/stdbuf
Sandbox Path: /tests/misc/stdbuf
===================================================
/tests/misc/stdbuf: Error running getlimits
===================================================
Result: [[31mFAIL[0m] (Exit 1)
===================================================
Executing: misc/stty
Sandbox Path: /tests/misc/stty
===================================================
tests/test-lib.sh: line 53: 9: Bad file descriptor
/tests/misc/stty: skipping test: requires controlling input terminal
This test must have a controlling input "terminal", so it may not be
run via "batch", "at", or "ssh".  On some systems, it may not even be
run in the background.
===================================================
Result: /tests/misc/stty [[33mSKIP[0m] (Exit 77)
===================================================
Executing: misc/stty-invalid
Sandbox Path: /tests/misc/stty-invalid
===================================================
tests/test-lib.sh: line 53: 9: Bad file descriptor
/tests/misc/stty-invalid: skipping test: requires controlling input terminal
This test must have a controlling input "terminal", so it may not be
run via "batch", "at", or "ssh".  On some systems, it may not even be
run in the background.
===================================================
Result: /tests/misc/stty-invalid [[33mSKIP[0m] (Exit 77)
===================================================
Executing: misc/stty-row-col
Sandbox Path: /tests/misc/stty-row-col
===================================================
tests/test-lib.sh: line 53: 9: Bad file descriptor
/tests/misc/stty-row-col: skipping test: requires controlling input terminal
This test must have a controlling input "terminal", so it may not be
run via "batch", "at", or "ssh".  On some systems, it may not even be
run in the background.
===================================================
Result: /tests/misc/stty-row-col [[33mSKIP[0m] (Exit 77)
===================================================
Executing: misc/su-fail
Sandbox Path: /tests/misc/su-fail
===================================================
/bin/su: unrecognized option '---'
Try `/bin/su --help' for more information.
/bin/su: user no_such_user does not exist
===================================================
Result: /tests/misc/su-fail [[32mPASS[0m] (Exit 0)
===================================================
Executing: misc/sum
Sandbox Path: /tests/misc/sum
===================================================
Use of uninitialized value $fname in pattern match (m//) at //lib/perl5/5.40.4/File/Temp.pm line 964.
sum: cannot unlink 1.E.orig: No such file or directory
sum: cannot unlink 2.E.orig: No such file or directory
sum: cannot unlink 3.E.orig: No such file or directory
sum: cannot unlink 4.E.orig: No such file or directory
sum: cannot unlink 5.E.orig: No such file or directory
sum: cannot unlink 6.E.orig: No such file or directory
sum: cannot unlink 7.E.orig: No such file or directory
sum: cannot unlink a-r-1k.E.orig: No such file or directory
sum: cannot unlink a-s-1k.E.orig: No such file or directory
sum: cannot unlink b-r-2k.E.orig: No such file or directory
sum: cannot unlink b-s-2k.E.orig: No such file or directory
sum: cannot unlink 1s.E.orig: No such file or directory
sum: cannot unlink 2s.E.orig: No such file or directory
sum: cannot unlink 3s.E.orig: No such file or directory
sum: cannot unlink 4s.E.orig: No such file or directory
sum: cannot unlink 5s.E.orig: No such file or directory
sum: cannot unlink 6s.E.orig: No such file or directory
sum: cannot unlink 7s.E.orig: No such file or directory
Can't stat /tmp/sum.tmp-fQUt: No such file or directory
 at /tests/CuTmpdir.pm line 54.
Use of uninitialized value $abs in string eq at //lib/perl5/5.40.4/File/Temp.pm line 916.
Use of uninitialized value $cwd in string eq at //lib/perl5/5.40.4/File/Temp.pm line 916.
No root path(s) specified
 at //lib/perl5/5.40.4/File/Temp.pm line 932.
===================================================
Result: [[31mFAIL[0m] (Exit 1)
Test misc/sum-sysv is in the skip list. Skipping...
===================================================
Executing: misc/tac
Sandbox Path: /tests/misc/tac
===================================================
Use of uninitialized value $fname in pattern match (m//) at //lib/perl5/5.40.4/File/Temp.pm line 964.
tac: cannot unlink segfault.E.orig: No such file or directory
tac: cannot unlink segfault2.E.orig: No such file or directory
tac: cannot unlink basic-0.E.orig: No such file or directory
tac: cannot unlink basic-0.r.E.orig: No such file or directory
tac: cannot unlink basic-0.p.E.orig: No such file or directory
tac: cannot unlink basic-a.E.orig: No such file or directory
tac: cannot unlink basic-a.r.E.orig: No such file or directory
tac: cannot unlink basic-a.p.E.orig: No such file or directory
tac: cannot unlink basic-b.E.orig: No such file or directory
tac: cannot unlink basic-b.r.E.orig: No such file or directory
tac: cannot unlink basic-b.p.E.orig: No such file or directory
tac: cannot unlink basic-c.E.orig: No such file or directory
tac: cannot unlink basic-c.r.E.orig: No such file or directory
tac: cannot unlink basic-c.p.E.orig: No such file or directory
tac: cannot unlink basic-d.E.orig: No such file or directory
tac: cannot unlink basic-d.r.E.orig: No such file or directory
tac: cannot unlink basic-d.p.E.orig: No such file or directory
tac: cannot unlink basic-e.E.orig: No such file or directory
tac: cannot unlink basic-e.r.E.orig: No such file or directory
tac: cannot unlink basic-e.p.E.orig: No such file or directory
tac: cannot unlink basic-f.E.orig: No such file or directory
tac: cannot unlink basic-f.r.E.orig: No such file or directory
tac: cannot unlink basic-f.p.E.orig: No such file or directory
tac: cannot unlink basic-g.E.orig: No such file or directory
tac: cannot unlink basic-g.r.E.orig: No such file or directory
tac: cannot unlink basic-g.p.E.orig: No such file or directory
tac: cannot unlink basic-h.E.orig: No such file or directory
tac: cannot unlink basic-h.r.E.orig: No such file or directory
tac: cannot unlink basic-h.p.E.orig: No such file or directory
tac: cannot unlink basic-i.E.orig: No such file or directory
tac: cannot unlink basic-i.r.E.orig: No such file or directory
tac: cannot unlink basic-i.p.E.orig: No such file or directory
tac: cannot unlink basic-j.E.orig: No such file or directory
tac: cannot unlink basic-j.r.E.orig: No such file or directory
tac: cannot unlink basic-j.p.E.orig: No such file or directory
tac: cannot unlink basic-k.E.orig: No such file or directory
tac: cannot unlink basic-k.r.E.orig: No such file or directory
tac: cannot unlink basic-k.p.E.orig: No such file or directory
tac: cannot unlink opt-b.E.orig: No such file or directory
tac: cannot unlink opt-b.r.E.orig: No such file or directory
tac: cannot unlink opt-b.p.E.orig: No such file or directory
tac: cannot unlink opt-s.E.orig: No such file or directory
tac: cannot unlink opt-s.r.E.orig: No such file or directory
tac: cannot unlink opt-s.p.E.orig: No such file or directory
tac: cannot unlink opt-sb.E.orig: No such file or directory
tac: cannot unlink opt-sb.r.E.orig: No such file or directory
tac: cannot unlink opt-sb.p.E.orig: No such file or directory
tac: cannot unlink opt-r.E.orig: No such file or directory
tac: cannot unlink opt-r.r.E.orig: No such file or directory
tac: cannot unlink opt-r.p.E.orig: No such file or directory
tac: cannot unlink opt-r2.E.orig: No such file or directory
tac: cannot unlink opt-r2.r.E.orig: No such file or directory
tac: cannot unlink opt-r2.p.E.orig: No such file or directory
tac: cannot unlink opt-br.E.orig: No such file or directory
tac: cannot unlink opt-br.r.E.orig: No such file or directory
tac: cannot unlink opt-br.p.E.orig: No such file or directory
tac: cannot unlink opt-br2.E.orig: No such file or directory
tac: cannot unlink opt-br2.r.E.orig: No such file or directory
tac: cannot unlink opt-br2.p.E.orig: No such file or directory
tac: cannot unlink pipe-bad-tmpdir.E.orig: No such file or directory
tac: test pipe-bad-tmpdir: stderr mismatch, comparing pipe-bad-tmpdir.E (actual) and pipe-bad-tmpdir.2 (expected)
*** pipe-bad-tmpdir.E	Thu Jan  1 00:00:00 1970
--- pipe-bad-tmpdir.2	Thu Jan  1 00:00:00 1970
***************
*** 1 ****
! /bin/tac: cannot create temporary file in ...
--- 1 ----
! tac: cannot create temporary file in ...
Can't stat /tmp/tac.tmp-CcOe: No such file or directory
 at /tests/CuTmpdir.pm line 54.
Use of uninitialized value $abs in string eq at //lib/perl5/5.40.4/File/Temp.pm line 916.
Use of uninitialized value $cwd in string eq at //lib/perl5/5.40.4/File/Temp.pm line 916.
No root path(s) specified
 at //lib/perl5/5.40.4/File/Temp.pm line 932.
===================================================
Result: [[31mFAIL[0m] (Exit 1)
===================================================
Executing: misc/tac-continue
Sandbox Path: /tests/misc/tac-continue
===================================================
tests/test-lib.sh: line 53: 9: Bad file descriptor
/tests/misc/tac-continue: skipping test: FULL_PARTITION_TMPDIR not defined
===================================================
Result: /tests/misc/tac-continue [[33mSKIP[0m] (Exit 77)
===================================================
Executing: misc/tail
Sandbox Path: /tests/misc/tail
===================================================
Use of uninitialized value $fname in pattern match (m//) at //lib/perl5/5.40.4/File/Temp.pm line 964.
tail: cannot unlink obs-plus-c1.E.orig: No such file or directory
tail: cannot unlink obs-plus-c1.r.E.orig: No such file or directory
tail: cannot unlink obs-plus-c1.p.E.orig: No such file or directory
tail: cannot unlink obs-plus-c2.E.orig: No such file or directory
tail: cannot unlink obs-plus-c2.r.E.orig: No such file or directory
tail: cannot unlink obs-plus-c2.p.E.orig: No such file or directory
tail: cannot unlink obs-c3.E.orig: No such file or directory
tail: cannot unlink obs-c3.r.E.orig: No such file or directory
tail: cannot unlink obs-c3.p.E.orig: No such file or directory
tail: cannot unlink obs-c4.E.orig: No such file or directory
tail: cannot unlink obs-c4.r.E.orig: No such file or directory
tail: cannot unlink obs-c4.p.E.orig: No such file or directory
tail: cannot unlink obs-c5.E.orig: No such file or directory
tail: cannot unlink obs-c5.r.E.orig: No such file or directory
tail: cannot unlink obs-c5.p.E.orig: No such file or directory
tail: cannot unlink obs-l1.E.orig: No such file or directory
tail: cannot unlink obs-l1.r.E.orig: No such file or directory
tail: cannot unlink obs-l1.p.E.orig: No such file or directory
tail: cannot unlink obs-l2.E.orig: No such file or directory
tail: cannot unlink obs-l2.r.E.orig: No such file or directory
tail: cannot unlink obs-l2.p.E.orig: No such file or directory
tail: cannot unlink obs-l3.E.orig: No such file or directory
tail: cannot unlink obs-l3.r.E.orig: No such file or directory
tail: cannot unlink obs-l3.p.E.orig: No such file or directory
tail: cannot unlink obs-plus-l4.E.orig: No such file or directory
tail: cannot unlink obs-plus-l4.r.E.orig: No such file or directory
tail: cannot unlink obs-plus-l4.p.E.orig: No such file or directory
tail: cannot unlink obs-plus-l5.E.orig: No such file or directory
tail: cannot unlink obs-plus-l5.r.E.orig: No such file or directory
tail: cannot unlink obs-plus-l5.p.E.orig: No such file or directory
tail: cannot unlink obs-1.E.orig: No such file or directory
tail: cannot unlink obs-1.r.E.orig: No such file or directory
tail: cannot unlink obs-1.p.E.orig: No such file or directory
tail: cannot unlink obs-2.E.orig: No such file or directory
tail: cannot unlink obs-2.r.E.orig: No such file or directory
tail: cannot unlink obs-2.p.E.orig: No such file or directory
tail: cannot unlink obs-3.E.orig: No such file or directory
tail: cannot unlink obs-3.r.E.orig: No such file or directory
tail: cannot unlink obs-3.p.E.orig: No such file or directory
tail: cannot unlink obs-plus-4.E.orig: No such file or directory
tail: cannot unlink obs-plus-4.r.E.orig: No such file or directory
tail: cannot unlink obs-plus-4.p.E.orig: No such file or directory
tail: cannot unlink obs-plus-5.E.orig: No such file or directory
tail: cannot unlink obs-plus-5.r.E.orig: No such file or directory
tail: cannot unlink obs-plus-5.p.E.orig: No such file or directory
tail: cannot unlink obs-plus-x1.E.orig: No such file or directory
tail: cannot unlink obs-plus-x1.r.E.orig: No such file or directory
tail: cannot unlink obs-plus-x1.p.E.orig: No such file or directory
tail: cannot unlink obs-plus-x2.E.orig: No such file or directory
tail: cannot unlink obs-plus-x2.r.E.orig: No such file or directory
tail: cannot unlink obs-plus-x2.p.E.orig: No such file or directory
tail: cannot unlink obs-l.E.orig: No such file or directory
tail: cannot unlink obs-l.r.E.orig: No such file or directory
tail: cannot unlink obs-l.p.E.orig: No such file or directory
tail: cannot unlink obs-b.E.orig: No such file or directory
tail: cannot unlink obs-b.r.E.orig: No such file or directory
tail: cannot unlink obs-b.p.E.orig: No such file or directory
tail: cannot unlink err-1.r.E.orig: No such file or directory
tail: cannot unlink err-1.p.E.orig: No such file or directory
tail: cannot unlink err-2.E.orig: No such file or directory
tail: cannot unlink err-2.r.E.orig: No such file or directory
tail: cannot unlink err-2.p.E.orig: No such file or directory
tail: cannot unlink err-3.r.E.orig: No such file or directory
tail: cannot unlink err-3.p.E.orig: No such file or directory
tail: cannot unlink err-4.E.orig: No such file or directory
tail: cannot unlink err-4.r.E.orig: No such file or directory
tail: cannot unlink err-4.p.E.orig: No such file or directory
tail: cannot unlink err-5.E.orig: No such file or directory
tail: cannot unlink err-5.r.E.orig: No such file or directory
tail: cannot unlink err-5.p.E.orig: No such file or directory
tail: cannot unlink err-6.E.orig: No such file or directory
tail: cannot unlink err-6.r.E.orig: No such file or directory
tail: cannot unlink err-6.p.E.orig: No such file or directory
tail: cannot unlink minus-1.r.E.orig: No such file or directory
tail: cannot unlink minus-1.p.E.orig: No such file or directory
tail: cannot unlink minus-2.r.E.orig: No such file or directory
tail: cannot unlink minus-2.p.E.orig: No such file or directory
tail: cannot unlink c-2.E.orig: No such file or directory
tail: cannot unlink c-2.r.E.orig: No such file or directory
tail: cannot unlink c-2.p.E.orig: No such file or directory
tail: cannot unlink c-2-minus.E.orig: No such file or directory
tail: cannot unlink c-2-minus.r.E.orig: No such file or directory
tail: cannot unlink c-2-minus.p.E.orig: No such file or directory
tail: cannot unlink c2.E.orig: No such file or directory
tail: cannot unlink c2.r.E.orig: No such file or directory
tail: cannot unlink c2.p.E.orig: No such file or directory
tail: cannot unlink c2-minus.E.orig: No such file or directory
tail: cannot unlink c2-minus.r.E.orig: No such file or directory
tail: cannot unlink c2-minus.p.E.orig: No such file or directory
tail: cannot unlink n-1.E.orig: No such file or directory
tail: cannot unlink n-1.r.E.orig: No such file or directory
tail: cannot unlink n-1.p.E.orig: No such file or directory
tail: cannot unlink n-2.E.orig: No such file or directory
tail: cannot unlink n-2.r.E.orig: No such file or directory
tail: cannot unlink n-2.p.E.orig: No such file or directory
tail: cannot unlink n-3.E.orig: No such file or directory
tail: cannot unlink n-3.r.E.orig: No such file or directory
tail: cannot unlink n-3.p.E.orig: No such file or directory
tail: cannot unlink n-4.E.orig: No such file or directory
tail: cannot unlink n-4.r.E.orig: No such file or directory
tail: cannot unlink n-4.p.E.orig: No such file or directory
tail: cannot unlink n-4a.E.orig: No such file or directory
tail: cannot unlink n-4a.r.E.orig: No such file or directory
tail: cannot unlink n-4a.p.E.orig: No such file or directory
tail: cannot unlink n-5.E.orig: No such file or directory
tail: cannot unlink n-5.r.E.orig: No such file or directory
tail: cannot unlink n-5.p.E.orig: No such file or directory
tail: cannot unlink n-5a.E.orig: No such file or directory
tail: cannot unlink n-5a.r.E.orig: No such file or directory
tail: cannot unlink n-5a.p.E.orig: No such file or directory
tail: cannot unlink n-5b.E.orig: No such file or directory
tail: cannot unlink n-5b.r.E.orig: No such file or directory
tail: cannot unlink n-5b.p.E.orig: No such file or directory
tail: cannot unlink f-pipe-1.p.E.orig: No such file or directory
Can't stat /tmp/tail.tmp-O44F: No such file or directory
 at /tests/CuTmpdir.pm line 54.
Use of uninitialized value $abs in string eq at //lib/perl5/5.40.4/File/Temp.pm line 916.
Use of uninitialized value $cwd in string eq at //lib/perl5/5.40.4/File/Temp.pm line 916.
No root path(s) specified
 at //lib/perl5/5.40.4/File/Temp.pm line 932.
===================================================
Result: [[31mFAIL[0m] (Exit 1)
===================================================
Executing: misc/tee
Sandbox Path: /tests/misc/tee
===================================================
===================================================
Result: /tests/misc/tee [[32mPASS[0m] (Exit 0)
===================================================
Executing: misc/tee-dash
Sandbox Path: /tests/misc/tee-dash
===================================================
/bin/ls: cannot access /snap/bin/.: No such file or directory
/bin/ls: cannot access /snap/bin/.: No such file or directory
===================================================
Result: /tests/misc/tee-dash [[32mPASS[0m] (Exit 0)
===================================================
Executing: misc/test
Sandbox Path: /tests/misc/test
===================================================
Use of uninitialized value $fname in pattern match (m//) at //lib/perl5/5.40.4/File/Temp.pm line 964.
Can't exec "getlimits": Operation not permitted at /tests/Coreutils.pm line 210.
Error running getlimits
Can't stat /tmp/test.tmp-dHgw: No such file or directory
 at /tests/CuTmpdir.pm line 54.
Use of uninitialized value $abs in string eq at //lib/perl5/5.40.4/File/Temp.pm line 916.
Use of uninitialized value $cwd in string eq at //lib/perl5/5.40.4/File/Temp.pm line 916.
No root path(s) specified
 at //lib/perl5/5.40.4/File/Temp.pm line 932.
===================================================
Result: [[31mFAIL[0m] (Exit 1)
===================================================
Executing: misc/test-diag
Sandbox Path: /tests/misc/test-diag
===================================================
Use of uninitialized value $fname in pattern match (m//) at //lib/perl5/5.40.4/File/Temp.pm line 964.
test-diag: test o failed: exit status mismatch:  expected 2, got 126
Can't stat /tmp/test-diag.tmp-mMwk: No such file or directory
 at /tests/CuTmpdir.pm line 54.
Use of uninitialized value $abs in string eq at //lib/perl5/5.40.4/File/Temp.pm line 916.
Use of uninitialized value $cwd in string eq at //lib/perl5/5.40.4/File/Temp.pm line 916.
No root path(s) specified
 at //lib/perl5/5.40.4/File/Temp.pm line 932.
===================================================
Result: [[31mFAIL[0m] (Exit 1)
===================================================
Executing: misc/timeout
Sandbox Path: /tests/misc/timeout
===================================================
Try `/bin/timeout --help' for more information.
Try `/bin/timeout --help' for more information.
Try `/bin/timeout --help' for more information.
Try `/bin/timeout --help' for more information.
Try `/bin/timeout --help' for more information.
Try `/bin/timeout --help' for more information.
Try `/bin/timeout --help' for more information.
===================================================
Result: [[31mFAIL[0m] (Exit 1)
===================================================
Executing: misc/timeout-parameters
Sandbox Path: /tests/misc/timeout-parameters
===================================================
/tests/misc/timeout-parameters: Error running getlimits
===================================================
Result: [[31mFAIL[0m] (Exit 1)
===================================================
Executing: misc/tr
Sandbox Path: /tests/misc/tr
===================================================
Use of uninitialized value $fname in pattern match (m//) at //lib/perl5/5.40.4/File/Temp.pm line 964.
tr: cannot unlink 1.r.E.orig: No such file or directory
tr: cannot unlink 1.p.E.orig: No such file or directory
tr: cannot unlink 2.r.E.orig: No such file or directory
tr: cannot unlink 2.p.E.orig: No such file or directory
tr: cannot unlink 3.r.E.orig: No such file or directory
tr: cannot unlink 3.p.E.orig: No such file or directory
tr: cannot unlink 4.r.E.orig: No such file or directory
tr: cannot unlink 4.p.E.orig: No such file or directory
tr: cannot unlink 5.r.E.orig: No such file or directory
tr: cannot unlink 5.p.E.orig: No such file or directory
tr: cannot unlink 6.r.E.orig: No such file or directory
tr: cannot unlink 6.p.E.orig: No such file or directory
tr: cannot unlink 7.r.E.orig: No such file or directory
tr: cannot unlink 7.p.E.orig: No such file or directory
tr: cannot unlink 8.r.E.orig: No such file or directory
tr: cannot unlink 8.p.E.orig: No such file or directory
tr: cannot unlink 9.r.E.orig: No such file or directory
tr: cannot unlink 9.p.E.orig: No such file or directory
tr: cannot unlink a.r.E.orig: No such file or directory
tr: cannot unlink a.p.E.orig: No such file or directory
tr: cannot unlink b.r.E.orig: No such file or directory
tr: cannot unlink b.p.E.orig: No such file or directory
tr: cannot unlink c.r.E.orig: No such file or directory
tr: cannot unlink c.p.E.orig: No such file or directory
tr: cannot unlink d.r.E.orig: No such file or directory
tr: cannot unlink d.p.E.orig: No such file or directory
tr: cannot unlink e.r.E.orig: No such file or directory
tr: cannot unlink e.p.E.orig: No such file or directory
tr: cannot unlink f.r.E.orig: No such file or directory
tr: cannot unlink f.p.E.orig: No such file or directory
tr: cannot unlink g.r.E.orig: No such file or directory
tr: cannot unlink g.p.E.orig: No such file or directory
tr: cannot unlink h.r.E.orig: No such file or directory
tr: cannot unlink h.p.E.orig: No such file or directory
tr: cannot unlink i.r.E.orig: No such file or directory
tr: cannot unlink i.p.E.orig: No such file or directory
tr: cannot unlink j.r.E.orig: No such file or directory
tr: cannot unlink j.p.E.orig: No such file or directory
tr: cannot unlink k.r.E.orig: No such file or directory
tr: cannot unlink k.p.E.orig: No such file or directory
tr: cannot unlink l.r.E.orig: No such file or directory
tr: cannot unlink l.p.E.orig: No such file or directory
tr: cannot unlink m.r.E.orig: No such file or directory
tr: cannot unlink m.p.E.orig: No such file or directory
tr: cannot unlink n.r.E.orig: No such file or directory
tr: cannot unlink n.p.E.orig: No such file or directory
tr: cannot unlink o.r.E.orig: No such file or directory
tr: cannot unlink o.p.E.orig: No such file or directory
tr: cannot unlink p.r.E.orig: No such file or directory
tr: cannot unlink p.p.E.orig: No such file or directory
tr: cannot unlink q.r.E.orig: No such file or directory
tr: cannot unlink q.p.E.orig: No such file or directory
tr: cannot unlink r.r.E.orig: No such file or directory
tr: cannot unlink r.p.E.orig: No such file or directory
tr: cannot unlink s.r.E.orig: No such file or directory
tr: cannot unlink s.p.E.orig: No such file or directory
tr: cannot unlink t.r.E.orig: No such file or directory
tr: cannot unlink t.p.E.orig: No such file or directory
tr: cannot unlink u.r.E.orig: No such file or directory
tr: cannot unlink u.p.E.orig: No such file or directory
tr: cannot unlink v.r.E.orig: No such file or directory
tr: cannot unlink v.p.E.orig: No such file or directory
tr: cannot unlink w.r.E.orig: No such file or directory
tr: cannot unlink w.p.E.orig: No such file or directory
tr: cannot unlink x.r.E.orig: No such file or directory
tr: cannot unlink x.p.E.orig: No such file or directory
tr: cannot unlink y.r.E.orig: No such file or directory
tr: cannot unlink y.p.E.orig: No such file or directory
tr: cannot unlink z.r.E.orig: No such file or directory
tr: cannot unlink z.p.E.orig: No such file or directory
tr: cannot unlink range-a-a.r.E.orig: No such file or directory
tr: cannot unlink range-a-a.p.E.orig: No such file or directory
tr: cannot unlink null.r.E.orig: No such file or directory
tr: cannot unlink null.p.E.orig: No such file or directory
tr: cannot unlink upcase.r.E.orig: No such file or directory
tr: cannot unlink upcase.p.E.orig: No such file or directory
tr: cannot unlink dncase.r.E.orig: No such file or directory
tr: cannot unlink dncase.p.E.orig: No such file or directory
tr: cannot unlink rep-cclass.r.E.orig: No such file or directory
tr: cannot unlink rep-cclass.p.E.orig: No such file or directory
tr: cannot unlink rep-1.r.E.orig: No such file or directory
tr: cannot unlink rep-1.p.E.orig: No such file or directory
tr: cannot unlink rep-2.r.E.orig: No such file or directory
tr: cannot unlink rep-2.p.E.orig: No such file or directory
tr: cannot unlink rep-3.r.E.orig: No such file or directory
tr: cannot unlink rep-3.p.E.orig: No such file or directory
tr: cannot unlink o-rep-1.r.E.orig: No such file or directory
tr: cannot unlink o-rep-1.p.E.orig: No such file or directory
tr: cannot unlink o-rep-2.r.E.orig: No such file or directory
tr: cannot unlink o-rep-2.p.E.orig: No such file or directory
tr: cannot unlink esc.r.E.orig: No such file or directory
tr: cannot unlink esc.p.E.orig: No such file or directory
tr: cannot unlink bs-055.r.E.orig: No such file or directory
tr: cannot unlink bs-055.p.E.orig: No such file or directory
tr: cannot unlink bs-at-end.r.E.orig: No such file or directory
tr: cannot unlink bs-at-end.p.E.orig: No such file or directory
tr: cannot unlink ross-0a.r.E.orig: No such file or directory
tr: cannot unlink ross-0a.p.E.orig: No such file or directory
tr: cannot unlink ross-0b.r.E.orig: No such file or directory
tr: cannot unlink ross-0b.p.E.orig: No such file or directory
tr: cannot unlink ross-1a.r.E.orig: No such file or directory
tr: cannot unlink ross-1a.p.E.orig: No such file or directory
tr: cannot unlink ross-1b.r.E.orig: No such file or directory
tr: cannot unlink ross-1b.p.E.orig: No such file or directory
tr: cannot unlink ross-2.r.E.orig: No such file or directory
tr: cannot unlink ross-2.p.E.orig: No such file or directory
tr: cannot unlink ross-3.r.E.orig: No such file or directory
tr: cannot unlink ross-3.p.E.orig: No such file or directory
tr: cannot unlink ross-4.r.E.orig: No such file or directory
tr: cannot unlink ross-4.p.E.orig: No such file or directory
tr: cannot unlink ross-5.r.E.orig: No such file or directory
tr: cannot unlink ross-5.p.E.orig: No such file or directory
tr: cannot unlink ross-6.r.E.orig: No such file or directory
tr: cannot unlink ross-6.p.E.orig: No such file or directory
tr: cannot unlink empty-eq.r.E.orig: No such file or directory
tr: cannot unlink empty-eq.p.E.orig: No such file or directory
tr: cannot unlink empty-cc.r.E.orig: No such file or directory
tr: cannot unlink empty-cc.p.E.orig: No such file or directory
tr: cannot unlink repeat-bs-9.r.E.orig: No such file or directory
tr: cannot unlink repeat-bs-9.p.E.orig: No such file or directory
tr: cannot unlink repeat-0.r.E.orig: No such file or directory
tr: cannot unlink repeat-0.p.E.orig: No such file or directory
tr: cannot unlink repeat-zeros.r.E.orig: No such file or directory
tr: cannot unlink repeat-zeros.p.E.orig: No such file or directory
tr: cannot unlink repeat-compl.r.E.orig: No such file or directory
tr: cannot unlink repeat-compl.p.E.orig: No such file or directory
tr: cannot unlink repeat-xC.r.E.orig: No such file or directory
tr: cannot unlink repeat-xC.p.E.orig: No such file or directory
tr: cannot unlink fowler-1.r.E.orig: No such file or directory
tr: cannot unlink fowler-1.p.E.orig: No such file or directory
tr: cannot unlink no-abort-1.r.E.orig: No such file or directory
tr: cannot unlink no-abort-1.p.E.orig: No such file or directory
tr: cannot unlink s1-lower.r.E.orig: No such file or directory
tr: cannot unlink s1-lower.p.E.orig: No such file or directory
tr: cannot unlink s1-upper.r.E.orig: No such file or directory
tr: cannot unlink s1-upper.p.E.orig: No such file or directory
tr: cannot unlink tolower-F.r.E.orig: No such file or directory
tr: cannot unlink tolower-F.p.E.orig: No such file or directory
tr: cannot unlink upcase-xtra.r.E.orig: No such file or directory
tr: cannot unlink upcase-xtra.p.E.orig: No such file or directory
tr: cannot unlink dncase-xtra.r.E.orig: No such file or directory
tr: cannot unlink dncase-xtra.p.E.orig: No such file or directory
Can't stat /tmp/tr.tmp-RcpZ: No such file or directory
 at /tests/CuTmpdir.pm line 54.
Use of uninitialized value $abs in string eq at //lib/perl5/5.40.4/File/Temp.pm line 916.
Use of uninitialized value $cwd in string eq at //lib/perl5/5.40.4/File/Temp.pm line 916.
No root path(s) specified
 at //lib/perl5/5.40.4/File/Temp.pm line 932.
===================================================
Result: [[31mFAIL[0m] (Exit 1)
===================================================
Executing: misc/truncate-dangling-symlink
Sandbox Path: /tests/misc/truncate-dangling-symlink
===================================================
===================================================
Result: [[31mFAIL[0m] (Exit 1)
===================================================
Executing: misc/truncate-dir-fail
Sandbox Path: /tests/misc/truncate-dir-fail
===================================================
/bin/truncate: cannot open `.' for writing: Is a directory
===================================================
Result: /tests/misc/truncate-dir-fail [[32mPASS[0m] (Exit 0)
===================================================
Executing: misc/truncate-fail-diag
Sandbox Path: /tests/misc/truncate-fail-diag
===================================================
tests/test-lib.sh: line 53: 9: Bad file descriptor
/tests/misc/truncate-fail-diag: skipping test: must be run as non-root
===================================================
Result: /tests/misc/truncate-fail-diag [[33mSKIP[0m] (Exit 77)
===================================================
Executing: misc/truncate-fifo
Sandbox Path: /tests/misc/truncate-fifo
===================================================
/bin/mkfifo: cannot create fifo `fifo': Function not implemented
tests/test-lib.sh: line 53: 9: Bad file descriptor
/tests/misc/truncate-fifo: skipping test: NOTICE: unable to create test prerequisites
===================================================
Result: /tests/misc/truncate-fifo [[33mSKIP[0m] (Exit 77)
===================================================
Executing: misc/truncate-no-create-missing
Sandbox Path: /tests/misc/truncate-no-create-missing
===================================================
===================================================
Result: /tests/misc/truncate-no-create-missing [[32mPASS[0m] (Exit 0)
===================================================
Executing: misc/truncate-overflow
Sandbox Path: /tests/misc/truncate-overflow
===================================================
/tests/misc/truncate-overflow: Error running getlimits
===================================================
Result: [[31mFAIL[0m] (Exit 1)
===================================================
Executing: misc/truncate-owned-by-other
Sandbox Path: /tests/misc/truncate-owned-by-other
===================================================
/bin/setuidgid: failed to set supplemental group(s)
===================================================
Result: [[31mFAIL[0m] (Exit 1)
===================================================
Executing: misc/truncate-parameters
Sandbox Path: /tests/misc/truncate-parameters
===================================================
/bin/truncate: missing file operand
Try `/bin/truncate --help' for more information.
/bin/truncate: you must specify one of `--size' or `--reference'
Try `/bin/truncate --help' for more information.
/bin/truncate: you must specify one of `--size' or `--reference'
Try `/bin/truncate --help' for more information.
/bin/truncate: `--io-blocks' was specified but `--size' was not
Try `/bin/truncate --help' for more information.
/bin/truncate: invalid number `invalid'
/bin/truncate: multiple relative modifiers specified
Try `/bin/truncate --help' for more information.
===================================================
Result: /tests/misc/truncate-parameters [[32mPASS[0m] (Exit 0)
===================================================
Executing: misc/truncate-relative
Sandbox Path: /tests/misc/truncate-relative
===================================================
/bin/truncate: invalid number `+>0'
/bin/truncate: multiple relative modifiers specified
Try `/bin/truncate --help' for more information.
/bin/truncate: division by zero
/bin/truncate: division by zero
===================================================
Result: /tests/misc/truncate-relative [[32mPASS[0m] (Exit 0)
===================================================
Executing: misc/tsort
Sandbox Path: /tests/misc/tsort
===================================================
Use of uninitialized value $fname in pattern match (m//) at //lib/perl5/5.40.4/File/Temp.pm line 964.
tsort: cannot unlink cycle-1.E.orig: No such file or directory
tsort: cannot unlink cycle-2.E.orig: No such file or directory
tsort: cannot unlink posix-1.E.orig: No such file or directory
tsort: cannot unlink posix-2.E.orig: No such file or directory
tsort: cannot unlink linear-1.E.orig: No such file or directory
tsort: cannot unlink tree-1.E.orig: No such file or directory
tsort: cannot unlink tree-2.E.orig: No such file or directory
tsort: cannot unlink odd.E.orig: No such file or directory
tsort: cannot unlink only-one.E.orig: No such file or directory
Can't stat /tmp/tsort.tmp-lM5t: No such file or directory
 at /tests/CuTmpdir.pm line 54.
Use of uninitialized value $abs in string eq at //lib/perl5/5.40.4/File/Temp.pm line 916.
Use of uninitialized value $cwd in string eq at //lib/perl5/5.40.4/File/Temp.pm line 916.
No root path(s) specified
 at //lib/perl5/5.40.4/File/Temp.pm line 932.
===================================================
Result: [[31mFAIL[0m] (Exit 1)
===================================================
Executing: misc/tty-eof
Sandbox Path: /tests/misc/tty-eof
===================================================
Use of uninitialized value $fname in pattern match (m//) at //lib/perl5/5.40.4/File/Temp.pm line 964.
tty-eof: this script requires Perl's Expect package >=1.11
Can't stat /tmp/tty-eof.tmp-A1rF: No such file or directory
 at /tests/CuTmpdir.pm line 54.
Use of uninitialized value $abs in string eq at //lib/perl5/5.40.4/File/Temp.pm line 916.
Use of uninitialized value $cwd in string eq at //lib/perl5/5.40.4/File/Temp.pm line 916.
No root path(s) specified
 at //lib/perl5/5.40.4/File/Temp.pm line 932.
===================================================
Result: /tests/misc/tty-eof [[33mSKIP[0m] (Exit 77)
Test misc/unexpand is in the skip list. Skipping...
===================================================
Executing: misc/uniq
Sandbox Path: /tests/misc/uniq
===================================================
Use of uninitialized value $fname in pattern match (m//) at //lib/perl5/5.40.4/File/Temp.pm line 964.
Can't exec "getlimits": Operation not permitted at /tests/Coreutils.pm line 210.
Error running getlimits
Can't stat /tmp/uniq.tmp-UJjf: No such file or directory
 at /tests/CuTmpdir.pm line 54.
Use of uninitialized value $abs in string eq at //lib/perl5/5.40.4/File/Temp.pm line 916.
Use of uninitialized value $cwd in string eq at //lib/perl5/5.40.4/File/Temp.pm line 916.
No root path(s) specified
 at //lib/perl5/5.40.4/File/Temp.pm line 932.
===================================================
Result: [[31mFAIL[0m] (Exit 1)
===================================================
Executing: misc/wc
Sandbox Path: /tests/misc/wc
===================================================
Use of uninitialized value $fname in pattern match (m//) at //lib/perl5/5.40.4/File/Temp.pm line 964.
wc: cannot unlink a0.E.orig: No such file or directory
wc: cannot unlink a1.E.orig: No such file or directory
wc: cannot unlink a2.E.orig: No such file or directory
wc: cannot unlink a3.E.orig: No such file or directory
wc: cannot unlink a4.E.orig: No such file or directory
wc: cannot unlink a5.E.orig: No such file or directory
wc: cannot unlink a6.E.orig: No such file or directory
wc: cannot unlink a7.E.orig: No such file or directory
wc: cannot unlink a8.E.orig: No such file or directory
wc: cannot unlink a9.E.orig: No such file or directory
wc: cannot unlink b0.E.orig: No such file or directory
wc: cannot unlink b1.E.orig: No such file or directory
wc: cannot unlink c0.E.orig: No such file or directory
wc: cannot unlink c1.E.orig: No such file or directory
wc: cannot unlink c2.E.orig: No such file or directory
Can't stat /tmp/wc.tmp-mu3G: No such file or directory
 at /tests/CuTmpdir.pm line 54.
Use of uninitialized value $abs in string eq at //lib/perl5/5.40.4/File/Temp.pm line 916.
Use of uninitialized value $cwd in string eq at //lib/perl5/5.40.4/File/Temp.pm line 916.
No root path(s) specified
 at //lib/perl5/5.40.4/File/Temp.pm line 932.
===================================================
Result: [[31mFAIL[0m] (Exit 1)
===================================================
Executing: misc/wc-files0
Sandbox Path: /tests/misc/wc-files0
===================================================
--- /tmp/_lind_cmp_a.3	1970-01-01 00:00:00.000000000 +0000
+++ /tmp/_lind_cmp_b.3	1970-01-01 00:00:00.000000000 +0000
@@ -1,3 +1,3 @@
-1 1 2 2b
-1 2 8 2w
-2 3 10 total
+ 1  1  2 2b
+ 1  2  8 2w
+ 2  3 10 total
===================================================
Result: [[31mFAIL[0m] (Exit 1)
Test misc/wc-files0-from is in the skip list. Skipping...
===================================================
Executing: misc/wc-parallel
Sandbox Path: /tests/misc/wc-parallel
===================================================
/tests/misc/wc-parallel: line 28: xargs: command not found
/tests/misc/wc-parallel: line 33: find: command not found
/tests/misc/wc-parallel: line 33: xargs: command not found
===================================================
Result: /tests/misc/wc-parallel [[32mPASS[0m] (Exit 0)
===================================================
Executing: misc/xattr
Sandbox Path: /tests/misc/xattr
===================================================
/bin/cp: cannot preserve extended attributes, cp is built without xattr support
tests/test-lib.sh: line 53: 9: Bad file descriptor
/tests/misc/xattr: skipping test: coreutils built without xattr support
===================================================
Result: /tests/misc/xattr [[33mSKIP[0m] (Exit 77)
===================================================
Executing: misc/xstrtol
Sandbox Path: /tests/misc/xstrtol
===================================================
Use of uninitialized value $fname in pattern match (m//) at //lib/perl5/5.40.4/File/Temp.pm line 964.
xstrtol: cannot unlink inval-suffix.E.orig: No such file or directory
xstrtol: cannot unlink too-big.E.orig: No such file or directory
xstrtol: cannot unlink simply-inval.E.orig: No such file or directory
xstrtol: cannot unlink inv-pg-range.E.orig: No such file or directory
Can't stat /tmp/xstrtol.tmp-6Mv6: No such file or directory
 at /tests/CuTmpdir.pm line 54.
Use of uninitialized value $abs in string eq at //lib/perl5/5.40.4/File/Temp.pm line 916.
Use of uninitialized value $cwd in string eq at //lib/perl5/5.40.4/File/Temp.pm line 916.
No root path(s) specified
 at //lib/perl5/5.40.4/File/Temp.pm line 932.
===================================================
Result: [[31mFAIL[0m] (Exit 1)
===================================================
Executing: mkdir/p-1
Sandbox Path: /tests/mkdir/p-1
===================================================
===================================================
Result: /tests/mkdir/p-1 [[32mPASS[0m] (Exit 0)
===================================================
Executing: mkdir/p-2
Sandbox Path: /tests/mkdir/p-2
===================================================
===================================================
Result: /tests/mkdir/p-2 [[32mPASS[0m] (Exit 0)
===================================================
Executing: mkdir/p-3
Sandbox Path: /tests/mkdir/p-3
===================================================
tests/test-lib.sh: line 53: 9: Bad file descriptor
/tests/mkdir/p-3: skipping test: must be run as non-root
===================================================
Result: /tests/mkdir/p-3 [[33mSKIP[0m] (Exit 77)
===================================================
Executing: mkdir/p-slashdot
Sandbox Path: /tests/mkdir/p-slashdot
===================================================
===================================================
Result: /tests/mkdir/p-slashdot [[32mPASS[0m] (Exit 0)
===================================================
Executing: mkdir/p-thru-slink
Sandbox Path: /tests/mkdir/p-thru-slink
===================================================
/bin/ln: creating symbolic link `slink': File exists
/tests/mkdir/p-thru-slink: failure in testing framework
===================================================
Result: [[31mFAIL[0m] (Exit 1)
===================================================
Executing: mkdir/p-v
Sandbox Path: /tests/mkdir/p-v
===================================================
1,5c1,5
< mkdir: created directory `foo'
< mkdir: created directory `foo/a'
< mkdir: created directory `foo/a/b'
< mkdir: created directory `foo/a/b/c'
< mkdir: created directory `foo/a/b/c/d'
---
> /bin/mkdir: created directory `foo'
> /bin/mkdir: created directory `foo/a'
> /bin/mkdir: created directory `foo/a/b'
> /bin/mkdir: created directory `foo/a/b/c'
> /bin/mkdir: created directory `foo/a/b/c/d'
===================================================
Result: /tests/mkdir/p-v [[32mPASS[0m] (Exit 0)
===================================================
Executing: mkdir/parents
Sandbox Path: /tests/mkdir/parents
===================================================
tests/test-lib.sh: line 53: 9: Bad file descriptor
/tests/mkdir/parents: skipping test: this directory has the setgid bit set
===================================================
Result: /tests/mkdir/parents [[33mSKIP[0m] (Exit 77)
===================================================
Executing: mkdir/perm
Sandbox Path: /tests/mkdir/perm
===================================================
tests/test-lib.sh: line 53: 9: Bad file descriptor
/tests/mkdir/perm: skipping test: this directory has the setgid bit set
===================================================
Result: /tests/mkdir/perm [[33mSKIP[0m] (Exit 77)
===================================================
Executing: mkdir/selinux
Sandbox Path: /tests/mkdir/selinux
===================================================
tests/test-lib.sh: line 78: getenforce: command not found
tests/test-lib.sh: line 53: 9: Bad file descriptor
/tests/mkdir/selinux: skipping test: This test is useful only with SELinux in Enforcing mode.
===================================================
Result: /tests/mkdir/selinux [[33mSKIP[0m] (Exit 77)
===================================================
Executing: mkdir/special-1
Sandbox Path: /tests/mkdir/special-1
===================================================
===================================================
Result: [[31mFAIL[0m] (Exit 1)
===================================================
Executing: mkdir/t-slash
Sandbox Path: /tests/mkdir/t-slash
===================================================
===================================================
Result: /tests/mkdir/t-slash [[32mPASS[0m] (Exit 0)
===================================================
Executing: mkdir/writable-under-readonly
Sandbox Path: /tests/mkdir/writable-under-readonly
===================================================
tests/test-lib.sh: line 53: 9: Bad file descriptor
/tests/mkdir/writable-under-readonly: skipping test: temporarily disabled
===================================================
Result: /tests/mkdir/writable-under-readonly [[33mSKIP[0m] (Exit 77)
===================================================
Executing: mv/acl
Sandbox Path: /tests/mv/acl
===================================================
tests/test-lib.sh: line 53: 9: Bad file descriptor
/tests/mv/acl: skipping test: This test requires getfacl and setfacl.
===================================================
Result: /tests/mv/acl [[33mSKIP[0m] (Exit 77)
===================================================
Executing: mv/atomic
Sandbox Path: /tests/mv/atomic
===================================================
tests/test-lib.sh: line 53: 9: Bad file descriptor
/tests/mv/atomic: skipping test: no strace program
===================================================
Result: /tests/mv/atomic [[33mSKIP[0m] (Exit 77)
===================================================
Executing: mv/atomic2
Sandbox Path: /tests/mv/atomic2
===================================================
tests/test-lib.sh: line 53: 9: Bad file descriptor
/tests/mv/atomic2: skipping test: no strace program
===================================================
Result: /tests/mv/atomic2 [[33mSKIP[0m] (Exit 77)
===================================================
Executing: mv/backup-dir
Sandbox Path: /tests/mv/backup-dir
===================================================
===================================================
Result: /tests/mv/backup-dir [[32mPASS[0m] (Exit 0)
===================================================
Executing: mv/backup-is-src
Sandbox Path: /tests/mv/backup-is-src
===================================================
tests/test-lib.sh: line 53: 9: Bad file descriptor
/tests/mv/backup-is-src: skipping test: requires a writable directory on a different disk partition,
and I couldn't find one.  I tried these:
   /tmp /dev/shm /var/tmp /usr/tmp 
Set your environment variable CANDIDATE_TMP_DIRS to make
this test use a different list.
/bin/rm: it is dangerous to operate recursively on `' (same as `/')
/bin/rm: use --no-preserve-root to override this failsafe
===================================================
Result: /tests/mv/backup-is-src [[33mSKIP[0m] (Exit 77)
===================================================
Executing: mv/childproof
Sandbox Path: /tests/mv/childproof
===================================================
tests/test-lib.sh: line 53: 9: Bad file descriptor
/tests/mv/childproof: skipping test: must be run as non-root
===================================================
Result: /tests/mv/childproof [[33mSKIP[0m] (Exit 77)
===================================================
Executing: mv/diag
Sandbox Path: /tests/mv/diag
===================================================
===================================================
Result: /tests/mv/diag [[32mPASS[0m] (Exit 0)
===================================================
Executing: mv/dir-file
Sandbox Path: /tests/mv/dir-file
===================================================
===================================================
Result: /tests/mv/dir-file [[32mPASS[0m] (Exit 0)
===================================================
Executing: mv/dir2dir
Sandbox Path: /tests/mv/dir2dir
===================================================
--- /tmp/_lind_cmp_a.3	1970-01-01 00:00:00.000000000 +0000
+++ /tmp/_lind_cmp_b.3	1970-01-01 00:00:00.000000000 +0000
@@ -1 +1 @@
-mv: cannot move `b/t' to `a/t': Cannot allocate memory
+mv: cannot move `b/t' to `a/t': Directory not empty
===================================================
Result: [[31mFAIL[0m] (Exit 1)
===================================================
Executing: mv/dup-source
Sandbox Path: /tests/mv/dup-source
===================================================
tests/test-lib.sh: line 53: 9: Bad file descriptor
/tests/mv/dup-source: skipping test: must be run as non-root
===================================================
Result: /tests/mv/dup-source [[33mSKIP[0m] (Exit 77)
===================================================
Executing: mv/force
Sandbox Path: /tests/mv/force
===================================================
/bin/ln: creating hard link `mvforce2' => `mvforce': Function not implemented
/tests/mv/force: failure in testing framework
===================================================
Result: [[31mFAIL[0m] (Exit 1)
===================================================
Executing: mv/hard-2
Sandbox Path: /tests/mv/hard-2
===================================================
tests/test-lib.sh: line 53: 9: Bad file descriptor
/tests/mv/hard-2: skipping test: must be run as non-root
===================================================
Result: /tests/mv/hard-2 [[33mSKIP[0m] (Exit 77)
===================================================
Executing: mv/hard-3
Sandbox Path: /tests/mv/hard-3
===================================================
tests/test-lib.sh: line 53: 9: Bad file descriptor
/tests/mv/hard-3: skipping test: must be run as non-root
===================================================
Result: /tests/mv/hard-3 [[33mSKIP[0m] (Exit 77)
===================================================
Executing: mv/hard-4
Sandbox Path: /tests/mv/hard-4
===================================================
/bin/ln: creating hard link `b' => `a': Function not implemented
/tests/mv/hard-4: failure in testing framework
===================================================
Result: [[31mFAIL[0m] (Exit 1)
===================================================
Executing: mv/hard-link-1
Sandbox Path: /tests/mv/hard-link-1
===================================================
tests/test-lib.sh: line 53: 9: Bad file descriptor
/tests/mv/hard-link-1: skipping test: requires a writable directory on a different disk partition,
and I couldn't find one.  I tried these:
   /tmp /dev/shm /var/tmp /usr/tmp 
Set your environment variable CANDIDATE_TMP_DIRS to make
this test use a different list.
/bin/rm: it is dangerous to operate recursively on `' (same as `/')
/bin/rm: use --no-preserve-root to override this failsafe
===================================================
Result: /tests/mv/hard-link-1 [[33mSKIP[0m] (Exit 77)
===================================================
Executing: mv/hard-verbose
Sandbox Path: /tests/mv/hard-verbose
===================================================
/bin/ln: creating hard link `y' => `x': Function not implemented
/tests/mv/hard-verbose: failure in testing framework
===================================================
Result: [[31mFAIL[0m] (Exit 1)
===================================================
Executing: mv/i-1
Sandbox Path: /tests/mv/i-1
===================================================
Use of uninitialized value $fname in pattern match (m//) at //lib/perl5/5.40.4/File/Temp.pm line 964.
i-1: cannot unlink a.E.orig: No such file or directory
Can't stat /tmp/i-1.tmp-TN_S: No such file or directory
 at /tests/CuTmpdir.pm line 54.
Use of uninitialized value $abs in string eq at //lib/perl5/5.40.4/File/Temp.pm line 916.
Use of uninitialized value $cwd in string eq at //lib/perl5/5.40.4/File/Temp.pm line 916.
No root path(s) specified
 at //lib/perl5/5.40.4/File/Temp.pm line 932.
===================================================
Result: [[31mFAIL[0m] (Exit 1)
===================================================
Executing: mv/i-2
Sandbox Path: /tests/mv/i-2
===================================================
tests/test-lib.sh: line 53: 9: Bad file descriptor
/tests/mv/i-2: skipping test: must be run as non-root
===================================================
Result: /tests/mv/i-2 [[33mSKIP[0m] (Exit 77)
===================================================
Executing: mv/i-3
Sandbox Path: /tests/mv/i-3
===================================================
tests/test-lib.sh: line 53: 9: Bad file descriptor
/tests/mv/i-3: skipping test: requires controlling input terminal
This test must have a controlling input "terminal", so it may not be
run via "batch", "at", or "ssh".  On some systems, it may not even be
run in the background.
===================================================
Result: /tests/mv/i-3 [[33mSKIP[0m] (Exit 77)
===================================================
Executing: mv/i-4
Sandbox Path: /tests/mv/i-4
===================================================
/bin/ln: creating hard link `b' => `a': Function not implemented
===================================================
Result: [[31mFAIL[0m] (Exit 1)
===================================================
Executing: mv/i-5
Sandbox Path: /tests/mv/i-5
===================================================
===================================================
Result: /tests/mv/i-5 [[32mPASS[0m] (Exit 0)
===================================================
Executing: mv/i-link-no
Sandbox Path: /tests/mv/i-link-no
===================================================
/bin/ln: creating hard link `a/bar' => `a/foo': Function not implemented
/tests/mv/i-link-no: failure in testing framework
===================================================
Result: [[31mFAIL[0m] (Exit 1)
===================================================
Executing: mv/into-self
Sandbox Path: /tests/mv/into-self
===================================================
===================================================
Result: /tests/mv/into-self [[32mPASS[0m] (Exit 0)
===================================================
Executing: mv/into-self-2
Sandbox Path: /tests/mv/into-self-2
===================================================
tests/test-lib.sh: line 53: 9: Bad file descriptor
/tests/mv/into-self-2: skipping test: requires a writable directory on a different disk partition,
and I couldn't find one.  I tried these:
   /tmp /dev/shm /var/tmp /usr/tmp 
Set your environment variable CANDIDATE_TMP_DIRS to make
this test use a different list.
/bin/rm: it is dangerous to operate recursively on `' (same as `/')
/bin/rm: use --no-preserve-root to override this failsafe
===================================================
Result: /tests/mv/into-self-2 [[33mSKIP[0m] (Exit 77)
===================================================
Executing: mv/into-self-3
Sandbox Path: /tests/mv/into-self-3
===================================================
===================================================
Result: /tests/mv/into-self-3 [[32mPASS[0m] (Exit 0)
===================================================
Executing: mv/into-self-4
Sandbox Path: /tests/mv/into-self-4
===================================================
/bin/ln: creating symbolic link `s': File exists
/tests/mv/into-self-4: failure in testing framework
===================================================
Result: [[31mFAIL[0m] (Exit 1)
===================================================
Executing: mv/leak-fd
Sandbox Path: /tests/mv/leak-fd
===================================================
tests/test-lib.sh: line 53: 9: Bad file descriptor
/tests/mv/leak-fd: skipping test: must be run as non-root
===================================================
Result: /tests/mv/leak-fd [[33mSKIP[0m] (Exit 77)
===================================================
Executing: mv/mv-n
Sandbox Path: /tests/mv/mv-n
===================================================
===================================================
Result: /tests/mv/mv-n [[32mPASS[0m] (Exit 0)
===================================================
Executing: mv/mv-special-1
Sandbox Path: /tests/mv/mv-special-1
===================================================
tests/test-lib.sh: line 53: 9: Bad file descriptor
/tests/mv/mv-special-1: skipping test: requires a writable directory on a different disk partition,
and I couldn't find one.  I tried these:
   /tmp /dev/shm /var/tmp /usr/tmp 
Set your environment variable CANDIDATE_TMP_DIRS to make
this test use a different list.
/bin/rm: it is dangerous to operate recursively on `' (same as `/')
/bin/rm: use --no-preserve-root to override this failsafe
===================================================
Result: /tests/mv/mv-special-1 [[33mSKIP[0m] (Exit 77)
===================================================
Executing: mv/no-target-dir
Sandbox Path: /tests/mv/no-target-dir
===================================================
/bin/mv: cannot move `a' to `b/a': Cannot allocate memory
tests/test-lib.sh: line 53: 9: Bad file descriptor
/tests/mv/no-target-dir: skipping test: your kernel's rename syscall is buggy
===================================================
Result: /tests/mv/no-target-dir [[33mSKIP[0m] (Exit 77)
===================================================
Executing: mv/part-fail
Sandbox Path: /tests/mv/part-fail
===================================================
tests/test-lib.sh: line 53: 9: Bad file descriptor
/tests/mv/part-fail: skipping test: must be run as non-root
===================================================
Result: /tests/mv/part-fail [[33mSKIP[0m] (Exit 77)
===================================================
Executing: mv/part-hardlink
Sandbox Path: /tests/mv/part-hardlink
===================================================
tests/test-lib.sh: line 53: 9: Bad file descriptor
/tests/mv/part-hardlink: skipping test: requires a writable directory on a different disk partition,
and I couldn't find one.  I tried these:
   /tmp /dev/shm /var/tmp /usr/tmp 
Set your environment variable CANDIDATE_TMP_DIRS to make
this test use a different list.
/bin/rm: it is dangerous to operate recursively on `' (same as `/')
/bin/rm: use --no-preserve-root to override this failsafe
===================================================
Result: /tests/mv/part-hardlink [[33mSKIP[0m] (Exit 77)
===================================================
Executing: mv/part-rename
Sandbox Path: /tests/mv/part-rename
===================================================
tests/test-lib.sh: line 53: 9: Bad file descriptor
/tests/mv/part-rename: skipping test: requires a writable directory on a different disk partition,
and I couldn't find one.  I tried these:
   /tmp /dev/shm /var/tmp /usr/tmp 
Set your environment variable CANDIDATE_TMP_DIRS to make
this test use a different list.
/bin/rm: it is dangerous to operate recursively on `' (same as `/')
/bin/rm: use --no-preserve-root to override this failsafe
===================================================
Result: /tests/mv/part-rename [[33mSKIP[0m] (Exit 77)
===================================================
Executing: mv/part-symlink
Sandbox Path: /tests/mv/part-symlink
===================================================
tests/test-lib.sh: line 53: 9: Bad file descriptor
/tests/mv/part-symlink: skipping test: requires a writable directory on a different disk partition,
and I couldn't find one.  I tried these:
   /tmp /dev/shm /var/tmp /usr/tmp 
Set your environment variable CANDIDATE_TMP_DIRS to make
this test use a different list.
/bin/rm: it is dangerous to operate recursively on `' (same as `/')
/bin/rm: use --no-preserve-root to override this failsafe
===================================================
Result: /tests/mv/part-symlink [[33mSKIP[0m] (Exit 77)
===================================================
Executing: mv/partition-perm
Sandbox Path: /tests/mv/partition-perm
===================================================
tests/test-lib.sh: line 53: 9: Bad file descriptor
/tests/mv/partition-perm: skipping test: requires a writable directory on a different disk partition,
and I couldn't find one.  I tried these:
   /tmp /dev/shm /var/tmp /usr/tmp 
Set your environment variable CANDIDATE_TMP_DIRS to make
this test use a different list.
/bin/rm: it is dangerous to operate recursively on `' (same as `/')
/bin/rm: use --no-preserve-root to override this failsafe
===================================================
Result: /tests/mv/partition-perm [[33mSKIP[0m] (Exit 77)
===================================================
Executing: mv/perm-1
Sandbox Path: /tests/mv/perm-1
===================================================
tests/test-lib.sh: line 53: 9: Bad file descriptor
/tests/mv/perm-1: skipping test: must be run as non-root
===================================================
Result: /tests/mv/perm-1 [[33mSKIP[0m] (Exit 77)
===================================================
Executing: mv/sticky-to-xpart
Sandbox Path: /tests/mv/sticky-to-xpart
===================================================
tests/test-lib.sh: line 53: 9: Bad file descriptor
/tests/mv/sticky-to-xpart: skipping test: requires a writable directory on a different disk partition,
and I couldn't find one.  I tried these:
   /tmp /dev/shm /var/tmp /usr/tmp 
Set your environment variable CANDIDATE_TMP_DIRS to make
this test use a different list.
/bin/rm: it is dangerous to operate recursively on `' (same as `/')
/bin/rm: use --no-preserve-root to override this failsafe
===================================================
Result: /tests/mv/sticky-to-xpart [[33mSKIP[0m] (Exit 77)
===================================================
Executing: mv/to-symlink
Sandbox Path: /tests/mv/to-symlink
===================================================
tests/test-lib.sh: line 53: 9: Bad file descriptor
/tests/mv/to-symlink: skipping test: requires a writable directory on a different disk partition,
and I couldn't find one.  I tried these:
   /tmp /dev/shm /var/tmp /usr/tmp 
Set your environment variable CANDIDATE_TMP_DIRS to make
this test use a different list.
/bin/rm: it is dangerous to operate recursively on `' (same as `/')
/bin/rm: use --no-preserve-root to override this failsafe
===================================================
Result: /tests/mv/to-symlink [[33mSKIP[0m] (Exit 77)
===================================================
Executing: mv/trailing-slash
Sandbox Path: /tests/mv/trailing-slash
===================================================
===================================================
Result: /tests/mv/trailing-slash [[32mPASS[0m] (Exit 0)
===================================================
Executing: mv/update
Sandbox Path: /tests/mv/update
===================================================
===================================================
Result: [[31mFAIL[0m] (Exit 1)
===================================================
Executing: pr/pr-tests
Sandbox Path: /tests/pr/pr-tests
===================================================
Use of uninitialized value $fname in pattern match (m//) at //lib/perl5/5.40.4/File/Temp.pm line 964.
pr: cannot unlink 1b.E.orig: No such file or directory
pr: cannot unlink 1b.r.E.orig: No such file or directory
pr: cannot unlink 1b.p.E.orig: No such file or directory
pr: cannot unlink 1c.E.orig: No such file or directory
pr: cannot unlink 1c.r.E.orig: No such file or directory
pr: cannot unlink 1c.p.E.orig: No such file or directory
pr: cannot unlink 1d.E.orig: No such file or directory
pr: cannot unlink 1d.r.E.orig: No such file or directory
pr: cannot unlink 1d.p.E.orig: No such file or directory
pr: cannot unlink 1e.E.orig: No such file or directory
pr: cannot unlink 1e.r.E.orig: No such file or directory
pr: cannot unlink 1e.p.E.orig: No such file or directory
pr: cannot unlink 1f.E.orig: No such file or directory
pr: cannot unlink 1f.r.E.orig: No such file or directory
pr: cannot unlink 1f.p.E.orig: No such file or directory
pr: cannot unlink 1g.E.orig: No such file or directory
pr: cannot unlink 1g.r.E.orig: No such file or directory
pr: cannot unlink 1g.p.E.orig: No such file or directory
pr: cannot unlink 1h.E.orig: No such file or directory
pr: cannot unlink 1h.r.E.orig: No such file or directory
pr: cannot unlink 1h.p.E.orig: No such file or directory
pr: cannot unlink 1i.E.orig: No such file or directory
pr: cannot unlink 1i.r.E.orig: No such file or directory
pr: cannot unlink 1i.p.E.orig: No such file or directory
pr: cannot unlink 1j.E.orig: No such file or directory
pr: cannot unlink 1j.r.E.orig: No such file or directory
pr: cannot unlink 1j.p.E.orig: No such file or directory
pr: cannot unlink 1k.E.orig: No such file or directory
pr: cannot unlink 1k.r.E.orig: No such file or directory
pr: cannot unlink 1k.p.E.orig: No such file or directory
pr: cannot unlink 1l.E.orig: No such file or directory
pr: cannot unlink 1l.r.E.orig: No such file or directory
pr: cannot unlink 1l.p.E.orig: No such file or directory
pr: cannot unlink 2a.E.orig: No such file or directory
pr: cannot unlink 2a.r.E.orig: No such file or directory
pr: cannot unlink 2a.p.E.orig: No such file or directory
pr: cannot unlink 2b.E.orig: No such file or directory
pr: cannot unlink 2b.r.E.orig: No such file or directory
pr: cannot unlink 2b.p.E.orig: No such file or directory
pr: cannot unlink 2c.E.orig: No such file or directory
pr: cannot unlink 2c.r.E.orig: No such file or directory
pr: cannot unlink 2c.p.E.orig: No such file or directory
pr: cannot unlink 2d.E.orig: No such file or directory
pr: cannot unlink 2d.r.E.orig: No such file or directory
pr: cannot unlink 2d.p.E.orig: No such file or directory
pr: cannot unlink 2e.E.orig: No such file or directory
pr: cannot unlink 2e.r.E.orig: No such file or directory
pr: cannot unlink 2e.p.E.orig: No such file or directory
pr: cannot unlink 2f.E.orig: No such file or directory
pr: cannot unlink 2f.r.E.orig: No such file or directory
pr: cannot unlink 2f.p.E.orig: No such file or directory
pr: cannot unlink 2g.E.orig: No such file or directory
pr: cannot unlink 2g.r.E.orig: No such file or directory
pr: cannot unlink 2g.p.E.orig: No such file or directory
pr: cannot unlink 2h.E.orig: No such file or directory
pr: cannot unlink 2h.r.E.orig: No such file or directory
pr: cannot unlink 2h.p.E.orig: No such file or directory
pr: cannot unlink 2i.E.orig: No such file or directory
pr: cannot unlink 2i.r.E.orig: No such file or directory
pr: cannot unlink 2i.p.E.orig: No such file or directory
pr: cannot unlink 2j.E.orig: No such file or directory
pr: cannot unlink 2j.r.E.orig: No such file or directory
pr: cannot unlink 2j.p.E.orig: No such file or directory
pr: cannot unlink 3a.E.orig: No such file or directory
pr: cannot unlink 3a.r.E.orig: No such file or directory
pr: cannot unlink 3a.p.E.orig: No such file or directory
pr: cannot unlink 3b.E.orig: No such file or directory
pr: cannot unlink 3b.r.E.orig: No such file or directory
pr: cannot unlink 3b.p.E.orig: No such file or directory
pr: cannot unlink 3c.E.orig: No such file or directory
pr: cannot unlink 3c.r.E.orig: No such file or directory
pr: cannot unlink 3c.p.E.orig: No such file or directory
pr: cannot unlink 3d.E.orig: No such file or directory
pr: cannot unlink 3d.r.E.orig: No such file or directory
pr: cannot unlink 3d.p.E.orig: No such file or directory
pr: cannot unlink 3e.E.orig: No such file or directory
pr: cannot unlink 3e.r.E.orig: No such file or directory
pr: cannot unlink 3e.p.E.orig: No such file or directory
pr: cannot unlink 3f.E.orig: No such file or directory
pr: cannot unlink 3f.r.E.orig: No such file or directory
pr: cannot unlink 3f.p.E.orig: No such file or directory
pr: cannot unlink 3g.E.orig: No such file or directory
pr: cannot unlink 3g.r.E.orig: No such file or directory
pr: cannot unlink 3g.p.E.orig: No such file or directory
pr: cannot unlink 3h.E.orig: No such file or directory
pr: cannot unlink 3h.r.E.orig: No such file or directory
pr: cannot unlink 3h.p.E.orig: No such file or directory
pr: cannot unlink 3i.E.orig: No such file or directory
pr: cannot unlink 3i.r.E.orig: No such file or directory
pr: cannot unlink 3i.p.E.orig: No such file or directory
pr: cannot unlink 3j.E.orig: No such file or directory
pr: cannot unlink 3j.r.E.orig: No such file or directory
pr: cannot unlink 3j.p.E.orig: No such file or directory
pr: cannot unlink 3k.E.orig: No such file or directory
pr: cannot unlink 3k.r.E.orig: No such file or directory
pr: cannot unlink 3k.p.E.orig: No such file or directory
pr: cannot unlink 3l.E.orig: No such file or directory
pr: cannot unlink 3l.r.E.orig: No such file or directory
pr: cannot unlink 3l.p.E.orig: No such file or directory
pr: cannot unlink 3m.E.orig: No such file or directory
pr: cannot unlink 3m.r.E.orig: No such file or directory
pr: cannot unlink 3m.p.E.orig: No such file or directory
pr: cannot unlink 3la.E.orig: No such file or directory
pr: cannot unlink 3la.r.E.orig: No such file or directory
pr: cannot unlink 3la.p.E.orig: No such file or directory
pr: cannot unlink 3lb.E.orig: No such file or directory
pr: cannot unlink 3lb.r.E.orig: No such file or directory
pr: cannot unlink 3lb.p.E.orig: No such file or directory
pr: cannot unlink 3lc.E.orig: No such file or directory
pr: cannot unlink 3lc.r.E.orig: No such file or directory
pr: cannot unlink 3lc.p.E.orig: No such file or directory
pr: cannot unlink 3ld.E.orig: No such file or directory
pr: cannot unlink 3ld.r.E.orig: No such file or directory
pr: cannot unlink 3ld.p.E.orig: No such file or directory
pr: cannot unlink 3le.E.orig: No such file or directory
pr: cannot unlink 3le.r.E.orig: No such file or directory
pr: cannot unlink 3le.p.E.orig: No such file or directory
pr: cannot unlink 3lf.E.orig: No such file or directory
pr: cannot unlink 3lf.r.E.orig: No such file or directory
pr: cannot unlink 3lf.p.E.orig: No such file or directory
pr: cannot unlink 3aa.E.orig: No such file or directory
pr: cannot unlink 3aa.r.E.orig: No such file or directory
pr: cannot unlink 3aa.p.E.orig: No such file or directory
pr: cannot unlink 3ab.E.orig: No such file or directory
pr: cannot unlink 3ab.r.E.orig: No such file or directory
pr: cannot unlink 3ab.p.E.orig: No such file or directory
pr: cannot unlink 3ac.E.orig: No such file or directory
pr: cannot unlink 3ac.r.E.orig: No such file or directory
pr: cannot unlink 3ac.p.E.orig: No such file or directory
pr: cannot unlink 3ad.E.orig: No such file or directory
pr: cannot unlink 3ad.r.E.orig: No such file or directory
pr: cannot unlink 3ad.p.E.orig: No such file or directory
pr: cannot unlink 3ae.E.orig: No such file or directory
pr: cannot unlink 3ae.r.E.orig: No such file or directory
pr: cannot unlink 3ae.p.E.orig: No such file or directory
pr: cannot unlink 3af.E.orig: No such file or directory
pr: cannot unlink 3af.r.E.orig: No such file or directory
pr: cannot unlink 3af.p.E.orig: No such file or directory
pr: cannot unlink 3ag.E.orig: No such file or directory
pr: cannot unlink 3ag.r.E.orig: No such file or directory
pr: cannot unlink 3ag.p.E.orig: No such file or directory
pr: cannot unlink 3ah.E.orig: No such file or directory
pr: cannot unlink 3ah.r.E.orig: No such file or directory
pr: cannot unlink 3ah.p.E.orig: No such file or directory
pr: cannot unlink 3ai.E.orig: No such file or directory
pr: cannot unlink 3ai.r.E.orig: No such file or directory
pr: cannot unlink 3ai.p.E.orig: No such file or directory
pr: cannot unlink 3aj.E.orig: No such file or directory
pr: cannot unlink 3aj.r.E.orig: No such file or directory
pr: cannot unlink 3aj.p.E.orig: No such file or directory
pr: cannot unlink 3ak.E.orig: No such file or directory
pr: cannot unlink 3ak.r.E.orig: No such file or directory
pr: cannot unlink 3ak.p.E.orig: No such file or directory
pr: cannot unlink 3ba.E.orig: No such file or directory
pr: cannot unlink 3ba.r.E.orig: No such file or directory
pr: cannot unlink 3ba.p.E.orig: No such file or directory
pr: cannot unlink 3bb.E.orig: No such file or directory
pr: cannot unlink 3bb.r.E.orig: No such file or directory
pr: cannot unlink 3bb.p.E.orig: No such file or directory
pr: cannot unlink 3bc.E.orig: No such file or directory
pr: cannot unlink 3bc.r.E.orig: No such file or directory
pr: cannot unlink 3bc.p.E.orig: No such file or directory
pr: cannot unlink 3bd.E.orig: No such file or directory
pr: cannot unlink 3bd.r.E.orig: No such file or directory
pr: cannot unlink 3bd.p.E.orig: No such file or directory
pr: cannot unlink 3be.E.orig: No such file or directory
pr: cannot unlink 3be.r.E.orig: No such file or directory
pr: cannot unlink 3be.p.E.orig: No such file or directory
pr: cannot unlink 3bf.E.orig: No such file or directory
pr: cannot unlink 3bf.r.E.orig: No such file or directory
pr: cannot unlink 3bf.p.E.orig: No such file or directory
pr: cannot unlink 3bg.E.orig: No such file or directory
pr: cannot unlink 3bg.r.E.orig: No such file or directory
pr: cannot unlink 3bg.p.E.orig: No such file or directory
pr: cannot unlink 3bh.E.orig: No such file or directory
pr: cannot unlink 3bh.r.E.orig: No such file or directory
pr: cannot unlink 3bh.p.E.orig: No such file or directory
pr: cannot unlink 3bi.E.orig: No such file or directory
pr: cannot unlink 3bi.r.E.orig: No such file or directory
pr: cannot unlink 3bi.p.E.orig: No such file or directory
pr: cannot unlink 3bj.E.orig: No such file or directory
pr: cannot unlink 3bj.r.E.orig: No such file or directory
pr: cannot unlink 3bj.p.E.orig: No such file or directory
pr: cannot unlink 3bk.E.orig: No such file or directory
pr: cannot unlink 3bk.r.E.orig: No such file or directory
pr: cannot unlink 3bk.p.E.orig: No such file or directory
pr: cannot unlink 3Pa.E.orig: No such file or directory
pr: cannot unlink 3Pa.r.E.orig: No such file or directory
pr: cannot unlink 3Pa.p.E.orig: No such file or directory
pr: cannot unlink 3Pb.E.orig: No such file or directory
pr: cannot unlink 3Pb.r.E.orig: No such file or directory
pr: cannot unlink 3Pb.p.E.orig: No such file or directory
pr: cannot unlink 3Pc.E.orig: No such file or directory
pr: cannot unlink 3Pc.r.E.orig: No such file or directory
pr: cannot unlink 3Pc.p.E.orig: No such file or directory
pr: cannot unlink 3Pd.E.orig: No such file or directory
pr: cannot unlink 3Pd.r.E.orig: No such file or directory
pr: cannot unlink 3Pd.p.E.orig: No such file or directory
pr: cannot unlink 3Pe.E.orig: No such file or directory
pr: cannot unlink 3Pe.r.E.orig: No such file or directory
pr: cannot unlink 3Pe.p.E.orig: No such file or directory
pr: cannot unlink 3Pf.E.orig: No such file or directory
pr: cannot unlink 3Pf.r.E.orig: No such file or directory
pr: cannot unlink 3Pf.p.E.orig: No such file or directory
pr: cannot unlink 3Pg.E.orig: No such file or directory
pr: cannot unlink 3Pg.r.E.orig: No such file or directory
pr: cannot unlink 3Pg.p.E.orig: No such file or directory
pr: cannot unlink 3Paa.E.orig: No such file or directory
pr: cannot unlink 3Paa.r.E.orig: No such file or directory
pr: cannot unlink 3Paa.p.E.orig: No such file or directory
pr: cannot unlink 3Pab.E.orig: No such file or directory
pr: cannot unlink 3Pab.r.E.orig: No such file or directory
pr: cannot unlink 3Pab.p.E.orig: No such file or directory
pr: cannot unlink 3Pac.E.orig: No such file or directory
pr: cannot unlink 3Pac.r.E.orig: No such file or directory
pr: cannot unlink 3Pac.p.E.orig: No such file or directory
pr: cannot unlink 3Pad.E.orig: No such file or directory
pr: cannot unlink 3Pad.r.E.orig: No such file or directory
pr: cannot unlink 3Pad.p.E.orig: No such file or directory
pr: cannot unlink 3Pae.E.orig: No such file or directory
pr: cannot unlink 3Pae.r.E.orig: No such file or directory
pr: cannot unlink 3Pae.p.E.orig: No such file or directory
pr: cannot unlink 3Paf.E.orig: No such file or directory
pr: cannot unlink 3Paf.r.E.orig: No such file or directory
pr: cannot unlink 3Paf.p.E.orig: No such file or directory
pr: cannot unlink 3Pba.E.orig: No such file or directory
pr: cannot unlink 3Pba.r.E.orig: No such file or directory
pr: cannot unlink 3Pba.p.E.orig: No such file or directory
pr: cannot unlink 3Pbb.E.orig: No such file or directory
pr: cannot unlink 3Pbb.r.E.orig: No such file or directory
pr: cannot unlink 3Pbb.p.E.orig: No such file or directory
pr: cannot unlink 3Pbc.E.orig: No such file or directory
pr: cannot unlink 3Pbc.r.E.orig: No such file or directory
pr: cannot unlink 3Pbc.p.E.orig: No such file or directory
pr: cannot unlink 3Pbd.E.orig: No such file or directory
pr: cannot unlink 3Pbd.r.E.orig: No such file or directory
pr: cannot unlink 3Pbd.p.E.orig: No such file or directory
pr: cannot unlink 3Pbe.E.orig: No such file or directory
pr: cannot unlink 3Pbe.r.E.orig: No such file or directory
pr: cannot unlink 3Pbe.p.E.orig: No such file or directory
pr: cannot unlink 3Pbf.E.orig: No such file or directory
pr: cannot unlink 3Pbf.r.E.orig: No such file or directory
pr: cannot unlink 3Pbf.p.E.orig: No such file or directory
pr: cannot unlink 4a.E.orig: No such file or directory
pr: cannot unlink 4a.r.E.orig: No such file or directory
pr: cannot unlink 4a.p.E.orig: No such file or directory
pr: cannot unlink 4b.E.orig: No such file or directory
pr: cannot unlink 4b.r.E.orig: No such file or directory
pr: cannot unlink 4b.p.E.orig: No such file or directory
pr: cannot unlink 4c.E.orig: No such file or directory
pr: cannot unlink 4c.r.E.orig: No such file or directory
pr: cannot unlink 4c.p.E.orig: No such file or directory
pr: cannot unlink 4d.E.orig: No such file or directory
pr: cannot unlink 4d.r.E.orig: No such file or directory
pr: cannot unlink 4d.p.E.orig: No such file or directory
pr: cannot unlink 4e.E.orig: No such file or directory
pr: cannot unlink 4e.r.E.orig: No such file or directory
pr: cannot unlink 4e.p.E.orig: No such file or directory
pr: cannot unlink 4f.E.orig: No such file or directory
pr: cannot unlink 4f.r.E.orig: No such file or directory
pr: cannot unlink 4f.p.E.orig: No such file or directory
pr: cannot unlink 4g.E.orig: No such file or directory
pr: cannot unlink 4g.r.E.orig: No such file or directory
pr: cannot unlink 4g.p.E.orig: No such file or directory
pr: cannot unlink 4h.E.orig: No such file or directory
pr: cannot unlink 4h.r.E.orig: No such file or directory
pr: cannot unlink 4h.p.E.orig: No such file or directory
pr: cannot unlink 4i.E.orig: No such file or directory
pr: cannot unlink 4i.r.E.orig: No such file or directory
pr: cannot unlink 4i.p.E.orig: No such file or directory
pr: cannot unlink 4j.E.orig: No such file or directory
pr: cannot unlink 4j.r.E.orig: No such file or directory
pr: cannot unlink 4j.p.E.orig: No such file or directory
pr: cannot unlink 4k.E.orig: No such file or directory
pr: cannot unlink 4k.r.E.orig: No such file or directory
pr: cannot unlink 4k.p.E.orig: No such file or directory
pr: cannot unlink 4l.E.orig: No such file or directory
pr: cannot unlink 4l.r.E.orig: No such file or directory
pr: cannot unlink 4l.p.E.orig: No such file or directory
pr: cannot unlink 4m.E.orig: No such file or directory
pr: cannot unlink 4m.r.E.orig: No such file or directory
pr: cannot unlink 4m.p.E.orig: No such file or directory
pr: cannot unlink 5a.E.orig: No such file or directory
pr: cannot unlink 5b.E.orig: No such file or directory
pr: cannot unlink 5c.E.orig: No such file or directory
pr: cannot unlink 5d.E.orig: No such file or directory
pr: cannot unlink 5e.E.orig: No such file or directory
pr: cannot unlink 5f.E.orig: No such file or directory
pr: cannot unlink 5g.E.orig: No such file or directory
pr: cannot unlink 5ma.E.orig: No such file or directory
pr: cannot unlink 5mb.E.orig: No such file or directory
pr: cannot unlink 5mc.E.orig: No such file or directory
pr: cannot unlink 5md.E.orig: No such file or directory
pr: cannot unlink 5Pma.E.orig: No such file or directory
pr: cannot unlink 5Pmb.E.orig: No such file or directory
pr: cannot unlink 5Pmc.E.orig: No such file or directory
pr: cannot unlink 6a.E.orig: No such file or directory
pr: cannot unlink 6a.r.E.orig: No such file or directory
pr: cannot unlink 6a.p.E.orig: No such file or directory
pr: cannot unlink 6b.E.orig: No such file or directory
pr: cannot unlink 6b.r.E.orig: No such file or directory
pr: cannot unlink 6b.p.E.orig: No such file or directory
pr: cannot unlink 6c.E.orig: No such file or directory
pr: cannot unlink 6c.r.E.orig: No such file or directory
pr: cannot unlink 6c.p.E.orig: No such file or directory
pr: cannot unlink 6d.E.orig: No such file or directory
pr: cannot unlink 6d.r.E.orig: No such file or directory
pr: cannot unlink 6d.p.E.orig: No such file or directory
pr: cannot unlink 6e.E.orig: No such file or directory
pr: cannot unlink 6e.r.E.orig: No such file or directory
pr: cannot unlink 6e.p.E.orig: No such file or directory
pr: cannot unlink 6f.E.orig: No such file or directory
pr: cannot unlink 6f.r.E.orig: No such file or directory
pr: cannot unlink 6f.p.E.orig: No such file or directory
pr: cannot unlink 6g.E.orig: No such file or directory
pr: cannot unlink 6g.r.E.orig: No such file or directory
pr: cannot unlink 6g.p.E.orig: No such file or directory
pr: cannot unlink 6aa.E.orig: No such file or directory
pr: cannot unlink 6aa.r.E.orig: No such file or directory
pr: cannot unlink 6aa.p.E.orig: No such file or directory
pr: cannot unlink 6ab.E.orig: No such file or directory
pr: cannot unlink 6ab.r.E.orig: No such file or directory
pr: cannot unlink 6ab.p.E.orig: No such file or directory
pr: cannot unlink 6ac.E.orig: No such file or directory
pr: cannot unlink 6ac.r.E.orig: No such file or directory
pr: cannot unlink 6ac.p.E.orig: No such file or directory
pr: cannot unlink 6ba.E.orig: No such file or directory
pr: cannot unlink 6ba.r.E.orig: No such file or directory
pr: cannot unlink 6ba.p.E.orig: No such file or directory
pr: cannot unlink 6bb.E.orig: No such file or directory
pr: cannot unlink 6bb.r.E.orig: No such file or directory
pr: cannot unlink 6bb.p.E.orig: No such file or directory
pr: cannot unlink 6bc.E.orig: No such file or directory
pr: cannot unlink 6bc.r.E.orig: No such file or directory
pr: cannot unlink 6bc.p.E.orig: No such file or directory
pr: cannot unlink 7a.E.orig: No such file or directory
pr: cannot unlink 7a.r.E.orig: No such file or directory
pr: cannot unlink 7a.p.E.orig: No such file or directory
pr: cannot unlink 7b.E.orig: No such file or directory
pr: cannot unlink 7b.r.E.orig: No such file or directory
pr: cannot unlink 7b.p.E.orig: No such file or directory
pr: cannot unlink 7c.E.orig: No such file or directory
pr: cannot unlink 7c.r.E.orig: No such file or directory
pr: cannot unlink 7c.p.E.orig: No such file or directory
pr: cannot unlink 7d.E.orig: No such file or directory
pr: cannot unlink 7d.r.E.orig: No such file or directory
pr: cannot unlink 7d.p.E.orig: No such file or directory
pr: cannot unlink 7e.E.orig: No such file or directory
pr: cannot unlink 7e.r.E.orig: No such file or directory
pr: cannot unlink 7e.p.E.orig: No such file or directory
pr: cannot unlink 7f.E.orig: No such file or directory
pr: cannot unlink 7f.r.E.orig: No such file or directory
pr: cannot unlink 7f.p.E.orig: No such file or directory
pr: cannot unlink 7g.E.orig: No such file or directory
pr: cannot unlink 7g.r.E.orig: No such file or directory
pr: cannot unlink 7g.p.E.orig: No such file or directory
pr: cannot unlink 7aa.E.orig: No such file or directory
pr: cannot unlink 7aa.r.E.orig: No such file or directory
pr: cannot unlink 7aa.p.E.orig: No such file or directory
pr: cannot unlink 7ab.E.orig: No such file or directory
pr: cannot unlink 7ab.r.E.orig: No such file or directory
pr: cannot unlink 7ab.p.E.orig: No such file or directory
pr: cannot unlink 7ac.E.orig: No such file or directory
pr: cannot unlink 7ac.r.E.orig: No such file or directory
pr: cannot unlink 7ac.p.E.orig: No such file or directory
pr: cannot unlink 7ba.E.orig: No such file or directory
pr: cannot unlink 7ba.r.E.orig: No such file or directory
pr: cannot unlink 7ba.p.E.orig: No such file or directory
pr: cannot unlink 7bb.E.orig: No such file or directory
pr: cannot unlink 7bb.r.E.orig: No such file or directory
pr: cannot unlink 7bb.p.E.orig: No such file or directory
pr: cannot unlink 7bc.E.orig: No such file or directory
pr: cannot unlink 7bc.r.E.orig: No such file or directory
pr: cannot unlink 7bc.p.E.orig: No such file or directory
pr: cannot unlink 9a.E.orig: No such file or directory
pr: cannot unlink 9a.r.E.orig: No such file or directory
pr: cannot unlink 9a.p.E.orig: No such file or directory
pr: cannot unlink 9b.E.orig: No such file or directory
pr: cannot unlink 9b.r.E.orig: No such file or directory
pr: cannot unlink 9b.p.E.orig: No such file or directory
pr: cannot unlink 9Pa.E.orig: No such file or directory
pr: cannot unlink 9Pa.r.E.orig: No such file or directory
pr: cannot unlink 9Pa.p.E.orig: No such file or directory
pr: cannot unlink 9Pb.E.orig: No such file or directory
pr: cannot unlink 9Pb.r.E.orig: No such file or directory
pr: cannot unlink 9Pb.p.E.orig: No such file or directory
pr: cannot unlink 9Pc.E.orig: No such file or directory
pr: cannot unlink 9Pc.r.E.orig: No such file or directory
pr: cannot unlink 9Pc.p.E.orig: No such file or directory
pr: cannot unlink 9Pe.E.orig: No such file or directory
pr: cannot unlink 9Pe.r.E.orig: No such file or directory
pr: cannot unlink 9Pe.p.E.orig: No such file or directory
pr: cannot unlink 9Pf.E.orig: No such file or directory
pr: cannot unlink 9Pf.r.E.orig: No such file or directory
pr: cannot unlink 9Pf.p.E.orig: No such file or directory
pr: cannot unlink 9Pg.E.orig: No such file or directory
pr: cannot unlink 9Pg.r.E.orig: No such file or directory
pr: cannot unlink 9Pg.p.E.orig: No such file or directory
pr: cannot unlink 9Ph.E.orig: No such file or directory
pr: cannot unlink 9Ph.r.E.orig: No such file or directory
pr: cannot unlink 9Ph.p.E.orig: No such file or directory
pr: cannot unlink 9Pi.E.orig: No such file or directory
pr: cannot unlink 9Pi.r.E.orig: No such file or directory
pr: cannot unlink 9Pi.p.E.orig: No such file or directory
pr: cannot unlink 9Pj.E.orig: No such file or directory
pr: cannot unlink 9Pj.r.E.orig: No such file or directory
pr: cannot unlink 9Pj.p.E.orig: No such file or directory
pr: cannot unlink 9Pk.E.orig: No such file or directory
pr: cannot unlink 9Pk.r.E.orig: No such file or directory
pr: cannot unlink 9Pk.p.E.orig: No such file or directory
pr: cannot unlink 9Pl.E.orig: No such file or directory
pr: cannot unlink 9Pl.r.E.orig: No such file or directory
pr: cannot unlink 9Pl.p.E.orig: No such file or directory
pr: cannot unlink 9Pm.E.orig: No such file or directory
pr: cannot unlink 9Pm.r.E.orig: No such file or directory
pr: cannot unlink 9Pm.p.E.orig: No such file or directory
pr: cannot unlink 9Pn.E.orig: No such file or directory
pr: cannot unlink 9Pn.r.E.orig: No such file or directory
pr: cannot unlink 9Pn.p.E.orig: No such file or directory
pr: cannot unlink 9Po.E.orig: No such file or directory
pr: cannot unlink 9Po.r.E.orig: No such file or directory
pr: cannot unlink 9Po.p.E.orig: No such file or directory
pr: cannot unlink 9Pp.E.orig: No such file or directory
pr: cannot unlink 9Pp.r.E.orig: No such file or directory
pr: cannot unlink 9Pp.p.E.orig: No such file or directory
pr: cannot unlink 9Pq.E.orig: No such file or directory
pr: cannot unlink 9Pq.r.E.orig: No such file or directory
pr: cannot unlink 9Pq.p.E.orig: No such file or directory
pr: cannot unlink 9Pr.E.orig: No such file or directory
pr: cannot unlink 9Pr.r.E.orig: No such file or directory
pr: cannot unlink 9Pr.p.E.orig: No such file or directory
pr: cannot unlink 9Ps.E.orig: No such file or directory
pr: cannot unlink 9Ps.r.E.orig: No such file or directory
pr: cannot unlink 9Ps.p.E.orig: No such file or directory
pr: cannot unlink 9Pt.E.orig: No such file or directory
pr: cannot unlink 9Pt.r.E.orig: No such file or directory
pr: cannot unlink 9Pt.p.E.orig: No such file or directory
pr: cannot unlink 9Paa.E.orig: No such file or directory
pr: cannot unlink 9Paa.r.E.orig: No such file or directory
pr: cannot unlink 9Paa.p.E.orig: No such file or directory
pr: cannot unlink 9Pab.E.orig: No such file or directory
pr: cannot unlink 9Pab.r.E.orig: No such file or directory
pr: cannot unlink 9Pab.p.E.orig: No such file or directory
pr: cannot unlink 9Pac.E.orig: No such file or directory
pr: cannot unlink 9Pac.r.E.orig: No such file or directory
pr: cannot unlink 9Pac.p.E.orig: No such file or directory
pr: cannot unlink 9Pad.E.orig: No such file or directory
pr: cannot unlink 9Pad.r.E.orig: No such file or directory
pr: cannot unlink 9Pad.p.E.orig: No such file or directory
pr: cannot unlink 9Pae.E.orig: No such file or directory
pr: cannot unlink 9Pae.r.E.orig: No such file or directory
pr: cannot unlink 9Pae.p.E.orig: No such file or directory
pr: cannot unlink 9Paf.E.orig: No such file or directory
pr: cannot unlink 9Paf.r.E.orig: No such file or directory
pr: cannot unlink 9Paf.p.E.orig: No such file or directory
pr: cannot unlink 9Pag.E.orig: No such file or directory
pr: cannot unlink 9Pag.r.E.orig: No such file or directory
pr: cannot unlink 9Pag.p.E.orig: No such file or directory
pr: cannot unlink 9Pah.E.orig: No such file or directory
pr: cannot unlink 9Pah.r.E.orig: No such file or directory
pr: cannot unlink 9Pah.p.E.orig: No such file or directory
pr: cannot unlink 9Pai.E.orig: No such file or directory
pr: cannot unlink 9Pai.r.E.orig: No such file or directory
pr: cannot unlink 9Pai.p.E.orig: No such file or directory
pr: cannot unlink 9Paj.E.orig: No such file or directory
pr: cannot unlink 9Paj.r.E.orig: No such file or directory
pr: cannot unlink 9Paj.p.E.orig: No such file or directory
pr: cannot unlink 9Pak.E.orig: No such file or directory
pr: cannot unlink 9Pak.r.E.orig: No such file or directory
pr: cannot unlink 9Pak.p.E.orig: No such file or directory
pr: cannot unlink 9Pba.E.orig: No such file or directory
pr: cannot unlink 9Pba.r.E.orig: No such file or directory
pr: cannot unlink 9Pba.p.E.orig: No such file or directory
pr: cannot unlink 9Pbb.E.orig: No such file or directory
pr: cannot unlink 9Pbb.r.E.orig: No such file or directory
pr: cannot unlink 9Pbb.p.E.orig: No such file or directory
pr: cannot unlink 9Pbc.E.orig: No such file or directory
pr: cannot unlink 9Pbc.r.E.orig: No such file or directory
pr: cannot unlink 9Pbc.p.E.orig: No such file or directory
pr: cannot unlink 9Pbd.E.orig: No such file or directory
pr: cannot unlink 9Pbd.r.E.orig: No such file or directory
pr: cannot unlink 9Pbd.p.E.orig: No such file or directory
pr: cannot unlink 9Pbe.E.orig: No such file or directory
pr: cannot unlink 9Pbe.r.E.orig: No such file or directory
pr: cannot unlink 9Pbe.p.E.orig: No such file or directory
pr: cannot unlink 9Pbf.E.orig: No such file or directory
pr: cannot unlink 9Pbf.r.E.orig: No such file or directory
pr: cannot unlink 9Pbf.p.E.orig: No such file or directory
pr: cannot unlink 9Pbg.E.orig: No such file or directory
pr: cannot unlink 9Pbg.r.E.orig: No such file or directory
pr: cannot unlink 9Pbg.p.E.orig: No such file or directory
pr: cannot unlink 9Pbh.E.orig: No such file or directory
pr: cannot unlink 9Pbh.r.E.orig: No such file or directory
pr: cannot unlink 9Pbh.p.E.orig: No such file or directory
pr: cannot unlink 9Pbi.E.orig: No such file or directory
pr: cannot unlink 9Pbi.r.E.orig: No such file or directory
pr: cannot unlink 9Pbi.p.E.orig: No such file or directory
pr: cannot unlink 9Pbj.E.orig: No such file or directory
pr: cannot unlink 9Pbj.r.E.orig: No such file or directory
pr: cannot unlink 9Pbj.p.E.orig: No such file or directory
pr: cannot unlink 9Pbk.E.orig: No such file or directory
pr: cannot unlink 9Pbk.r.E.orig: No such file or directory
pr: cannot unlink 9Pbk.p.E.orig: No such file or directory
pr: cannot unlink 9Pma.E.orig: No such file or directory
pr: cannot unlink 9Pmb.E.orig: No such file or directory
pr: cannot unlink 9Pmc.E.orig: No such file or directory
pr: cannot unlink 10wa.E.orig: No such file or directory
pr: cannot unlink 10wa.r.E.orig: No such file or directory
pr: cannot unlink 10wa.p.E.orig: No such file or directory
pr: cannot unlink 10wb.E.orig: No such file or directory
pr: cannot unlink 10wb.r.E.orig: No such file or directory
pr: cannot unlink 10wb.p.E.orig: No such file or directory
pr: cannot unlink 10wc.E.orig: No such file or directory
pr: cannot unlink 10wc.r.E.orig: No such file or directory
pr: cannot unlink 10wc.p.E.orig: No such file or directory
pr: cannot unlink 10wd.E.orig: No such file or directory
pr: cannot unlink 10wd.r.E.orig: No such file or directory
pr: cannot unlink 10wd.p.E.orig: No such file or directory
pr: cannot unlink 10we.E.orig: No such file or directory
pr: cannot unlink 10we.r.E.orig: No such file or directory
pr: cannot unlink 10we.p.E.orig: No such file or directory
pr: cannot unlink 10wf.E.orig: No such file or directory
pr: cannot unlink 10wf.r.E.orig: No such file or directory
pr: cannot unlink 10wf.p.E.orig: No such file or directory
pr: cannot unlink 10wg.E.orig: No such file or directory
pr: cannot unlink 10wg.r.E.orig: No such file or directory
pr: cannot unlink 10wg.p.E.orig: No such file or directory
pr: cannot unlink 10wh.E.orig: No such file or directory
pr: cannot unlink 10wh.r.E.orig: No such file or directory
pr: cannot unlink 10wh.p.E.orig: No such file or directory
pr: cannot unlink 10ma.E.orig: No such file or directory
pr: cannot unlink 10mb.E.orig: No such file or directory
pr: cannot unlink 10mc.E.orig: No such file or directory
pr: cannot unlink 10md.E.orig: No such file or directory
pr: cannot unlink 10me.E.orig: No such file or directory
pr: cannot unlink 10mf.E.orig: No such file or directory
pr: cannot unlink 10mg.E.orig: No such file or directory
pr: cannot unlink 10mh.E.orig: No such file or directory
pr: cannot unlink 10aa.E.orig: No such file or directory
pr: cannot unlink 10aa.r.E.orig: No such file or directory
pr: cannot unlink 10aa.p.E.orig: No such file or directory
pr: cannot unlink 10ab.E.orig: No such file or directory
pr: cannot unlink 10ab.r.E.orig: No such file or directory
pr: cannot unlink 10ab.p.E.orig: No such file or directory
pr: cannot unlink 10ac.E.orig: No such file or directory
pr: cannot unlink 10ac.r.E.orig: No such file or directory
pr: cannot unlink 10ac.p.E.orig: No such file or directory
pr: cannot unlink 10ad.E.orig: No such file or directory
pr: cannot unlink 10ad.r.E.orig: No such file or directory
pr: cannot unlink 10ad.p.E.orig: No such file or directory
pr: cannot unlink 10ba.E.orig: No such file or directory
pr: cannot unlink 10ba.r.E.orig: No such file or directory
pr: cannot unlink 10ba.p.E.orig: No such file or directory
pr: cannot unlink 10bb.E.orig: No such file or directory
pr: cannot unlink 10bb.r.E.orig: No such file or directory
pr: cannot unlink 10bb.p.E.orig: No such file or directory
pr: cannot unlink 10bc.E.orig: No such file or directory
pr: cannot unlink 10bc.r.E.orig: No such file or directory
pr: cannot unlink 10bc.p.E.orig: No such file or directory
pr: cannot unlink 10bd.E.orig: No such file or directory
pr: cannot unlink 10bd.r.E.orig: No such file or directory
pr: cannot unlink 10bd.p.E.orig: No such file or directory
pr: cannot unlink 11sa.E.orig: No such file or directory
pr: cannot unlink 11sb.E.orig: No such file or directory
pr: cannot unlink 11se.E.orig: No such file or directory
pr: cannot unlink 11sf.E.orig: No such file or directory
pr: cannot unlink 11sg.E.orig: No such file or directory
pr: cannot unlink 11sh.E.orig: No such file or directory
pr: cannot unlink 12aa.E.orig: No such file or directory
pr: cannot unlink 12aa.r.E.orig: No such file or directory
pr: cannot unlink 12aa.p.E.orig: No such file or directory
pr: cannot unlink 12ab.E.orig: No such file or directory
pr: cannot unlink 12ab.r.E.orig: No such file or directory
pr: cannot unlink 12ab.p.E.orig: No such file or directory
pr: cannot unlink 12ac.E.orig: No such file or directory
pr: cannot unlink 12ac.r.E.orig: No such file or directory
pr: cannot unlink 12ac.p.E.orig: No such file or directory
pr: cannot unlink 12ba.E.orig: No such file or directory
pr: cannot unlink 12ba.r.E.orig: No such file or directory
pr: cannot unlink 12ba.p.E.orig: No such file or directory
pr: cannot unlink 12bb.E.orig: No such file or directory
pr: cannot unlink 12bb.r.E.orig: No such file or directory
pr: cannot unlink 12bb.p.E.orig: No such file or directory
pr: cannot unlink 12bc.E.orig: No such file or directory
pr: cannot unlink 12bc.r.E.orig: No such file or directory
pr: cannot unlink 12bc.p.E.orig: No such file or directory
pr: cannot unlink 12ma.E.orig: No such file or directory
pr: cannot unlink 12mb.E.orig: No such file or directory
pr: cannot unlink 12mc.E.orig: No such file or directory
pr: cannot unlink 12md.E.orig: No such file or directory
pr: cannot unlink 13a.E.orig: No such file or directory
pr: cannot unlink 13a.r.E.orig: No such file or directory
pr: cannot unlink 13a.p.E.orig: No such file or directory
pr: cannot unlink 13b.E.orig: No such file or directory
pr: cannot unlink 13b.r.E.orig: No such file or directory
pr: cannot unlink 13b.p.E.orig: No such file or directory
pr: cannot unlink 13ba.E.orig: No such file or directory
pr: cannot unlink 13ba.r.E.orig: No such file or directory
pr: cannot unlink 13ba.p.E.orig: No such file or directory
pr: cannot unlink 13bb.E.orig: No such file or directory
pr: cannot unlink 13bb.r.E.orig: No such file or directory
pr: cannot unlink 13bb.p.E.orig: No such file or directory
pr: cannot unlink 13bc.E.orig: No such file or directory
pr: cannot unlink 13bc.r.E.orig: No such file or directory
pr: cannot unlink 13bc.p.E.orig: No such file or directory
pr: cannot unlink 13bd.E.orig: No such file or directory
pr: cannot unlink 13bd.r.E.orig: No such file or directory
pr: cannot unlink 13bd.p.E.orig: No such file or directory
pr: cannot unlink 13be.E.orig: No such file or directory
pr: cannot unlink 13be.r.E.orig: No such file or directory
pr: cannot unlink 13be.p.E.orig: No such file or directory
pr: cannot unlink 13bf.E.orig: No such file or directory
pr: cannot unlink 13bf.r.E.orig: No such file or directory
pr: cannot unlink 13bf.p.E.orig: No such file or directory
pr: cannot unlink 14a.E.orig: No such file or directory
pr: cannot unlink 14a.r.E.orig: No such file or directory
pr: cannot unlink 14a.p.E.orig: No such file or directory
pr: cannot unlink 14b.E.orig: No such file or directory
pr: cannot unlink 14b.r.E.orig: No such file or directory
pr: cannot unlink 14b.p.E.orig: No such file or directory
pr: cannot unlink 14c.E.orig: No such file or directory
pr: cannot unlink 14c.r.E.orig: No such file or directory
pr: cannot unlink 14c.p.E.orig: No such file or directory
pr: cannot unlink 14d.E.orig: No such file or directory
pr: cannot unlink 14d.r.E.orig: No such file or directory
pr: cannot unlink 14d.p.E.orig: No such file or directory
pr: cannot unlink 14e.E.orig: No such file or directory
pr: cannot unlink 14e.r.E.orig: No such file or directory
pr: cannot unlink 14e.p.E.orig: No such file or directory
pr: cannot unlink 14f.E.orig: No such file or directory
pr: cannot unlink 14f.r.E.orig: No such file or directory
pr: cannot unlink 14f.p.E.orig: No such file or directory
pr: cannot unlink 14g.E.orig: No such file or directory
pr: cannot unlink 14g.r.E.orig: No such file or directory
pr: cannot unlink 14g.p.E.orig: No such file or directory
pr: cannot unlink 14h.E.orig: No such file or directory
pr: cannot unlink 14h.r.E.orig: No such file or directory
pr: cannot unlink 14h.p.E.orig: No such file or directory
pr: cannot unlink 14i.E.orig: No such file or directory
pr: cannot unlink 14i.r.E.orig: No such file or directory
pr: cannot unlink 14i.p.E.orig: No such file or directory
pr: cannot unlink 14j.E.orig: No such file or directory
pr: cannot unlink 14j.r.E.orig: No such file or directory
pr: cannot unlink 14j.p.E.orig: No such file or directory
pr: cannot unlink 14k.E.orig: No such file or directory
pr: cannot unlink 14k.r.E.orig: No such file or directory
pr: cannot unlink 14k.p.E.orig: No such file or directory
pr: cannot unlink 14l.E.orig: No such file or directory
pr: cannot unlink 14l.r.E.orig: No such file or directory
pr: cannot unlink 14l.p.E.orig: No such file or directory
pr: cannot unlink 14m.E.orig: No such file or directory
pr: cannot unlink 14m.r.E.orig: No such file or directory
pr: cannot unlink 14m.p.E.orig: No such file or directory
pr: cannot unlink i-opt-a.E.orig: No such file or directory
pr: cannot unlink i-opt-a.r.E.orig: No such file or directory
pr: cannot unlink i-opt-a.p.E.orig: No such file or directory
pr: cannot unlink i-opt-b.E.orig: No such file or directory
pr: cannot unlink i-opt-b.r.E.orig: No such file or directory
pr: cannot unlink i-opt-b.p.E.orig: No such file or directory
pr: cannot unlink ncut-a.E.orig: No such file or directory
pr: cannot unlink ncut-a.r.E.orig: No such file or directory
pr: cannot unlink ncut-a.p.E.orig: No such file or directory
pr: cannot unlink ncut-b.E.orig: No such file or directory
pr: cannot unlink ncut-b.r.E.orig: No such file or directory
pr: cannot unlink ncut-b.p.E.orig: No such file or directory
pr: cannot unlink margin-0.E.orig: No such file or directory
pr: cannot unlink margin-0.r.E.orig: No such file or directory
pr: cannot unlink margin-0.p.E.orig: No such file or directory
pr: cannot unlink dbl-sp-a.E.orig: No such file or directory
pr: cannot unlink dbl-sp-a.r.E.orig: No such file or directory
pr: cannot unlink dbl-sp-a.p.E.orig: No such file or directory
pr: cannot unlink dbl-sp-b.E.orig: No such file or directory
pr: cannot unlink dbl-sp-b.r.E.orig: No such file or directory
pr: cannot unlink dbl-sp-b.p.E.orig: No such file or directory
pr: cannot unlink narrow-1.E.orig: No such file or directory
pr: cannot unlink narrow-1.r.E.orig: No such file or directory
pr: cannot unlink narrow-1.p.E.orig: No such file or directory
pr: cannot unlink col-last.E.orig: No such file or directory
pr: cannot unlink col-last.r.E.orig: No such file or directory
pr: cannot unlink col-last.p.E.orig: No such file or directory
pr: cannot unlink col-02.E.orig: No such file or directory
pr: cannot unlink col-02.r.E.orig: No such file or directory
pr: cannot unlink col-02.p.E.orig: No such file or directory
pr: cannot unlink col-2.E.orig: No such file or directory
pr: cannot unlink col-2.r.E.orig: No such file or directory
pr: cannot unlink col-2.p.E.orig: No such file or directory
pr: cannot unlink col-long.E.orig: No such file or directory
pr: cannot unlink col-long.r.E.orig: No such file or directory
pr: cannot unlink col-long.p.E.orig: No such file or directory
pr: cannot unlink col-0.E.orig: No such file or directory
pr: cannot unlink col-0.r.E.orig: No such file or directory
pr: cannot unlink col-0.p.E.orig: No such file or directory
pr: cannot unlink col-inval.E.orig: No such file or directory
pr: cannot unlink col-inval.r.E.orig: No such file or directory
pr: cannot unlink col-inval.p.E.orig: No such file or directory
pr: cannot unlink neg-page.E.orig: No such file or directory
pr: cannot unlink neg-page.r.E.orig: No such file or directory
pr: cannot unlink neg-page.p.E.orig: No such file or directory
pr: cannot unlink neg-inp-pos1.E.orig: No such file or directory
pr: cannot unlink neg-inp-pos1.r.E.orig: No such file or directory
pr: cannot unlink neg-inp-pos1.p.E.orig: No such file or directory
pr: cannot unlink neg-inp-pos2.E.orig: No such file or directory
pr: cannot unlink neg-inp-pos2.r.E.orig: No such file or directory
pr: cannot unlink neg-inp-pos2.p.E.orig: No such file or directory
pr: cannot unlink smash-heap.E.orig: No such file or directory
pr: cannot unlink smash-heap.r.E.orig: No such file or directory
pr: cannot unlink smash-heap.p.E.orig: No such file or directory
pr: cannot unlink smash-heap8.E.orig: No such file or directory
pr: cannot unlink smash-heap8.r.E.orig: No such file or directory
pr: cannot unlink smash-heap8.p.E.orig: No such file or directory
Can't stat /tmp/pr-tests.tmp-DBJJ: No such file or directory
 at /tests/CuTmpdir.pm line 54.
Use of uninitialized value $abs in string eq at //lib/perl5/5.40.4/File/Temp.pm line 916.
Use of uninitialized value $cwd in string eq at //lib/perl5/5.40.4/File/Temp.pm line 916.
No root path(s) specified
 at //lib/perl5/5.40.4/File/Temp.pm line 932.
===================================================
Result: [[31mFAIL[0m] (Exit 1)
===================================================
Executing: readlink/can-e
Sandbox Path: /tests/readlink/can-e
===================================================
/bin/pwd: cannot open directory `..': Permission denied
/bin/ln: creating symbolic link `link1': File exists
/tests/readlink/can-e: failure in testing framework
===================================================
Result: [[31mFAIL[0m] (Exit 1)
===================================================
Executing: readlink/can-f
Sandbox Path: /tests/readlink/can-f
===================================================
/bin/pwd: cannot open directory `..': Permission denied
/bin/ln: creating symbolic link `link1': File exists
/tests/readlink/can-f: failure in testing framework
===================================================
Result: [[31mFAIL[0m] (Exit 1)
===================================================
Executing: readlink/can-m
Sandbox Path: /tests/readlink/can-m
===================================================
/bin/pwd: cannot open directory `..': Permission denied
/bin/ln: creating symbolic link `link1': File exists
/tests/readlink/can-m: failure in testing framework
===================================================
Result: [[31mFAIL[0m] (Exit 1)
===================================================
Executing: readlink/rl-1
Sandbox Path: /tests/readlink/rl-1
===================================================
/bin/ln: creating symbolic link `link1': File exists
/tests/readlink/rl-1: failure in testing framework
===================================================
Result: [[31mFAIL[0m] (Exit 1)
===================================================
Executing: rm/cycle
Sandbox Path: /tests/rm/cycle
===================================================
tests/test-lib.sh: line 53: 9: Bad file descriptor
/tests/rm/cycle: skipping test: must be run as non-root
===================================================
Result: /tests/rm/cycle [[33mSKIP[0m] (Exit 77)
===================================================
Executing: rm/dangling-symlink
Sandbox Path: /tests/rm/dangling-symlink
===================================================
/bin/ln: creating symbolic link `dangle': File exists
/bin/ln: creating symbolic link `symlink': File exists
/bin/rm: cannot remove `dangle': No such file or directory
/bin/rm: cannot remove `symlink': No such file or directory
===================================================
Result: /tests/rm/dangling-symlink [[32mPASS[0m] (Exit 0)
===================================================
Executing: rm/deep-1
Sandbox Path: /tests/rm/deep-1
===================================================
[3i|copy] null terminator not found within max length: cage=3, addr=79b2fc82a710, max_len=256
/bin/rm: cannot remove `t': Permission denied
[3i|copy] null terminator not found within max length: cage=22, addr=79aee48045b0, max_len=256
[3i|copy] null terminator not found within max length: cage=22, addr=79aee48045b0, max_len=256
[3i|copy] null terminator not found within max length: cage=22, addr=79aee48045b0, max_len=256
[3i|copy] null terminator not found within max length: cage=22, addr=79aee48045b0, max_len=256
[3i|copy] null terminator not found within max length: cage=22, addr=79aee48045b0, max_len=256
[3i|copy] null terminator not found within max length: cage=22, addr=79aee48045b0, max_len=256
[3i|copy] null terminator not found within max length: cage=22, addr=79aee48045b0, max_len=256
[3i|copy] null terminator not found within max length: cage=22, addr=79aee48045b0, max_len=256
[3i|copy] null terminator not found within max length: cage=22, addr=79aee48045b0, max_len=256
[3i|copy] null terminator not found within max length: cage=22, addr=79aee48045b0, max_len=256
[3i|copy] null terminator not found within max length: cage=22, addr=79aee48045b0, max_len=256
[3i|copy] null terminator not found within max length: cage=22, addr=79aee48045b0, max_len=256
[3i|copy] null terminator not found within max length: cage=22, addr=79aee48045b0, max_len=256
[3i|copy] null terminator not found within max length: cage=22, addr=79aee48045b0, max_len=256
[3i|copy] null terminator not found within max length: cage=22, addr=79aee48045b0, max_len=256
[3i|copy] null terminator not found within max length: cage=22, addr=79aee48045b0, max_len=256
[3i|copy] null terminator not found within max length: cage=22, addr=79aee48045b0, max_len=256
[3i|copy] null terminator not found within max length: cage=22, addr=79aee48045b0, max_len=256
[3i|copy] null terminator not found within max length: cage=22, addr=79aee48045b0, max_len=256
[3i|copy] null terminator not found within max length: cage=22, addr=79aee48045b0, max_len=256
[3i|copy] null terminator not found within max length: cage=22, addr=79aee48045b0, max_len=256
[3i|copy] null terminator not found within max length: cage=22, addr=79aee48045b0, max_len=256
[3i|copy] null terminator not found within max length: cage=22, addr=79aee48045b0, max_len=256
[3i|copy] null terminator not found within max length: cage=22, addr=79aee48045b0, max_len=256
[3i|copy] null terminator not found within max length: cage=22, addr=79aee48045b0, max_len=256
[3i|copy] null terminator not found within max length: cage=22, addr=79aee48045b0, max_len=256
[3i|copy] null terminator not found within max length: cage=22, addr=79aee48045b0, max_len=256
[3i|copy] null terminator not found within max length: cage=22, addr=79aee48045b0, max_len=256
[3i|copy] null terminator not found within max length: cage=22, addr=79aee48045b0, max_len=256
[3i|copy] null terminator not found within max length: cage=22, addr=79aee48045b0, max_len=256
[3i|copy] null terminator not found within max length: cage=22, addr=79aee48045b0, max_len=256
[3i|copy] null terminator not found within max length: cage=22, addr=79aee48045b0, max_len=256
[3i|copy] null terminator not found within max length: cage=22, addr=79aee48045b0, max_len=256
[3i|copy] null terminator not found within max length: cage=22, addr=79aee48045b0, max_len=256
[3i|copy] null terminator not found within max length: cage=22, addr=79aee48045b0, max_len=256
[3i|copy] null terminator not found within max length: cage=22, addr=79aee48045b0, max_len=256
[3i|copy] null terminator not found within max length: cage=22, addr=79aee48045b0, max_len=256
/bin/chmod: WARNING: Circular directory structure.
This almost certainly means that you have a corrupted file system.
NOTIFY YOUR SYSTEM MANAGER.
The following directory is part of the cycle:
  `/tmp/cu-deep-1.1cfjoebeY4/t/k/k/k/k/k/k/k/k/k/k/k/k/k/k/k/k/k/k/k/k/k/k/k/k/k/k/k/k/k/k/k/k/k/k/k/k/k/k/k/k/k/k/k/k/k/k/k/k/k/k/k/k/k/k/k/k/k/k/k/k/k/k/k/k/k/k/k/k/k/k/k/k/k/k/k/k/k/k/k/k/k/k/k/k/k/k/k/k/k/k/k/k/k/k/k/k/k/k/k/k/k/k/k/k/k/k/k/k/k/k/k/k/k/k/k/cu-deep-1.1cfjoebeY4/cu-deep-1.1cfjoebeY4/cu-deep-1.1cfjoebeY4/cu-deep-1.1cfjoebeY4/cu-deep-1.1cfjoebeY4/cu-deep-1.1cfjoebeY4/cu-deep-1.1cfjoebeY4/cu-deep-1.1cfjoebeY4/cu-deep-1.1cfjoebeY4/cu-deep-1.1cfjoebeY4/cu-deep-1.1cfjoebeY4/cu-deep-1.1cfjoebeY4'

===================================================
Result: [[31mFAIL[0m] (Exit 1)
===================================================
Executing: rm/deep-2
Sandbox Path: /tests/rm/deep-2
===================================================
tests/test-lib.sh: line 53: 9: Bad file descriptor
/tests/rm/deep-2: skipping test: must be run as non-root
===================================================
Result: /tests/rm/deep-2 [[33mSKIP[0m] (Exit 77)
===================================================
Executing: rm/dir-no-w
Sandbox Path: /tests/rm/dir-no-w
===================================================
===================================================
Result: /tests/rm/dir-no-w [[32mPASS[0m] (Exit 0)
===================================================
Executing: rm/dir-nonrecur
Sandbox Path: /tests/rm/dir-nonrecur
===================================================
===================================================
Result: /tests/rm/dir-nonrecur [[32mPASS[0m] (Exit 0)
===================================================
Executing: rm/dot-rel
Sandbox Path: /tests/rm/dot-rel
===================================================
===================================================
Result: /tests/rm/dot-rel [[32mPASS[0m] (Exit 0)
===================================================
Executing: rm/empty-inacc
Sandbox Path: /tests/rm/empty-inacc
===================================================
tests/test-lib.sh: line 53: 9: Bad file descriptor
/tests/rm/empty-inacc: skipping test: must be run as non-root
===================================================
Result: /tests/rm/empty-inacc [[33mSKIP[0m] (Exit 77)
===================================================
Executing: rm/empty-name
Sandbox Path: /tests/rm/empty-name
===================================================
Use of uninitialized value $fname in pattern match (m//) at //lib/perl5/5.40.4/File/Temp.pm line 964.
empty-name: cannot unlink empty-name-1.E.orig: No such file or directory
empty-name: test empty-name-1: stderr mismatch, comparing empty-name-1.E (actual) and empty-name-1.1 (expected)
*** empty-name-1.E	Thu Jan  1 00:00:00 1970
--- empty-name-1.1	Thu Jan  1 00:00:00 1970
***************
*** 1 ****
! rm: cannot remove `': Is a directory
--- 1 ----
! rm: cannot remove `': No such file or directory
empty-name: cannot unlink empty-name-2.E.orig: No such file or directory
empty-name: test empty-name-2: stderr mismatch, comparing empty-name-2.E (actual) and empty-name-2.1 (expected)
*** empty-name-2.E	Thu Jan  1 00:00:00 1970
--- empty-name-2.1	Thu Jan  1 00:00:00 1970
***************
*** 1 ****
! rm: cannot remove `': Is a directory
--- 1 ----
! rm: cannot remove `': No such file or directory
Can't stat /tmp/empty-name.tmp-ln2N: No such file or directory
 at /tests/CuTmpdir.pm line 54.
Use of uninitialized value $abs in string eq at //lib/perl5/5.40.4/File/Temp.pm line 916.
Use of uninitialized value $cwd in string eq at //lib/perl5/5.40.4/File/Temp.pm line 916.
No root path(s) specified
 at //lib/perl5/5.40.4/File/Temp.pm line 932.
===================================================
Result: [[31mFAIL[0m] (Exit 1)
===================================================
Executing: rm/ext3-perf
Sandbox Path: /tests/rm/ext3-perf
===================================================
tests/test-lib.sh: line 53: 9: Bad file descriptor
/tests/rm/ext3-perf: skipping test: very expensive: disabled by default
This test is very expensive, so it is disabled by default.
To run it anyway, rerun make check with the RUN_VERY_EXPENSIVE_TESTS
environment variable set to yes.  E.g.,

  env RUN_VERY_EXPENSIVE_TESTS=yes make check

===================================================
Result: /tests/rm/ext3-perf [[33mSKIP[0m] (Exit 77)
===================================================
Executing: rm/f-1
Sandbox Path: /tests/rm/f-1
===================================================
===================================================
Result: /tests/rm/f-1 [[32mPASS[0m] (Exit 0)
===================================================
Executing: rm/fail-2eperm
Sandbox Path: /tests/rm/fail-2eperm
===================================================
/bin/setuidgid: failed to set supplemental group(s)
--- /tmp/_lind_cmp_a.3	1970-01-01 00:00:00.000000000 +0000
+++ /tmp/_lind_cmp_b.3	1970-01-01 00:00:00.000000000 +0000
@@ -1 +1 @@
-setuidgid: failed to set supplemental group(s)
+rm: cannot remove `a/b': Operation not permitted
===================================================
Result: [[31mFAIL[0m] (Exit 1)
===================================================
Executing: rm/fail-eacces
Sandbox Path: /tests/rm/fail-eacces
===================================================
tests/test-lib.sh: line 53: 9: Bad file descriptor
/tests/rm/fail-eacces: skipping test: must be run as non-root
===================================================
Result: /tests/rm/fail-eacces [[33mSKIP[0m] (Exit 77)
===================================================
Executing: rm/fail-eperm
Sandbox Path: /tests/rm/fail-eperm
===================================================
Use of uninitialized value $fname in pattern match (m//) at //lib/perl5/5.40.4/File/Temp.pm line 964.
"-T" is on the #! line, it must also be used on the command line at /tests/rm/fail-eperm line 1.
Can't stat /tmp/fail-eperm.tmp-V6fL: No such file or directory
 at /tests/CuTmpdir.pm line 54.
Use of uninitialized value $abs in string eq at //lib/perl5/5.40.4/File/Temp.pm line 916.
Use of uninitialized value $cwd in string eq at //lib/perl5/5.40.4/File/Temp.pm line 916.
No root path(s) specified
 at //lib/perl5/5.40.4/File/Temp.pm line 932.
===================================================
Result: [[31mFAIL[0m] (Exit 13)
===================================================
Executing: rm/hash
Sandbox Path: /tests/rm/hash
===================================================
tests/test-lib.sh: line 53: 9: Bad file descriptor
/tests/rm/hash: skipping test: expensive: disabled by default
This test is relatively expensive, so it is disabled by default.
To run it anyway, rerun make check with the RUN_EXPENSIVE_TESTS
environment variable set to yes.  E.g.,

  env RUN_EXPENSIVE_TESTS=yes make check

===================================================
Result: /tests/rm/hash [[33mSKIP[0m] (Exit 77)
===================================================
Executing: rm/i-1
Sandbox Path: /tests/rm/i-1
===================================================
/bin/rm: cannot remove `t': Permission denied
===================================================
Result: /tests/rm/i-1 [[32mPASS[0m] (Exit 0)
===================================================
Executing: rm/i-never
Sandbox Path: /tests/rm/i-never
===================================================
tests/test-lib.sh: line 53: 9: Bad file descriptor
/tests/rm/i-never: skipping test: must be run as non-root
===================================================
Result: /tests/rm/i-never [[33mSKIP[0m] (Exit 77)
===================================================
Executing: rm/i-no-r
Sandbox Path: /tests/rm/i-no-r
===================================================
===================================================
Result: /tests/rm/i-no-r [[32mPASS[0m] (Exit 0)
===================================================
Executing: rm/ignorable
Sandbox Path: /tests/rm/ignorable
===================================================
tests/test-lib.sh: line 53: 9: Bad file descriptor
/tests/rm/ignorable: skipping test: must be run as non-root
===================================================
Result: /tests/rm/ignorable [[33mSKIP[0m] (Exit 77)
===================================================
Executing: rm/inaccessible
Sandbox Path: /tests/rm/inaccessible
===================================================
: /lib/config.h: No such file or directory
tests/test-lib.sh: line 53: 9: Bad file descriptor
/tests/rm/inaccessible: skipping test: this system lacks openat support
===================================================
Result: /tests/rm/inaccessible [[33mSKIP[0m] (Exit 77)
===================================================
Executing: rm/interactive-always
Sandbox Path: /tests/rm/interactive-always
===================================================
--- /tmp/_lind_cmp_a.3	1970-01-01 00:00:00.000000000 +0000
+++ /tmp/_lind_cmp_b.3	1970-01-01 00:00:00.000000000 +0000
@@ -1,11 +1,11 @@
 no WHEN
-rm: remove regular empty file `file1-1'? /bin/rm: remove regular empty file `file1-2'? .
+rm: remove regular empty file `file1-1'? rm: remove regular empty file `file1-2'? .
 WHEN=never
 .
 WHEN=once
 rm: remove all arguments recursively? .
 WHEN=always
-rm: remove regular empty file `file4-1'? /bin/rm: remove regular empty file `file4-2'? .
+rm: remove regular empty file `file4-1'? rm: remove regular empty file `file4-2'? .
 -f overrides --interactive
 .
 --interactive overrides -f
===================================================
Result: [[31mFAIL[0m] (Exit 1)
===================================================
Executing: rm/interactive-once
Sandbox Path: /tests/rm/interactive-once
===================================================
===================================================
Result: /tests/rm/interactive-once [[32mPASS[0m] (Exit 0)
===================================================
Executing: rm/ir-1
Sandbox Path: /tests/rm/ir-1
===================================================
===================================================
Result: [[31mFAIL[0m] (Exit 1)
===================================================
Executing: rm/isatty
Sandbox Path: /tests/rm/isatty
===================================================
tests/test-lib.sh: line 53: 9: Bad file descriptor
/tests/rm/isatty: skipping test: must be run as non-root
===================================================
Result: /tests/rm/isatty [[33mSKIP[0m] (Exit 77)
===================================================
Executing: rm/no-give-up
Sandbox Path: /tests/rm/no-give-up
===================================================
===================================================
Result: [[31mFAIL[0m] (Exit 1)
===================================================
Executing: rm/one-file-system
Sandbox Path: /tests/rm/one-file-system
===================================================
tests/test-lib.sh: line 53: 9: Bad file descriptor
/tests/rm/one-file-system: skipping test: requires a writable directory on a different disk partition,
and I couldn't find one.  I tried these:
   /tmp /dev/shm /var/tmp /usr/tmp 
Set your environment variable CANDIDATE_TMP_DIRS to make
this test use a different list.
/tests/rm/one-file-system: line 33: umount: command not found
/bin/rm: it is dangerous to operate recursively on `' (same as `/')
/bin/rm: use --no-preserve-root to override this failsafe
===================================================
Result: /tests/rm/one-file-system [[33mSKIP[0m] (Exit 77)
===================================================
Executing: rm/one-file-system2
Sandbox Path: /tests/rm/one-file-system2
===================================================
/bin/rm: cannot remove `a': Permission denied
===================================================
Result: [[31mFAIL[0m] (Exit 1)
===================================================
Executing: rm/r-1
Sandbox Path: /tests/rm/r-1
===================================================
===================================================
Result: /tests/rm/r-1 [[32mPASS[0m] (Exit 0)
===================================================
Executing: rm/r-2
Sandbox Path: /tests/rm/r-2
===================================================
===================================================
Result: /tests/rm/r-2 [[32mPASS[0m] (Exit 0)
===================================================
Executing: rm/r-3
Sandbox Path: /tests/rm/r-3
===================================================
===================================================
Result: /tests/rm/r-3 [[32mPASS[0m] (Exit 0)
===================================================
Executing: rm/r-4
Sandbox Path: /tests/rm/r-4
===================================================
===================================================
Result: /tests/rm/r-4 [[32mPASS[0m] (Exit 0)
===================================================
Executing: rm/read-only
Sandbox Path: /tests/rm/read-only
===================================================
/tests/rm/read-only: line 35: mkfs: command not found
tests/test-lib.sh: line 53: 9: Bad file descriptor
/tests/rm/read-only: skipping test: failed to create ext2 file system
/tests/rm/read-only: line 28: umount: command not found
===================================================
Result: /tests/rm/read-only [[33mSKIP[0m] (Exit 77)
===================================================
Executing: rm/readdir-bug
Sandbox Path: /tests/rm/readdir-bug
===================================================
/tests/rm/readdir-bug: line 34: printf: nan: invalid number
===================================================
Result: /tests/rm/readdir-bug [[32mPASS[0m] (Exit 0)
===================================================
Executing: rm/rm1
Sandbox Path: /tests/rm/rm1
===================================================
tests/test-lib.sh: line 53: 9: Bad file descriptor
/tests/rm/rm1: skipping test: must be run as non-root
===================================================
Result: /tests/rm/rm1 [[33mSKIP[0m] (Exit 77)
===================================================
Executing: rm/rm2
Sandbox Path: /tests/rm/rm2
===================================================
tests/test-lib.sh: line 53: 9: Bad file descriptor
/tests/rm/rm2: skipping test: must be run as non-root
===================================================
Result: /tests/rm/rm2 [[33mSKIP[0m] (Exit 77)
===================================================
Executing: rm/rm3
Sandbox Path: /tests/rm/rm3
===================================================
tests/test-lib.sh: line 53: 9: Bad file descriptor
/tests/rm/rm3: skipping test: must be run as non-root
===================================================
Result: /tests/rm/rm3 [[33mSKIP[0m] (Exit 77)
===================================================
Executing: rm/rm4
Sandbox Path: /tests/rm/rm4
===================================================
tests/test-lib.sh: line 53: 9: Bad file descriptor
/tests/rm/rm4: skipping test: must be run as non-root
===================================================
Result: /tests/rm/rm4 [[33mSKIP[0m] (Exit 77)
===================================================
Executing: rm/rm5
Sandbox Path: /tests/rm/rm5
===================================================
tests/test-lib.sh: line 53: 9: Bad file descriptor
/tests/rm/rm5: skipping test: must be run as non-root
===================================================
Result: /tests/rm/rm5 [[33mSKIP[0m] (Exit 77)
===================================================
Executing: rm/sunos-1
Sandbox Path: /tests/rm/sunos-1
===================================================
===================================================
Result: /tests/rm/sunos-1 [[32mPASS[0m] (Exit 0)
===================================================
Executing: rm/unread2
Sandbox Path: /tests/rm/unread2
===================================================
tests/test-lib.sh: line 53: 9: Bad file descriptor
/tests/rm/unread2: skipping test: must be run as non-root
===================================================
Result: /tests/rm/unread2 [[33mSKIP[0m] (Exit 77)
===================================================
Executing: rm/unread3
Sandbox Path: /tests/rm/unread3
===================================================
tests/test-lib.sh: line 53: 9: Bad file descriptor
/tests/rm/unread3: skipping test: must be run as non-root
===================================================
Result: /tests/rm/unread3 [[33mSKIP[0m] (Exit 77)
===================================================
Executing: rm/unreadable
Sandbox Path: /tests/rm/unreadable
===================================================
Use of uninitialized value $fname in pattern match (m//) at //lib/perl5/5.40.4/File/Temp.pm line 964.
unreadable: cannot unlink unreadable-1.E.orig: No such file or directory
unreadable: test unreadable-2 failed: exit status mismatch:  expected 0, got 1
Can't stat /tmp/unreadable.tmp-z5Jf: No such file or directory
 at /tests/CuTmpdir.pm line 54.
Use of uninitialized value $abs in string eq at //lib/perl5/5.40.4/File/Temp.pm line 916.
Use of uninitialized value $cwd in string eq at //lib/perl5/5.40.4/File/Temp.pm line 916.
No root path(s) specified
 at //lib/perl5/5.40.4/File/Temp.pm line 932.
===================================================
Result: [[31mFAIL[0m] (Exit 1)
===================================================
Executing: rm/v-slash
Sandbox Path: /tests/rm/v-slash
===================================================
===================================================
Result: /tests/rm/v-slash [[32mPASS[0m] (Exit 0)
===================================================
Executing: rmdir/fail-perm
Sandbox Path: /tests/rmdir/fail-perm
===================================================
===================================================
Result: /tests/rmdir/fail-perm [[32mPASS[0m] (Exit 0)
===================================================
Executing: rmdir/ignore
Sandbox Path: /tests/rmdir/ignore
===================================================
===================================================
Result: /tests/rmdir/ignore [[32mPASS[0m] (Exit 0)
===================================================
Executing: rmdir/t-slash
Sandbox Path: /tests/rmdir/t-slash
===================================================
===================================================
Result: /tests/rmdir/t-slash [[32mPASS[0m] (Exit 0)
===================================================
Executing: tail-2/F-vs-rename
Sandbox Path: /tests/tail-2/F-vs-rename
===================================================

thread 'lind-fork-3' (784499) panicked at /home/lind/lind-wasm/src/wasmtime/crates/rawposix/src/sys_calls.rs:119:46:
called `Option::unwrap()` on a `None` value
note: run with `RUST_BACKTRACE=1` environment variable to display a backtrace

thread 'lind-fork-3' (784499) panicked at /rustc/82bee965077a631d6fbdee4014f2ec535535aaa3/library/core/src/panicking.rs:225:5:
panic in a function that cannot unwind
stack backtrace:
   0:     0x5ec6f332fdb8 - <unknown>
   1:     0x5ec6f33485ca - <unknown>
   2:     0x5ec6f3335c82 - <unknown>
   3:     0x5ec6f3312ac6 - <unknown>
   4:     0x5ec6f3327491 - <unknown>
   5:     0x5ec6f332770b - <unknown>
   6:     0x5ec6f3312bb4 - <unknown>
   7:     0x5ec6f3309dd9 - <unknown>
   8:     0x5ec6f3313a3d - <unknown>
   9:     0x5ec6f3348b6d - <unknown>
  10:     0x5ec6f3348aeb - <unknown>
  11:     0x5ec6f3348c77 - <unknown>
  12:     0x5ec6f2d1e1f9 - <unknown>
  13:     0x5ec6f327bd89 - <unknown>
  14:     0x5ec6f2c8b632 - <unknown>
  15:     0x5ec6f2c84c52 - <unknown>
  16:     0x7e2c05ae5b11 - <unknown>
  17:     0x7e2c0579ff1e - <unknown>
  18:     0x7e2c054add84 - <unknown>
  19:     0x7e2c05424531 - <unknown>
  20:     0x7e2c05363101 - <unknown>
  21:     0x7e2c054afa88 - <unknown>
  22:     0x7e2c05ad7db1 - <unknown>
  23:     0x7e2c05ae414c - <unknown>
  24:     0x5ec6f2e0b8a5 - <unknown>
  25:     0x5ec6f2c8adb8 - <unknown>
  26:     0x5ec6f2c8dd4b - <unknown>
  27:     0x5ec6f2cebc7a - <unknown>
  28:     0x5ec6f2ceb264 - <unknown>
  29:     0x5ec6f2cc229c - <unknown>
  30:     0x5ec6f2cbef4a - <unknown>
  31:     0x5ec6f327bd07 - <unknown>
  32:     0x5ec6f2c8b632 - <unknown>
  33:     0x5ec6f2c84c52 - <unknown>
  34:     0x7e2995c3c5b7 - <unknown>
  35:     0x7e29958f231e - <unknown>
  36:     0x7e29955d3864 - <unknown>
  37:     0x7e2995490b52 - <unknown>
  38:     0x7e299560fa68 - <unknown>
  39:     0x7e2995c2e8b1 - <unknown>
  40:     0x7e2995c3a9c8 - <unknown>
  41:     0x5ec6f2e0b8a5 - <unknown>
  42:     0x5ec6f2c8adb8 - <unknown>
  43:     0x5ec6f2c8dd4b - <unknown>
  44:     0x5ec6f2cebc7a - <unknown>
  45:     0x5ec6f2ceb264 - <unknown>
  46:     0x5ec6f2cc229c - <unknown>
  47:     0x5ec6f2cbef4a - <unknown>
  48:     0x5ec6f327bd07 - <unknown>
  49:     0x5ec6f2c8b632 - <unknown>
  50:     0x5ec6f2c84c52 - <unknown>
  51:     0x7e2c05ae5b11 - <unknown>
  52:     0x7e2c0579ff1e - <unknown>
  53:     0x7e2c054add84 - <unknown>
  54:     0x7e2c05424531 - <unknown>
  55:     0x7e2c053f9e66 - <unknown>
  56:     0x7e2c054afa88 - <unknown>
  57:     0x7e2c05ad7db1 - <unknown>
  58:     0x7e2c05ae414c - <unknown>
  59:     0x5ec6f2e0b8a5 - <unknown>
  60:     0x5ec6f2c8adb8 - <unknown>
  61:     0x5ec6f2c8dd4b - <unknown>
  62:     0x5ec6f2cebc7a - <unknown>
  63:     0x5ec6f2ceb264 - <unknown>
  64:     0x5ec6f2cc229c - <unknown>
  65:     0x5ec6f2cbef4a - <unknown>
  66:     0x5ec6f327bd07 - <unknown>
  67:     0x5ec6f2c8b632 - <unknown>
  68:     0x5ec6f2c84c52 - <unknown>
  69:     0x7e25692507bd - <unknown>
  70:     0x7e256863df10 - <unknown>
  71:     0x7e2568f05083 - <unknown>
  72:     0x7e2568f0480c - <unknown>
  73:     0x7e2568ce5de8 - <unknown>
  74:     0x7e2569d01024 - <unknown>
  75:     0x7e2569c5271c - <unknown>
  76:     0x7e2569c40d26 - <unknown>
  77:     0x7e2569c3ae5b - <unknown>
  78:     0x7e2569c63eba - <unknown>
  79:     0x7e2569c42368 - <unknown>
  80:     0x7e2569c3ae5b - <unknown>
  81:     0x7e2569b7bbe0 - <unknown>
  82:     0x7e2569b7163e - <unknown>
  83:     0x7e2569b600f8 - <unknown>
  84:     0x7e2569b60569 - <unknown>
  85:     0x7e2569b60c9f - <unknown>
  86:     0x7e256a1f6aec - <unknown>
  87:     0x5ec6f2e0b8a5 - <unknown>
  88:     0x5ec6f2c8a68e - <unknown>
  89:     0x5ec6f2c87c12 - <unknown>
  90:     0x5ec6f2cdfbfb - <unknown>
  91:     0x5ec6f2cc70cf - <unknown>
  92:     0x5ec6f2ce1d0e - <unknown>
  93:     0x5ec6f2cb9593 - <unknown>
  94:     0x5ec6f2cb97f7 - <unknown>
  95:     0x5ec6f2c87a8e - <unknown>
  96:     0x5ec6f2ccb87e - <unknown>
  97:     0x5ec6f2ca0108 - <unknown>
  98:     0x5ec6f332eeaf - <unknown>
  99:     0x7e2c066b3ac3 - <unknown>
 100:     0x7e2c067458d0 - <unknown>
 101:                0x0 - <unknown>
thread caused non-unwinding panic. aborting.
./run_default_tests.sh: line 148: 784462 Aborted                 "${CMD[@]}"
===================================================
Result: [[31mFAIL[0m] (Exit 134)
===================================================
Executing: tail-2/append-only
Sandbox Path: /tests/tail-2/append-only
===================================================
tests/test-lib.sh: line 53: 9: Bad file descriptor
/tests/tail-2/append-only: skipping test: chattr +a doesn't work on this file system
===================================================
Result: /tests/tail-2/append-only [[33mSKIP[0m] (Exit 77)
===================================================
Executing: tail-2/assert
Sandbox Path: /tests/tail-2/assert
===================================================
tests/test-lib.sh: line 53: 9: Bad file descriptor
/tests/tail-2/assert: skipping test: very expensive: disabled by default
This test is very expensive, so it is disabled by default.
To run it anyway, rerun make check with the RUN_VERY_EXPENSIVE_TESTS
environment variable set to yes.  E.g.,

  env RUN_VERY_EXPENSIVE_TESTS=yes make check

===================================================
Result: /tests/tail-2/assert [[33mSKIP[0m] (Exit 77)
===================================================
Executing: tail-2/assert-2
Sandbox Path: /tests/tail-2/assert-2
===================================================
tests/test-lib.sh: line 53: 9: Bad file descriptor
/tests/tail-2/assert-2: skipping test: very expensive: disabled by default
This test is very expensive, so it is disabled by default.
To run it anyway, rerun make check with the RUN_VERY_EXPENSIVE_TESTS
environment variable set to yes.  E.g.,

  env RUN_VERY_EXPENSIVE_TESTS=yes make check

===================================================
Result: /tests/tail-2/assert-2 [[33mSKIP[0m] (Exit 77)
===================================================
Executing: tail-2/big-4gb
Sandbox Path: /tests/tail-2/big-4gb
===================================================
tests/test-lib.sh: line 53: 9: Bad file descriptor
/tests/tail-2/big-4gb: skipping test: expensive: disabled by default
This test is relatively expensive, so it is disabled by default.
To run it anyway, rerun make check with the RUN_EXPENSIVE_TESTS
environment variable set to yes.  E.g.,

  env RUN_EXPENSIVE_TESTS=yes make check

===================================================
Result: /tests/tail-2/big-4gb [[33mSKIP[0m] (Exit 77)
===================================================
Executing: tail-2/flush-initial
Sandbox Path: /tests/tail-2/flush-initial
===================================================
===================================================
Result: /tests/tail-2/flush-initial [[32mPASS[0m] (Exit 0)
===================================================
Executing: tail-2/follow-stdin
Sandbox Path: /tests/tail-2/follow-stdin
===================================================
--- /tmp/_lind_cmp_a.3	1970-01-01 00:00:00.000000000 +0000
+++ /tmp/_lind_cmp_b.3	1970-01-01 00:00:00.000000000 +0000
@@ -0,0 +1 @@
+line
===================================================
Result: [[31mFAIL[0m] (Exit 1)
Test tail-2/infloop-1 is in the skip list. Skipping...
===================================================
Executing: tail-2/inotify-hash-abuse
Sandbox Path: /tests/tail-2/inotify-hash-abuse
===================================================
/tests/tail-2/inotify-hash-abuse: line 28: xargs: command not found
/tests/tail-2/inotify-hash-abuse: failure in testing framework
===================================================
Result: [[31mFAIL[0m] (Exit 1)
===================================================
Executing: tail-2/inotify-hash-abuse2
Sandbox Path: /tests/tail-2/inotify-hash-abuse2
===================================================
Try `/bin/timeout --help' for more information.
/tests/tail-2/inotify-hash-abuse2: line 40: kill: (20) - No such process
tail died via unexpected signal: 208
===================================================
Result: [[31mFAIL[0m] (Exit 1)
===================================================
Executing: tail-2/inotify-race
Sandbox Path: /tests/tail-2/inotify-race
===================================================
tests/test-lib.sh: line 53: 9: Bad file descriptor
/tests/tail-2/inotify-race: skipping test: very expensive: disabled by default
This test is very expensive, so it is disabled by default.
To run it anyway, rerun make check with the RUN_VERY_EXPENSIVE_TESTS
environment variable set to yes.  E.g.,

  env RUN_VERY_EXPENSIVE_TESTS=yes make check

===================================================
Result: /tests/tail-2/inotify-race [[33mSKIP[0m] (Exit 77)
===================================================
Executing: tail-2/inotify-rotate
Sandbox Path: /tests/tail-2/inotify-rotate
===================================================
tests/test-lib.sh: line 53: 9: Bad file descriptor
/tests/tail-2/inotify-rotate: skipping test: expensive: disabled by default
This test is relatively expensive, so it is disabled by default.
To run it anyway, rerun make check with the RUN_EXPENSIVE_TESTS
environment variable set to yes.  E.g.,

  env RUN_EXPENSIVE_TESTS=yes make check

===================================================
Result: /tests/tail-2/inotify-rotate [[33mSKIP[0m] (Exit 77)
===================================================
Executing: tail-2/pid
Sandbox Path: /tests/tail-2/pid
===================================================
/tests/tail-2/pid: Error running getlimits
===================================================
Result: [[31mFAIL[0m] (Exit 1)
===================================================
Executing: tail-2/pipe-f
Sandbox Path: /tests/tail-2/pipe-f
===================================================
Try `/bin/timeout --help' for more information.
--- /tmp/_lind_cmp_a.3	1970-01-01 00:00:00.000000000 +0000
+++ /tmp/_lind_cmp_b.3	1970-01-01 00:00:00.000000000 +0000
@@ -0,0 +1 @@
+oo
===================================================
Result: [[31mFAIL[0m] (Exit 1)
Test tail-2/pipe-f2 is in the skip list. Skipping...
===================================================
Executing: tail-2/proc-ksyms
Sandbox Path: /tests/tail-2/proc-ksyms
===================================================
===================================================
Result: /tests/tail-2/proc-ksyms [[32mPASS[0m] (Exit 0)
===================================================
Executing: tail-2/start-middle
Sandbox Path: /tests/tail-2/start-middle
===================================================
===================================================
Result: /tests/tail-2/start-middle [[32mPASS[0m] (Exit 0)
Test tail-2/tail-n0f is in the skip list. Skipping...
===================================================
Executing: tail-2/wait
Sandbox Path: /tests/tail-2/wait
===================================================
Try `/bin/timeout --help' for more information.
Try `/bin/timeout --help' for more information.
Try `/bin/timeout --help' for more information.
Try `/bin/timeout --help' for more information.
Try `/bin/timeout --help' for more information.
Try `/bin/timeout --help' for more information.
Try `/bin/timeout --help' for more information.
Try `/bin/timeout --help' for more information.
/bin/tail: cannot open `k' for reading: No such file or directory
/bin/mv: cannot stat `k': No such file or directory
===================================================
Result: [[31mFAIL[0m] (Exit 1)
===================================================
Executing: touch/60-seconds
Sandbox Path: /tests/touch/60-seconds
===================================================
--- /tmp/_lind_cmp_a.3	1970-01-01 00:00:00.000000000 +0000
+++ /tmp/_lind_cmp_b.3	1970-01-01 00:00:00.000000000 +0000
@@ -1 +1 @@
-0
+60
===================================================
Result: [[31mFAIL[0m] (Exit 1)
===================================================
Executing: touch/dangling-symlink
Sandbox Path: /tests/touch/dangling-symlink
===================================================
/bin/ln: creating symbolic link `t-symlink': File exists
===================================================
Result: [[31mFAIL[0m] (Exit 1)
===================================================
Executing: touch/dir-1
Sandbox Path: /tests/touch/dir-1
===================================================
===================================================
Result: /tests/touch/dir-1 [[32mPASS[0m] (Exit 0)
===================================================
Executing: touch/empty-file
Sandbox Path: /tests/touch/empty-file
===================================================
sleeping for 2 seconds...
sleeping for 2 seconds...
*** This test has just failed.  That can happen when the test is run in an
*** NFS-mounted directory on a system whose clock is not well synchronized
*** with that of the NFS server.  If you think that is the reason, set the
*** environment variable SLEEP_SECONDS to some number of seconds larger than
*** the default of 2 and rerun the test.
===================================================
Result: [[31mFAIL[0m] (Exit 1)
===================================================
Executing: touch/fail-diag
Sandbox Path: /tests/touch/fail-diag
===================================================
tests/test-lib.sh: line 53: 9: Bad file descriptor
/tests/touch/fail-diag: skipping test: must be run as non-root
===================================================
Result: /tests/touch/fail-diag [[33mSKIP[0m] (Exit 77)
===================================================
Executing: touch/fifo
Sandbox Path: /tests/touch/fifo
===================================================
/bin/mkfifo: cannot create fifo `fifo': Function not implemented
tests/test-lib.sh: line 53: 9: Bad file descriptor
/tests/touch/fifo: skipping test: NOTICE: unable to create test prerequisites
===================================================
Result: /tests/touch/fifo [[33mSKIP[0m] (Exit 77)
===================================================
Executing: touch/no-create-missing
Sandbox Path: /tests/touch/no-create-missing
===================================================
===================================================
Result: /tests/touch/no-create-missing [[32mPASS[0m] (Exit 0)
===================================================
Executing: touch/no-dereference
Sandbox Path: /tests/touch/no-dereference
===================================================
/bin/ln: creating symbolic link `link': File exists
/tests/touch/no-dereference: failure in testing framework
===================================================
Result: [[31mFAIL[0m] (Exit 1)
===================================================
Executing: touch/no-rights
Sandbox Path: /tests/touch/no-rights
===================================================
/tests/touch/no-rights: failure in testing framework
===================================================
Result: [[31mFAIL[0m] (Exit 1)
===================================================
Executing: touch/not-owner
Sandbox Path: /tests/touch/not-owner
===================================================
/bin/env: test: Operation not permitted
/bin/env: test: Operation not permitted
/bin/env: test: Operation not permitted
tests/test-lib.sh: line 53: 9: Bad file descriptor
/tests/touch/not-owner: skipping test: must be run as non-root
===================================================
Result: /tests/touch/not-owner [[33mSKIP[0m] (Exit 77)
===================================================
Executing: touch/now-owned-by-other
Sandbox Path: /tests/touch/now-owned-by-other
===================================================
/bin/setuidgid: failed to set supplemental group(s)
===================================================
Result: [[31mFAIL[0m] (Exit 1)
===================================================
Executing: touch/obsolescent
Sandbox Path: /tests/touch/obsolescent
===================================================
===================================================
Result: /tests/touch/obsolescent [[32mPASS[0m] (Exit 0)
===================================================
Executing: touch/read-only
Sandbox Path: /tests/touch/read-only
===================================================
tests/test-lib.sh: line 53: 9: Bad file descriptor
/tests/touch/read-only: skipping test: must be run as non-root
===================================================
Result: /tests/touch/read-only [[33mSKIP[0m] (Exit 77)
===================================================
Executing: touch/relative
Sandbox Path: /tests/touch/relative
===================================================
--- /tmp/_lind_cmp_a.3	1970-01-01 00:00:00.000000000 +0000
+++ /tmp/_lind_cmp_b.3	1970-01-01 00:00:00.000000000 +0000
@@ -1 +1 @@
-1970-01-01
+2004-01-11
===================================================
Result: [[31mFAIL[0m] (Exit 1)
===================================================
Executing: touch/trailing-slash
Sandbox Path: /tests/touch/trailing-slash
===================================================
/bin/ln: creating symbolic link `dangling': File exists
/tests/touch/trailing-slash: failure in testing framework
===================================================
Result: [[31mFAIL[0m] (Exit 1)
===================================================
                  TEST SUMMARY                     
===================================================
 [[32mPASS[0m] : 101
 [[31mFAIL[0m] : 171
 [[33mSKIP[0m] : 127
===================================================
